# title: The returning thread
# cols: 96
# rows: 96
# seed: 23
# params: half_cycle=48, cycles=1
# source: experiments/returning_thread.py (colors/colorfalls/friend.py)

[38;2;166;80;45m[48;2;165;212;152m▤[0m[38;2;156;106;82m[48;2;143;195;80m▤[0m[38;2;143;195;48m[48;2;81;69;187m▤[0m[38;2;192;91;161m[48;2;148;82;135m▤[0m[38;2;62;170;92m[48;2;126;154;178m▤[0m[38;2;139;136;58m[48;2;198;118;198m▤[0m[38;2;194;109;79m[48;2;116;125;137m▤[0m[38;2;82;76;75m[48;2;194;53;130m▤[0m[38;2;146;146;65m[48;2;162;120;153m▤[0m[38;2;221;120;143m[48;2;94;73;86m▤[0m[38;2;213;142;143m[48;2;90;78;181m▤[0m[38;2;98;203;45m[48;2;59;175;164m▤[0m[38;2;83;98;132m[48;2;31;138;107m▤[0m[38;2;189;78;135m[48;2;46;186;195m▤[0m[38;2;128;55;59m[48;2;123;213;117m▤[0m[38;2;191;153;85m[48;2;105;99;74m▤[0m[38;2;136;137;74m[48;2;176;122;37m▤[0m[38;2;202;170;205m[48;2;116;178;55m▤[0m[38;2;143;134;191m[48;2;170;152;83m▤[0m[38;2;132;72;46m[48;2;112;144;171m▤[0m[38;2;160;97;75m[48;2;148;104;140m▤[0m[38;2;210;191;154m[48;2;49;138;163m▤[0m[38;2;84;117;170m[48;2;130;63;117m▤[0m[38;2;171;189;91m[48;2;179;125;183m▤[0m[38;2;117;176;104m[48;2;116;151;88m▤[0m[38;2;222;194;49m[48;2;207;183;130m▤[0m[38;2;156;203;150m[48;2;163;165;173m▤[0m[38;2;101;187;80m[48;2;180;218;142m▤[0m[38;2;131;83;177m[48;2;114;138;98m▤[0m[38;2;164;74;192m[48;2;94;132;216m▤[0m[38;2;47;55;144m[48;2;81;143;229m▤[0m[38;2;40;164;80m[48;2;130;139;172m▤[0m[38;2;63;88;74m[48;2;160;157;130m▤[0m[38;2;60;99;45m[48;2;123;115;37m▤[0m[38;2;65;90;153m[48;2;194;127;61m▤[0m[38;2;33;70;167m[48;2;57;119;168m▤[0m[38;2;67;97;125m[48;2;101;190;161m▤[0m[38;2;97;208;174m[48;2;115;140;213m▤[0m[38;2;96;188;169m[48;2;146;48;221m▤[0m[38;2;174;199;116m[48;2;102;96;195m▤[0m[38;2;198;176;86m[48;2;54;133;196m▤[0m[38;2;208;99;206m[48;2;147;142;154m▤[0m[38;2;87;144;206m[48;2;93;188;165m▤[0m[38;2;232;29;211m[48;2;74;213;128m▤[0m[38;2;194;30;211m[48;2;56;190;170m▤[0m[38;2;136;41;70m[48;2;163;194;149m▤[0m[38;2;131;112;89m[48;2;71;227;101m▤[0m[38;2;64;188;198m[48;2;81;166;83m▤[0m[38;2;44;144;135m[48;2;152;171;126m▤[0m[38;2;122;200;196m[48;2;143;155;56m▤[0m[38;2;126;110;71m[48;2;88;64;150m▤[0m[38;2;108;93;76m[48;2;92;23;217m▤[0m[38;2;40;136;127m[48;2;195;42;125m▤[0m[38;2;50;103;96m[48;2;134;187;92m▤[0m[38;2;75;118;42m[48;2;181;53;201m▤[0m[38;2;60;39;111m[48;2;103;66;176m▤[0m[38;2;176;22;214m[48;2;77;205;152m▤[0m[38;2;145;30;121m[48;2;98;182;93m▤[0m[38;2;93;87;94m[48;2;80;198;108m▤[0m[38;2;89;133;79m[48;2;110;85;98m▤[0m[38;2;79;180;166m[48;2;49;113;187m▤[0m[38;2;177;87;121m[48;2;79;170;186m▤[0m[38;2;196;106;83m[48;2;103;170;45m▤[0m[38;2;81;107;81m[48;2;55;173;49m▤[0m[38;2;53;210;74m[48;2;86;137;160m▤[0m[38;2;117;205;177m[48;2;141;81;181m▤[0m[38;2;196;83;185m[48;2;166;165;65m▤[0m[38;2;105;74;72m[48;2;61;168;100m▤[0m[38;2;81;166;183m[48;2;80;199;148m▤[0m[38;2;97;144;179m[48;2;112;161;176m▤[0m[38;2;184;126;68m[48;2;158;173;61m▤[0m[38;2;217;205;142m[48;2;55;196;72m▤[0m[38;2;171;118;87m[48;2;53;143;154m▤[0m[38;2;193;115;67m[48;2;136;140;136m▤[0m[38;2;125;115;93m[48;2;235;152;197m▤[0m[38;2;168;157;107m[48;2;196;58;166m▤[0m[38;2;152;85;88m[48;2;83;67;90m▤[0m[38;2;114;76;189m[48;2;145;87;184m▤[0m[38;2;99;93;170m[48;2;157;141;203m▤[0m[38;2;135;185;122m[48;2;59;122;50m▤[0m[38;2;206;196;55m[48;2;83;205;24m▤[0m[38;2;181;210;105m[48;2;95;130;23m▤[0m[38;2;139;133;109m[48;2;171;197;51m▤[0m[38;2;138;133;194m[48;2;204;122;166m▤[0m[38;2;191;114;104m[48;2;119;187;43m▤[0m[38;2;185;80;126m[48;2;123;144;126m▤[0m[38;2;113;110;58m[48;2;154;114;173m▤[0m[38;2;78;93;163m[48;2;102;111;70m▤[0m[38;2;107;44;73m[48;2;47;116;145m▤[0m[38;2;57;49;166m[48;2;147;187;61m▤[0m[38;2;110;123;75m[48;2;87;61;56m▤[0m[38;2;56;130;87m[48;2;80;144;68m▤[0m[38;2;58;183;116m[48;2;220;222;45m▤[0m[38;2;60;105;63m[48;2;155;233;24m▤[0m[38;2;191;143;127m[48;2;65;172;93m▤[0m[38;2;228;177;71m[48;2;119;155;141m▤[0m
[38;2;173;109;68m[48;2;170;205;136m▤[0m[38;2;150;131;80m[48;2;150;180;111m▤[0m[38;2;157;185;66m[48;2;99;93;160m▤[0m[38;2;181;135;129m[48;2;132;109;146m▤[0m[38;2;93;163;92m[48;2;132;145;171m▤[0m[38;2;138;131;67m[48;2;174;127;177m▤[0m[38;2;172;122;77m[48;2;130;110;150m▤[0m[38;2;101;99;86m[48;2;177;70;133m▤[0m[38;2;149;137;81m[48;2;150;108;148m▤[0m[38;2;210;129;144m[48;2;107;86;106m▤[0m[38;2;193;154;133m[48;2;104;95;168m▤[0m[38;2;115;188;69m[48;2;81;158;155m▤[0m[38;2;120;114;133m[48;2;55;151;141m▤[0m[38;2;176;98;118m[48;2;71;185;173m▤[0m[38;2;143;86;67m[48;2;126;201;121m▤[0m[38;2;170;154;76m[48;2;134;132;75m▤[0m[38;2;144;147;91m[48;2;163;144;57m▤[0m[38;2;188;164;195m[48;2;131;165;76m▤[0m[38;2;153;128;178m[48;2;156;148;111m▤[0m[38;2;137;85;75m[48;2;132;136;154m▤[0m[38;2;174;106;100m[48;2;141;124;146m▤[0m[38;2;199;171;160m[48;2;84;128;151m▤[0m[38;2;121;141;160m[48;2;143;89;128m▤[0m[38;2;147;182;114m[48;2;171;127;157m▤[0m[38;2;131;188;97m[48;2;153;165;113m▤[0m[38;2;201;199;72m[48;2;198;177;130m▤[0m[38;2;154;202;139m[48;2;167;177;170m▤[0m[38;2;113;184;113m[48;2;163;203;150m▤[0m[38;2;128;109;167m[48;2;121;142;121m▤[0m[38;2;150;91;172m[48;2;113;133;209m▤[0m[38;2;74;80;149m[48;2;99;155;220m▤[0m[38;2;55;145;102m[48;2;124;158;166m▤[0m[38;2;62;111;73m[48;2;145;150;120m▤[0m[38;2;69;112;64m[48;2;150;124;58m▤[0m[38;2;65;104;153m[48;2;175;125;85m▤[0m[38;2;45;86;168m[48;2;83;142;162m▤[0m[38;2;76;112;138m[48;2;102;176;163m▤[0m[38;2;95;199;166m[48;2;118;130;199m▤[0m[38;2;110;197;157m[48;2;141;64;209m▤[0m[38;2;162;204;126m[48;2;114;90;207m▤[0m[38;2;189;161;122m[48;2;77;121;188m▤[0m[38;2;193;111;202m[48;2;126;147;151m▤[0m[38;2;130;135;198m[48;2;92;181;155m▤[0m[38;2;217;46;206m[48;2;72;203;142m▤[0m[38;2;183;33;200m[48;2;81;186;157m▤[0m[38;2;140;54;103m[48;2;141;193;139m▤[0m[38;2;129;124;104m[48;2;91;219;120m▤[0m[38;2;84;178;175m[48;2;90;177;103m▤[0m[38;2;67;166;149m[48;2;139;177;125m▤[0m[38;2;115;193;170m[48;2;138;147;86m▤[0m[38;2;129;134;96m[48;2;105;70;150m▤[0m[38;2;102;120;99m[48;2;123;34;201m▤[0m[38;2;55;143;126m[48;2;187;62;146m▤[0m[38;2;61;124;104m[48;2;152;152;131m▤[0m[38;2;80;116;75m[48;2;175;77;196m▤[0m[38;2;82;59;134m[48;2;124;101;175m▤[0m[38;2;157;38;198m[48;2;100;195;149m▤[0m[38;2;144;44;144m[48;2;101;195;114m▤[0m[38;2;106;96;116m[48;2;91;190;119m▤[0m[38;2;95;145;109m[48;2;99;109;121m▤[0m[38;2;97;164;158m[48;2;61;120;182m▤[0m[38;2;175;108;120m[48;2;81;161;169m▤[0m[38;2;179;112;87m[48;2;93;168;66m▤[0m[38;2;102;131;89m[48;2;67;166;71m▤[0m[38;2;79;200;105m[48;2;90;139;149m▤[0m[38;2;124;189;181m[48;2;134;103;164m▤[0m[38;2;170;105;179m[48;2;152;153;99m▤[0m[38;2;116;102;110m[48;2;87;168;119m▤[0m[38;2;102;165;175m[48;2;92;195;148m▤[0m[38;2;122;154;169m[48;2;125;178;158m▤[0m[38;2;189;152;102m[48;2;151;187;79m▤[0m[38;2;207;188;130m[48;2;79;194;90m▤[0m[38;2;185;132;102m[48;2;82;160;143m▤[0m[38;2;183;118;85m[48;2;145;149;153m▤[0m[38;2;137;127;105m[48;2;222;147;189m▤[0m[38;2;164;145;113m[48;2;189;79;156m▤[0m[38;2;151;102;117m[48;2;116;76;112m▤[0m[38;2;127;94;173m[48;2;149;101;183m▤[0m[38;2;115;118;158m[48;2;153;141;186m▤[0m[38;2;150;179;113m[48;2;88;143;72m▤[0m[38;2;193;194;74m[48;2;100;187;38m▤[0m[38;2;176;204;107m[48;2;116;145;35m▤[0m[38;2;140;154;132m[48;2;175;174;75m▤[0m[38;2;139;140;174m[48;2;185;141;139m▤[0m[38;2;176;123;127m[48;2;132;182;72m▤[0m[38;2;170;94;127m[48;2;142;152;130m▤[0m[38;2;119;106;90m[48;2;158;125;156m▤[0m[38;2;100;93;145m[48;2;112;121;95m▤[0m[38;2;112;56;106m[48;2;78;128;124m▤[0m[38;2;83;69;150m[48;2;138;160;73m▤[0m[38;2;112;122;103m[48;2;103;97;63m▤[0m[38;2;76;143;107m[48;2;106;156;70m▤[0m[38;2;72;164;116m[48;2;199;211;58m▤[0m[38;2;86;120;94m[48;2;155;224;44m▤[0m[38;2;183;155;117m[48;2;98;177;94m▤[0m[38;2;215;175;88m[48;2;134;164;129m▤[0m
[38;2;177;132;83m[48;2;175;200;130m▤[0m[38;2;153;149;83m[48;2;156;174;125m▤[0m[38;2;165;185;76m[48;2;113;113;150m▤[0m[38;2;176;160;112m[48;2;126;126;151m▤[0m[38;2;115;163;92m[48;2;134;145;167m▤[0m[38;2;140;134;73m[48;2;161;131;169m▤[0m[38;2;160;130;80m[48;2;139;106;156m▤[0m[38;2;116;116;92m[48;2;166;80;139m▤[0m[38;2;153;136;95m[48;2;145;103;146m▤[0m[38;2;201;137;143m[48;2;117;95;121m▤[0m[38;2;184;162;130m[48;2;115;107;161m▤[0m[38;2;131;181;88m[48;2;97;151;156m▤[0m[38;2;142;128;130m[48;2;76;160;157m▤[0m[38;2;173;114;111m[48;2;91;186;165m▤[0m[38;2;152;110;72m[48;2;134;198;123m▤[0m[38;2;161;157;75m[48;2;151;155;81m▤[0m[38;2;150;155;103m[48;2;161;158;72m▤[0m[38;2;180;161;186m[48;2;141;161;94m▤[0m[38;2;159;128;172m[48;2;153;146;127m▤[0m[38;2;147;95;99m[48;2;143;136;150m▤[0m[38;2;182;113;119m[48;2;142;133;148m▤[0m[38;2;197;162;164m[48;2;110;128;147m▤[0m[38;2;142;155;159m[48;2;153;106;133m▤[0m[38;2;141;183;126m[48;2;174;134;146m▤[0m[38;2;139;197;100m[48;2;175;172;126m▤[0m[38;2;187;205;88m[48;2;197;179;136m▤[0m[38;2;155;204;136m[48;2;171;184;169m▤[0m[38;2;122;185;132m[48;2;156;195;157m▤[0m[38;2;129;128;163m[48;2;128;148;140m▤[0m[38;2;143;106;164m[48;2;125;139;205m▤[0m[38;2;91;98;152m[48;2;113;163;214m▤[0m[38;2;67;139;115m[48;2;124;169;164m▤[0m[38;2;66;126;80m[48;2;142;152;118m▤[0m[38;2;73;124;80m[48;2;162;131;75m▤[0m[38;2;68;115;153m[48;2;167;130;102m▤[0m[38;2;56;101;170m[48;2;101;153;159m▤[0m[38;2;81;126;149m[48;2;107;169;166m▤[0m[38;2;98;195;162m[48;2;122;126;192m▤[0m[38;2;118;205;153m[48;2;140;75;205m▤[0m[38;2;157;205;137m[48;2;122;88;211m▤[0m[38;2;183;158;146m[48;2;93;116;186m▤[0m[38;2;188;120;201m[48;2;115;149;151m▤[0m[38;2;157;128;198m[48;2;91;179;151m▤[0m[38;2;208;59;204m[48;2;76;197;148m▤[0m[38;2;179;40;195m[48;2;94;186;151m▤[0m[38;2;144;65;125m[48;2;131;195;137m▤[0m[38;2;131;131;118m[48;2;103;215;131m▤[0m[38;2;98;176;164m[48;2;98;187;119m▤[0m[38;2;84;180;155m[48;2;133;181;129m▤[0m[38;2;115;193;159m[48;2;137;144;108m▤[0m[38;2;128;153;114m[48;2;121;77;153m▤[0m[38;2;102;141;115m[48;2;143;45;194m▤[0m[38;2;67;153;129m[48;2;186;73;163m▤[0m[38;2;70;139;113m[48;2;166;134;158m▤[0m[38;2;86;120;101m[48;2;175;96;196m▤[0m[38;2;97;74;150m[48;2;140;124;177m▤[0m[38;2;148;51;193m[48;2;117;194;152m▤[0m[38;2;144;57;160m[48;2;108;203;129m▤[0m[38;2;115;105;135m[48;2;98;189;131m▤[0m[38;2;103;151;130m[48;2;95;127;139m▤[0m[38;2;112;159;155m[48;2;69;128;180m▤[0m[38;2;172;122;122m[48;2;82;157;161m▤[0m[38;2;172;122;93m[48;2;89;166;83m▤[0m[38;2;117;147;99m[48;2;75;163;87m▤[0m[38;2;99;195;126m[48;2;94;142;144m▤[0m[38;2;130;182;184m[48;2;130;118;157m▤[0m[38;2;158;123;180m[48;2;145;150;122m▤[0m[38;2;125;123;136m[48;2;104;170;133m▤[0m[38;2;119;168;173m[48;2;105;195;151m▤[0m[38;2;141;165;167m[48;2;134;191;149m▤[0m[38;2;193;168;123m[48;2;149;198;94m▤[0m[38;2;206;183;129m[48;2;99;198;102m▤[0m[38;2;193;142;113m[48;2;103;172;142m▤[0m[38;2;181;125;101m[48;2;154;158;163m▤[0m[38;2;148;134;115m[48;2;213;147;185m▤[0m[38;2;163;141;122m[48;2;188;95;155m▤[0m[38;2;154;114;134m[48;2;138;87;129m▤[0m[38;2;137;110;166m[48;2;155;112;181m▤[0m[38;2;130;135;150m[48;2;154;145;177m▤[0m[38;2;160;179;111m[48;2;110;156;88m▤[0m[38;2;188;195;87m[48;2;115;180;50m▤[0m[38;2;174;203;114m[48;2;133;154;48m▤[0m[38;2;143;169;144m[48;2;177;165;87m▤[0m[38;2;141;149;168m[48;2;178;153;127m▤[0m[38;2;166;131;141m[48;2;144;181;92m▤[0m[38;2;161;106;133m[48;2;155;159;133m▤[0m[38;2;126;106;110m[48;2;163;135;149m▤[0m[38;2;115;94;140m[48;2;124;130;109m▤[0m[38;2;120;68;125m[48;2;100;135;115m▤[0m[38;2;102;83;147m[48;2;136;150;81m▤[0m[38;2;116;125;122m[48;2;116;120;70m▤[0m[38;2;91;149;122m[48;2;125;165;74m▤[0m[38;2;86;157;123m[48;2;187;208;67m▤[0m[38;2;105;133;112m[48;2;159;219;59m▤[0m[38;2;180;163;118m[48;2;122;184;96m▤[0m[38;2;208;177;100m[48;2;148;173;123m▤[0m
[38;2;181;150;93m[48;2;180;197;129m▤[0m[38;2;160;164;88m[48;2;162;174;132m▤[0m[38;2;171;190;83m[48;2;124;130;148m▤[0m[38;2;175;177;103m[48;2;126;138;154m▤[0m[38;2;132;167;92m[48;2;136;148;166m▤[0m[38;2;143;141;78m[48;2;155;134;167m▤[0m[38;2;154;137;84m[48;2;145;107;160m▤[0m[38;2;128;128;98m[48;2;160;88;146m▤[0m[38;2;158;139;107m[48;2;144;102;147m▤[0m[38;2;195;145;142m[48;2;126;102;133m▤[0m[38;2;181;168;131m[48;2;124;116;159m▤[0m[38;2;146;179;103m[48;2;110;150;160m▤[0m[38;2;157;141;128m[48;2;94;166;166m▤[0m[38;2;175;128;109m[48;2;107;189;163m▤[0m[38;2;159;128;76m[48;2;143;199;126m▤[0m[38;2;159;162;78m[48;2;162;172;89m▤[0m[38;2;155;162;112m[48;2;164;169;85m▤[0m[38;2;177;160;180m[48;2;149;162;108m▤[0m[38;2;165;130;171m[48;2;154;147;137m▤[0m[38;2;158;104;119m[48;2;151;139;151m▤[0m[38;2;188;120;134m[48;2;147;139;150m▤[0m[38;2;198;159;168m[48;2;130;132;147m▤[0m[38;2;156;165;162m[48;2;162;119;137m▤[0m[38;2;143;188;134m[48;2;181;143;143m▤[0m[38;2;146;204;107m[48;2;189;177;134m▤[0m[38;2;179;211;101m[48;2;199;184;143m▤[0m[38;2;157;208;137m[48;2;175;190;170m▤[0m[38;2;130;189;144m[48;2;155;192;164m▤[0m[38;2;132;143;162m[48;2;135;155;156m▤[0m[38;2;140;119;162m[48;2;134;147;204m▤[0m[38;2;103;112;155m[48;2;124;170;210m▤[0m[38;2;77;139;124m[48;2;127;176;165m▤[0m[38;2;72;137;89m[48;2;144;157;120m▤[0m[38;2;77;135;94m[48;2;167;138;90m▤[0m[38;2;72;125;154m[48;2;165;138;114m▤[0m[38;2;65;115;173m[48;2;115;159;159m▤[0m[38;2;86;138;158m[48;2;113;166;170m▤[0m[38;2;102;195;162m[48;2;127;126;190m▤[0m[38;2;124;211;154m[48;2;141;84;205m▤[0m[38;2;156;206;147m[48;2;128;89;212m▤[0m[38;2;181;160;163m[48;2;104;115;187m▤[0m[38;2;188;127;202m[48;2;110;150;155m▤[0m[38;2;175;124;201m[48;2;92;179;151m▤[0m[38;2;204;69;204m[48;2;82;194;152m▤[0m[38;2;179;49;194m[48;2;102;189;150m▤[0m[38;2;149;75;141m[48;2;128;198;140m▤[0m[38;2;134;136;130m[48;2;111;214;139m▤[0m[38;2;109;178;160m[48;2;106;196;132m▤[0m[38;2;97;190;159m[48;2;131;184;135m▤[0m[38;2;118;197;156m[48;2;139;144;124m▤[0m[38;2;128;169;127m[48;2;134;84;159m▤[0m[38;2;104;158;127m[48;2;158;56;192m▤[0m[38;2;77;163;134m[48;2;189;81;178m▤[0m[38;2;78;150;123m[48;2;178;125;177m▤[0m[38;2;92;126;121m[48;2;179;111;199m▤[0m[38;2;107;86;162m[48;2;153;141;181m▤[0m[38;2;145;63;194m[48;2;130;197;158m▤[0m[38;2;145;70;173m[48;2;115;209;141m▤[0m[38;2;123;113;152m[48;2;104;191;142m▤[0m[38;2;112;154;146m[48;2;95;142;152m▤[0m[38;2;124;159;156m[48;2;76;137;179m▤[0m[38;2;171;133;126m[48;2;84;157;158m▤[0m[38;2;170;133;101m[48;2;88;166;98m▤[0m[38;2;129;158;109m[48;2;81;163;99m▤[0m[38;2;114;193;141m[48;2;98;146;142m▤[0m[38;2;135;181;188m[48;2;129;129;156m▤[0m[38;2;153;138;185m[48;2;142;151;138m▤[0m[38;2;134;140;155m[48;2;117;173;145m▤[0m[38;2;133;173;175m[48;2;117;198;154m▤[0m[38;2;156;176;169m[48;2;142;202;146m▤[0m[38;2;198;179;137m[48;2;151;208;106m▤[0m[38;2;209;183;133m[48;2;116;204;112m▤[0m[38;2;199;150;122m[48;2;120;183;145m▤[0m[38;2;183;133;114m[48;2;163;167;169m▤[0m[38;2;158;139;124m[48;2;209;150;183m▤[0m[38;2;165;142;132m[48;2;191;108;158m▤[0m[38;2;158;125;145m[48;2;155;98;143m▤[0m[38;2;146;124;163m[48;2;162;121;181m▤[0m[38;2;143;148;146m[48;2;158;150;172m▤[0m[38;2;168;182;113m[48;2;127;165;100m▤[0m[38;2;187;198;97m[48;2;129;179;62m▤[0m[38;2;174;205;121m[48;2;147;161;60m▤[0m[38;2;147;180;152m[48;2;179;164;95m▤[0m[38;2;144;158;168m[48;2;177;162;123m▤[0m[38;2;161;138;151m[48;2;155;182;106m▤[0m[38;2;157;115;141m[48;2;165;166;136m▤[0m[38;2;133;109;125m[48;2;168;145;146m▤[0m[38;2;126;97;142m[48;2;136;138;118m▤[0m[38;2;128;79;137m[48;2;117;141;113m▤[0m[38;2;117;94;149m[48;2;138;148;87m▤[0m[38;2;122;130;136m[48;2;128;137;76m▤[0m[38;2;104;153;134m[48;2;139;173;78m▤[0m[38;2;99;156;131m[48;2;182;208;74m▤[0m[38;2;120;144;124m[48;2;164;217;71m▤[0m[38;2;180;170;122m[48;2;140;191;98m▤[0m[38;2;205;182;109m[48;2;161;182;121m▤[0m
[38;2;185;166;101m[48;2;185;197;130m▤[0m[38;2;168;177;93m[48;2;168;177;137m▤[0m[38;2;176;197;88m[48;2;134;144;149m▤[0m[38;2;177;189;99m[48;2;129;147;157m▤[0m[38;2;145;173;92m[48;2;138;152;167m▤[0m[38;2;148;149;83m[48;2;153;137;168m▤[0m[38;2;153;144;89m[48;2;150;110;164m▤[0m[38;2;138;138;103m[48;2;158;95;153m▤[0m[38;2;163;145;116m[48;2;146;104;151m▤[0m[38;2;192;153;143m[48;2;134;109;143m▤[0m[38;2;182;173;134m[48;2;132;124;160m▤[0m[38;2;159;180;114m[48;2;121;152;165m▤[0m[38;2;168;152;127m[48;2;109;172;172m▤[0m[38;2;179;141;109m[48;2;121;194;164m▤[0m[38;2;166;143;81m[48;2;152;203;130m▤[0m[38;2;161;168;83m[48;2;170;185;98m▤[0m[38;2;161;169;120m[48;2;169;178;96m▤[0m[38;2;177;162;176m[48;2;157;166;119m▤[0m[38;2;171;134;172m[48;2;158;151;145m▤[0m[38;2;169;113;136m[48;2;158;144;155m▤[0m[38;2;194;127;147m[48;2;154;144;153m▤[0m[38;2;201;160;173m[48;2;146;137;149m▤[0m[38;2;167;174;167m[48;2;171;131;141m▤[0m[38;2;149;194;141m[48;2;190;152;144m▤[0m[38;2;152;211;115m[48;2;200;182;141m▤[0m[38;2;175;218;112m[48;2;203;191;151m▤[0m[38;2;159;214;141m[48;2;180;195;173m▤[0m[38;2;137;194;153m[48;2;158;192;172m▤[0m[38;2;136;156;164m[48;2;143;162;170m▤[0m[38;2;140;131;164m[48;2;141;156;205m▤[0m[38;2;112;124;158m[48;2;133;177;208m▤[0m[38;2;86;143;131m[48;2;133;182;168m▤[0m[38;2;78;146;100m[48;2;149;164;125m▤[0m[38;2;80;144;107m[48;2;171;146;102m▤[0m[38;2;76;135;156m[48;2;166;146;124m▤[0m[38;2;73;128;176m[48;2;127;164;161m▤[0m[38;2;90;150;166m[48;2;121;165;174m▤[0m[38;2;107;198;165m[48;2;132;128;192m▤[0m[38;2;129;216;158m[48;2;144;91;207m▤[0m[38;2;158;208;157m[48;2;134;92;213m▤[0m[38;2;182;165;176m[48;2;113;117;190m▤[0m[38;2;191;134;205m[48;2;109;152;160m▤[0m[38;2;188;122;206m[48;2;94;180;154m▤[0m[38;2;204;77;207m[48;2;88;194;155m▤[0m[38;2;182;59;196m[48;2;107;194;152m▤[0m[38;2;155;85;154m[48;2;127;203;145m▤[0m[38;2;139;141;141m[48;2;117;216;146m▤[0m[38;2;118;182;160m[48;2;113;203;143m▤[0m[38;2;108;199;162m[48;2;133;188;143m▤[0m[38;2;122;203;157m[48;2;142;147;138m▤[0m[38;2;128;183;138m[48;2;146;92;166m▤[0m[38;2;108;173;137m[48;2;169;66;194m▤[0m[38;2;85;173;141m[48;2;194;87;190m▤[0m[38;2;86;159;134m[48;2;188;122;192m▤[0m[38;2;99;133;138m[48;2;185;123;204m▤[0m[38;2;116;96;173m[48;2;164;154;187m▤[0m[38;2;145;74;198m[48;2;141;202;165m▤[0m[38;2;147;81;184m[48;2;123;214;152m▤[0m[38;2;130;120;166m[48;2;109;195;153m▤[0m[38;2;121;157;159m[48;2;97;155;163m▤[0m[38;2;135;162;159m[48;2;82;146;180m▤[0m[38;2;172;143;131m[48;2;86;159;158m▤[0m[38;2;171;144;110m[48;2;89;168;111m▤[0m[38;2;140;167;119m[48;2;87;165;110m▤[0m[38;2;127;194;153m[48;2;102;151;143m▤[0m[38;2;141;183;192m[48;2;129;139;158m▤[0m[38;2;153;152;191m[48;2;142;155;150m▤[0m[38;2;142;154;170m[48;2;127;178;155m▤[0m[38;2;145;180;180m[48;2;128;203;158m▤[0m[38;2;169;186;173m[48;2;149;212;147m▤[0m[38;2;204;189;148m[48;2;155;217;117m▤[0m[38;2;214;186;139m[48;2;131;211;121m▤[0m[38;2;205;158;130m[48;2;135;193;150m▤[0m[38;2;188;142;125m[48;2;172;175;174m▤[0m[38;2;167;145;133m[48;2;208;154;184m▤[0m[38;2;169;145;141m[48;2;196;119;164m▤[0m[38;2;164;135;153m[48;2;169;109;155m▤[0m[38;2;155;137;163m[48;2;169;129;182m▤[0m[38;2;155;159;145m[48;2;164;156;170m▤[0m[38;2;175;187;117m[48;2;141;172;110m▤[0m[38;2;188;203;106m[48;2;142;181;73m▤[0m[38;2;176;209;129m[48;2;158;168;71m▤[0m[38;2;152;189;158m[48;2;182;167;101m▤[0m[38;2;148;167;171m[48;2;180;170;123m▤[0m[38;2;159;146;160m[48;2;166;185;117m▤[0m[38;2;156;124;149m[48;2;174;173;139m▤[0m[38;2;140;113;137m[48;2;174;154;146m▤[0m[38;2;135;101;147m[48;2;147;146;125m▤[0m[38;2;136;89;147m[48;2;131;147;114m▤[0m[38;2;129;103;154m[48;2;143;151;92m▤[0m[38;2;129;135;147m[48;2;139;150;82m▤[0m[38;2;115;156;145m[48;2;151;181;82m▤[0m[38;2;111;159;140m[48;2;181;211;80m▤[0m[38;2;133;155;134m[48;2;171;218;80m▤[0m[38;2;182;177;128m[48;2;156;199;101m▤[0m[38;2;204;188;117m[48;2;173;191;121m▤[0m
[38;2;190;180;108m[48;2;190;200;133m▤[0m[38;2;177;189;99m[48;2;174;182;142m▤[0m[38;2;182;205;93m[48;2;143;156;152m▤[0m[38;2;180;199;98m[48;2;134;156;161m▤[0m[38;2;156;181;93m[48;2;141;157;169m▤[0m[38;2;154;158;88m[48;2;153;141;171m▤[0m[38;2;155;151;94m[48;2;154;115;168m▤[0m[38;2;148;147;109m[48;2;159;101;159m▤[0m[38;2;169;152;124m[48;2;150;107;156m▤[0m[38;2;192;161;145m[48;2;141;115;151m▤[0m[38;2;186;179;138m[48;2;140;131;164m▤[0m[38;2;171;183;123m[48;2;131;157;171m▤[0m[38;2;178;163;128m[48;2;123;179;177m▤[0m[38;2;184;153;111m[48;2;134;200;166m▤[0m[38;2;173;156;87m[48;2;161;208;135m▤[0m[38;2;166;174;90m[48;2;177;196;107m▤[0m[38;2;167;175;126m[48;2;175;187;107m▤[0m[38;2;180;165;174m[48;2;165;172;129m▤[0m[38;2;178;139;175m[48;2;164;156;152m▤[0m[38;2;180;122;150m[48;2;165;150;160m▤[0m[38;2;200;134;158m[48;2;162;149;157m▤[0m[38;2;205;163;178m[48;2;160;144;152m▤[0m[38;2;176;182;172m[48;2;181;142;146m▤[0m[38;2;157;202;148m[48;2;199;161;147m▤[0m[38;2;158;219;124m[48;2;210;188;148m▤[0m[38;2;174;226;122m[48;2;208;198;159m▤[0m[38;2;162;221;146m[48;2;186;201;177m▤[0m[38;2;144;201;160m[48;2;164;195;180m▤[0m[38;2;141;167;168m[48;2;151;170;182m▤[0m[38;2;142;143;168m[48;2;148;166;208m▤[0m[38;2;119;135;161m[48;2;141;183;208m▤[0m[38;2;94;149;137m[48;2;140;188;172m▤[0m[38;2;84;154;111m[48;2;155;171;132m▤[0m[38;2;84;153;118m[48;2;174;154;114m▤[0m[38;2;80;144;159m[48;2;169;154;133m▤[0m[38;2;80;140;179m[48;2;137;168;165m▤[0m[38;2;95;161;173m[48;2;129;165;180m▤[0m[38;2;112;202;170m[48;2;138;131;196m▤[0m[38;2;134;221;164m[48;2;147;98;211m▤[0m[38;2;161;211;167m[48;2;139;97;216m▤[0m[38;2;185;172;187m[48;2;120;120;194m▤[0m[38;2;196;141;210m[48;2;111;154;167m▤[0m[38;2;198;123;212m[48;2;98;182;159m▤[0m[38;2;206;85;212m[48;2;94;197;159m▤[0m[38;2;187;69;199m[48;2;112;200;155m▤[0m[38;2;162;94;165m[48;2;128;209;151m▤[0m[38;2;145;146;151m[48;2;123;220;153m▤[0m[38;2;126;187;163m[48;2;120;210;152m▤[0m[38;2;118;207;166m[48;2;136;192;151m▤[0m[38;2;127;211;161m[48;2;147;151;150m▤[0m[38;2;130;196;148m[48;2;157;100;174m▤[0m[38;2;112;186;146m[48;2;179;76;199m▤[0m[38;2;93;182;148m[48;2;200;93;201m▤[0m[38;2;93;167;145m[48;2;197;123;205m▤[0m[38;2;105;140;152m[48;2;192;134;210m▤[0m[38;2;123;105;183m[48;2;173;166;194m▤[0m[38;2;147;85;204m[48;2;151;207;173m▤[0m[38;2;150;92;195m[48;2;131;219;162m▤[0m[38;2;137;127;179m[48;2;115;201;163m▤[0m[38;2;130;160;170m[48;2;100;166;173m▤[0m[38;2;144;166;163m[48;2;87;155;183m▤[0m[38;2;174;153;137m[48;2;89;163;161m▤[0m[38;2;174;155;119m[48;2;91;171;122m▤[0m[38;2;150;176;129m[48;2;92;168;120m▤[0m[38;2;138;196;163m[48;2;107;157;146m▤[0m[38;2;147;187;197m[48;2;131;148;161m▤[0m[38;2;156;164;198m[48;2;144;161;160m▤[0m[38;2;151;167;183m[48;2;136;184;163m▤[0m[38;2;157;188;186m[48;2;139;209;163m▤[0m[38;2;181;195;178m[48;2;156;221;150m▤[0m[38;2;210;198;158m[48;2;160;226;127m▤[0m[38;2;220;191;147m[48;2;144;219;130m▤[0m[38;2;211;166;138m[48;2;149;202;156m▤[0m[38;2;194;151;135m[48;2;181;183;179m▤[0m[38;2;176;151;142m[48;2;210;160;187m▤[0m[38;2;174;150;150m[48;2;202;129;171m▤[0m[38;2;170;144;160m[48;2;181;120;166m▤[0m[38;2;164;148;165m[48;2;177;137;184m▤[0m[38;2;166;169;147m[48;2;171;162;171m▤[0m[38;2;182;194;122m[48;2;154;179;119m▤[0m[38;2;191;209;115m[48;2;154;185;84m▤[0m[38;2;179;214;136m[48;2;168;175;81m▤[0m[38;2;158;198;164m[48;2;187;173;106m▤[0m[38;2;153;176;176m[48;2;185;178;125m▤[0m[38;2;160;154;168m[48;2;176;189;126m▤[0m[38;2;158;132;157m[48;2;182;180;143m▤[0m[38;2;147;118;148m[48;2;180;163;148m▤[0m[38;2;144;106;154m[48;2;158;154;131m▤[0m[38;2;144;98;156m[48;2;143;154;117m▤[0m[38;2;139;112;161m[48;2;149;157;97m▤[0m[38;2;136;140;157m[48;2;149;162;88m▤[0m[38;2;125;160;154m[48;2;161;189;87m▤[0m[38;2;123;164;149m[48;2;183;215;86m▤[0m[38;2;144;165;142m[48;2;178;221;88m▤[0m[38;2;185;184;135m[48;2;170;207;105m▤[0m[38;2;205;195;124m[48;2;183;200;123m▤[0m
[38;2;196;192;115m[48;2;196;204;136m▤[0m[38;2;186;201;105m[48;2;181;188;147m▤[0m[38;2;188;213;98m[48;2;152;167;157m▤[0m[38;2;185;208;99m[48;2;141;164;166m▤[0m[38;2;166;189;95m[48;2;146;162;173m▤[0m[38;2;161;167;93m[48;2;155;145;175m▤[0m[38;2;160;159;99m[48;2;158;121;173m▤[0m[38;2;157;155;115m[48;2;161;108;166m▤[0m[38;2;175;159;131m[48;2;155;112;162m▤[0m[38;2;194;169;148m[48;2;149;121;159m▤[0m[38;2;191;185;143m[48;2;147;138;169m▤[0m[38;2;182;188;131m[48;2;141;163;177m▤[0m[38;2;187;173;130m[48;2;135;186;182m▤[0m[38;2;190;164;114m[48;2;146;206;170m▤[0m[38;2;180;168;93m[48;2;169;215;141m▤[0m[38;2;172;181;97m[48;2;184;206;116m▤[0m[38;2;174;181;132m[48;2;182;195;117m▤[0m[38;2;184;169;174m[48;2;173;179;137m▤[0m[38;2;185;145;179m[48;2;171;163;158m▤[0m[38;2;190;131;162m[48;2;172;156;165m▤[0m[38;2;207;142;169m[48;2;171;155;162m▤[0m[38;2;210;168;184m[48;2;172;151;157m▤[0m[38;2;185;190;178m[48;2;191;152;151m▤[0m[38;2;165;210;155m[48;2;208;170;152m▤[0m[38;2;165;227;133m[48;2;219;194;155m▤[0m[38;2;176;234;132m[48;2;214;205;166m▤[0m[38;2;167;228;152m[48;2;193;207;183m▤[0m[38;2;151;209;166m[48;2;171;199;188m▤[0m[38;2;147;178;173m[48;2;159;179;193m▤[0m[38;2;145;154;173m[48;2;155;176;212m▤[0m[38;2;125;146;165m[48;2;149;190;210m▤[0m[38;2;102;156;143m[48;2;148;194;177m▤[0m[38;2;90;162;121m[48;2;162;179;140m▤[0m[38;2;88;161;129m[48;2;178;163;125m▤[0m[38;2;85;153;164m[48;2;173;163;141m▤[0m[38;2;86;152;183m[48;2;147;173;170m▤[0m[38;2;100;172;180m[48;2;137;167;186m▤[0m[38;2;118;208;176m[48;2;144;136;202m▤[0m[38;2;140;226;172m[48;2;151;106;216m▤[0m[38;2;166;215;177m[48;2;144;103;219m▤[0m[38;2;189;179;197m[48;2;127;124;199m▤[0m[38;2;202;148;216m[48;2;114;157;174m▤[0m[38;2;207;126;219m[48;2;102;185;165m▤[0m[38;2;210;92;218m[48;2;101;201;164m▤[0m[38;2;193;79;204m[48;2;117;207;160m▤[0m[38;2;169;103;176m[48;2;131;216;158m▤[0m[38;2;151;152;161m[48;2;129;225;160m▤[0m[38;2;134;193;167m[48;2;127;217;160m▤[0m[38;2;127;215;171m[48;2;141;197;160m▤[0m[38;2;132;219;166m[48;2;153;156;161m▤[0m[38;2;133;208;157m[48;2;167;108;182m▤[0m[38;2;117;198;155m[48;2;189;85;205m▤[0m[38;2;100;191;156m[48;2;207;99;212m▤[0m[38;2;100;175;155m[48;2;206;126;216m▤[0m[38;2;112;147;165m[48;2;200;144;217m▤[0m[38;2;130;114;192m[48;2;182;176;202m▤[0m[38;2;150;95;211m[48;2;160;213;182m▤[0m[38;2;154;102;205m[48;2;139;225;172m▤[0m[38;2;144;134;191m[48;2;121;208;173m▤[0m[38;2;139;164;180m[48;2;105;177;182m▤[0m[38;2;153;171;169m[48;2;92;164;187m▤[0m[38;2;177;163;144m[48;2;92;169;165m▤[0m[38;2;178;166;129m[48;2;94;175;133m▤[0m[38;2;159;184;140m[48;2;97;173;130m▤[0m[38;2;148;200;172m[48;2;112;163;151m▤[0m[38;2;154;193;203m[48;2;134;157;166m▤[0m[38;2;161;176;206m[48;2;147;168;169m▤[0m[38;2;160;179;195m[48;2;144;191;171m▤[0m[38;2;168;196;193m[48;2;149;216;169m▤[0m[38;2;191;204;185m[48;2;163;230;155m▤[0m[38;2;217;206;167m[48;2;166;235;136m▤[0m[38;2;226;197;155m[48;2;156;228;139m▤[0m[38;2;218;175;147m[48;2;162;211;162m▤[0m[38;2;202;160;144m[48;2;189;191;184m▤[0m[38;2;185;158;150m[48;2;214;167;191m▤[0m[38;2;181;156;158m[48;2;209;139;179m▤[0m[38;2;177;153;167m[48;2;192;131;176m▤[0m[38;2;173;159;168m[48;2;186;146;187m▤[0m[38;2;176;178;150m[48;2;179;169;173m▤[0m[38;2;189;201;128m[48;2;166;185;127m▤[0m[38;2;195;216;124m[48;2;165;190;94m▤[0m[38;2;184;220;144m[48;2;178;182;90m▤[0m[38;2;165;206;170m[48;2;193;180;111m▤[0m[38;2;159;185;181m[48;2;192;186;128m▤[0m[38;2;163;162;176m[48;2;186;194;134m▤[0m[38;2;161;140;166m[48;2;190;187;148m▤[0m[38;2;154;124;158m[48;2;187;172;151m▤[0m[38;2;152;112;161m[48;2;168;163;136m▤[0m[38;2;152;106;164m[48;2;154;161;121m▤[0m[38;2;148;120;168m[48;2;157;164;103m▤[0m[38;2;144;146;166m[48;2;159;172;94m▤[0m[38;2;135;165;163m[48;2;170;197;92m▤[0m[38;2;134;170;158m[48;2;188;220;92m▤[0m[38;2;154;174;150m[48;2;186;226;95m▤[0m[38;2;190;191;142m[48;2;182;215;110m▤[0m[38;2;208;202;131m[48;2;193;209;126m▤[0m
[38;2;203;204;121m[48;2;202;210;140m▤[0m[38;2;195;212;111m[48;2;188;195;152m▤[0m[38;2;195;222;103m[48;2;161;177;162m▤[0m[38;2;191;217;101m[48;2;148;172;171m▤[0m[38;2;175;198;98m[48;2;151;167;178m▤[0m[38;2;168;177;98m[48;2;159;150;180m▤[0m[38;2;166;167;105m[48;2;163;127;179m▤[0m[38;2;166;164;121m[48;2;165;115;173m▤[0m[38;2;182;167;137m[48;2;161;118;169m▤[0m[38;2;198;177;152m[48;2;156;128;167m▤[0m[38;2;198;191;148m[48;2;155;145;176m▤[0m[38;2;192;194;138m[48;2;150;169;184m▤[0m[38;2;196;183;133m[48;2;147;193;187m▤[0m[38;2;197;175;117m[48;2;157;213;175m▤[0m[38;2;188;179;100m[48;2;178;222;148m▤[0m[38;2;180;189;105m[48;2;191;216;126m▤[0m[38;2;181;188;138m[48;2;190;204;126m▤[0m[38;2;190;174;176m[48;2;182;187;145m▤[0m[38;2;193;152;184m[48;2;179;171;164m▤[0m[38;2;200;140;174m[48;2;180;163;171m▤[0m[38;2;214;150;179m[48;2;180;161;168m▤[0m[38;2;215;175;190m[48;2;184;159;162m▤[0m[38;2;194;198;184m[48;2;201;162;157m▤[0m[38;2;174;219;162m[48;2;218;179;158m▤[0m[38;2;172;235;142m[48;2;227;201;162m▤[0m[38;2;179;242;141m[48;2;221;212;174m▤[0m[38;2;172;236;158m[48;2;201;214;189m▤[0m[38;2;158;217;172m[48;2;179;205;196m▤[0m[38;2;153;188;179m[48;2;167;189;203m▤[0m[38;2;149;165;179m[48;2;162;186;218m▤[0m[38;2;131;157;170m[48;2;157;197;213m▤[0m[38;2;109;164;150m[48;2;156;200;183m▤[0m[38;2;96;169;131m[48;2;169;187;149m▤[0m[38;2;92;169;139m[48;2;183;173;135m▤[0m[38;2;90;163;169m[48;2;178;172;150m▤[0m[38;2;92;163;188m[48;2;156;178;176m▤[0m[38;2;105;183;187m[48;2;146;170;193m▤[0m[38;2;124;215;183m[48;2;150;141;209m▤[0m[38;2;146;231;180m[48;2;156;113;222m▤[0m[38;2;172;220;187m[48;2;149;110;224m▤[0m[38;2;194;186;206m[48;2;133;130;205m▤[0m[38;2;209;155;223m[48;2;119;161;182m▤[0m[38;2;215;130;227m[48;2;107;189;172m▤[0m[38;2;216;99;225m[48;2;107;206;169m▤[0m[38;2;199;88;211m[48;2;122;215;166m▤[0m[38;2;176;112;186m[48;2;134;224;165m▤[0m[38;2;158;158;171m[48;2;134;231;167m▤[0m[38;2;142;199;173m[48;2;134;224;168m▤[0m[38;2;135;223;176m[48;2;147;203;169m▤[0m[38;2;137;228;172m[48;2;160;162;172m▤[0m[38;2;136;219;165m[48;2;176;116;191m▤[0m[38;2;122;209;164m[48;2;198;94;212m▤[0m[38;2;107;200;164m[48;2;215;105;222m▤[0m[38;2;107;183;165m[48;2;215;131;226m▤[0m[38;2;119;155;177m[48;2;208;153;225m▤[0m[38;2;136;123;201m[48;2;191;186;210m▤[0m[38;2;154;105;218m[48;2;169;220;192m▤[0m[38;2;158;112;215m[48;2;147;231;182m▤[0m[38;2;151;141;202m[48;2;127;216;183m▤[0m[38;2;148;169;190m[48;2;110;188;190m▤[0m[38;2;161;177;176m[48;2;98;174;191m▤[0m[38;2;182;172;152m[48;2;96;176;171m▤[0m[38;2;183;176;139m[48;2;98;180;143m▤[0m[38;2;168;192;150m[48;2;102;178;139m▤[0m[38;2;158;205;181m[48;2;117;170;157m▤[0m[38;2;161;200;209m[48;2;138;166;172m▤[0m[38;2;167;187;214m[48;2;151;177;177m▤[0m[38;2;169;190;206m[48;2;152;199;179m▤[0m[38;2;179;205;201m[48;2;158;224;175m▤[0m[38;2;201;213;192m[48;2;170;239;161m▤[0m[38;2;225;214;176m[48;2;173;244;145m▤[0m[38;2;233;204;163m[48;2;167;237;148m▤[0m[38;2;226;184;155m[48;2;174;221;169m▤[0m[38;2;210;169;153m[48;2;198;200;190m▤[0m[38;2;194;165;158m[48;2;219;175;196m▤[0m[38;2;189;163;166m[48;2;216;149;187m▤[0m[38;2;185;162;174m[48;2;203;141;185m▤[0m[38;2;182;169;172m[48;2;195;154;191m▤[0m[38;2;186;188;155m[48;2;187;176;176m▤[0m[38;2;196;209;135m[48;2;177;192;135m▤[0m[38;2;200;224;133m[48;2;176;196;104m▤[0m[38;2;190;227;152m[48;2;188;190;99m▤[0m[38;2;172;215;176m[48;2;200;188;116m▤[0m[38;2;165;194;187m[48;2;200;194;132m▤[0m[38;2;167;170;184m[48;2;196;200;141m▤[0m[38;2;166;148;175m[48;2;198;194;153m▤[0m[38;2;161;131;168m[48;2;194;181;155m▤[0m[38;2;160;118;169m[48;2;178;172;142m▤[0m[38;2;160;114;172m[48;2;165;169;126m▤[0m[38;2;156;128;176m[48;2;165;172;109m▤[0m[38;2;152;152;175m[48;2;168;182;99m▤[0m[38;2;144;170;172m[48;2;179;205;97m▤[0m[38;2;145;177;166m[48;2;194;227;97m▤[0m[38;2;164;183;158m[48;2;195;233;102m▤[0m[38;2;196;199;149m[48;2;194;224;115m▤[0m[38;2;213;210;138m[48;2;203;218;130m▤[0m
[38;2;211;215;127m[48;2;209;217;145m▤[0m[38;2;204;223;116m[48;2;195;203;157m▤[0m[38;2;203;231;108m[48;2;170;187;168m▤[0m[38;2;198;226;104m[48;2;156;180;177m▤[0m[38;2;184;207;102m[48;2;157;173;184m▤[0m[38;2;176;187;103m[48;2;164;156;186m▤[0m[38;2;173;176;111m[48;2;168;134;185m▤[0m[38;2;175;173;127m[48;2;170;122;180m▤[0m[38;2;189;176;143m[48;2;167;124;176m▤[0m[38;2;204;186;156m[48;2;164;135;176m▤[0m[38;2;205;198;154m[48;2;163;152;183m▤[0m[38;2;202;201;145m[48;2;159;176;191m▤[0m[38;2;205;193;137m[48;2;158;201;193m▤[0m[38;2;205;186;121m[48;2;168;221;180m▤[0m[38;2;196;189;107m[48;2;187;230;155m▤[0m[38;2;188;197;113m[48;2;199;225;135m▤[0m[38;2;189;195;144m[48;2;198;213;135m▤[0m[38;2;197;180;179m[48;2;191;195;153m▤[0m[38;2;202;160;190m[48;2;188;179;170m▤[0m[38;2;210;149;185m[48;2;188;171;177m▤[0m[38;2;222;158;189m[48;2;189;168;174m▤[0m[38;2;222;182;197m[48;2;195;167;168m▤[0m[38;2;203;206;190m[48;2;211;172;164m▤[0m[38;2;184;228;170m[48;2;227;188;165m▤[0m[38;2;180;244;152m[48;2;235;209;170m▤[0m[38;2;184;251;150m[48;2;229;220;182m▤[0m[38;2;178;245;165m[48;2;209;221;196m▤[0m[38;2;166;226;179m[48;2;188;213;205m▤[0m[38;2;160;198;186m[48;2;175;199;213m▤[0m[38;2;154;176;185m[48;2;170;196;224m▤[0m[38;2;137;167;176m[48;2;165;205;218m▤[0m[38;2;116;172;157m[48;2;165;207;190m▤[0m[38;2;102;177;141m[48;2;176;195;158m▤[0m[38;2;97;177;149m[48;2;188;183;145m▤[0m[38;2;95;173;175m[48;2;183;181;158m▤[0m[38;2;98;174;193m[48;2;165;184;182m▤[0m[38;2;111;193;195m[48;2;155;174;200m▤[0m[38;2;130;222;191m[48;2;157;147;216m▤[0m[38;2;153;237;189m[48;2;161;121;229m▤[0m[38;2;178;226;197m[48;2;154;117;230m▤[0m[38;2;201;194;215m[48;2;139;136;212m▤[0m[38;2;216;162;231m[48;2;124;166;191m▤[0m[38;2;223;135;236m[48;2;113;194;179m▤[0m[38;2;223;107;233m[48;2;114;212;175m▤[0m[38;2;206;98;219m[48;2;127;223;173m▤[0m[38;2;184;121;196m[48;2;138;232;172m▤[0m[38;2;165;165;181m[48;2;140;238;175m▤[0m[38;2;150;206;180m[48;2;141;231;176m▤[0m[38;2;143;231;182m[48;2;154;209;178m▤[0m[38;2;143;237;179m[48;2;168;168;183m▤[0m[38;2;140;230;174m[48;2;185;125;200m▤[0m[38;2;127;220;172m[48;2;207;103;221m▤[0m[38;2;114;209;173m[48;2;223;112;232m▤[0m[38;2;114;191;176m[48;2;224;137;236m▤[0m[38;2;125;163;188m[48;2;217;162;234m▤[0m[38;2;142;132;210m[48;2;200;195;219m▤[0m[38;2;158;115;226m[48;2;178;227;202m▤[0m[38;2;163;121;225m[48;2;155;238;192m▤[0m[38;2;158;148;213m[48;2;133;224;193m▤[0m[38;2;157;174;200m[48;2;115;199;198m▤[0m[38;2;170;183;183m[48;2;103;184;197m▤[0m[38;2;187;181;161m[48;2;100;184;177m▤[0m[38;2;189;186;149m[48;2;102;186;153m▤[0m[38;2;177;200;160m[48;2;108;184;149m▤[0m[38;2;168;211;190m[48;2;123;178;164m▤[0m[38;2;169;208;216m[48;2;143;175;178m▤[0m[38;2;174;198;222m[48;2;156;186;185m▤[0m[38;2;178;201;216m[48;2;160;208;187m▤[0m[38;2;190;214;210m[48;2;167;232;182m▤[0m[38;2;211;222;200m[48;2;177;248;168m▤[0m[38;2;233;222;185m[48;2;181;254;154m▤[0m[38;2;241;212;172m[48;2;178;247;157m▤[0m[38;2;234;193;164m[48;2;185;231;176m▤[0m[38;2;219;178;162m[48;2;207;209;196m▤[0m[38;2;204;173;167m[48;2;226;183;202m▤[0m[38;2;197;171;174m[48;2;224;159;196m▤[0m[38;2;193;171;180m[48;2;213;151;194m▤[0m[38;2;191;179;177m[48;2;204;163;196m▤[0m[38;2;195;197;161m[48;2;196;183;180m▤[0m[38;2;204;218;143m[48;2;187;199;143m▤[0m[38;2;206;232;142m[48;2;187;203;113m▤[0m[38;2;196;235;160m[48;2;197;198;108m▤[0m[38;2;180;224;182m[48;2;208;197;122m▤[0m[38;2;172;203;194m[48;2;209;202;137m▤[0m[38;2;173;178;192m[48;2;206;207;148m▤[0m[38;2;172;156;184m[48;2;207;202;158m▤[0m[38;2;169;138;177m[48;2;202;190;159m▤[0m[38;2;168;125;178m[48;2;187;181;147m▤[0m[38;2;168;122;181m[48;2;175;178;131m▤[0m[38;2;164;136;184m[48;2;174;181;115m▤[0m[38;2;160;158;184m[48;2;177;192;105m▤[0m[38;2;153;176;181m[48;2;188;214;102m▤[0m[38;2;155;185;174m[48;2;201;234;103m▤[0m[38;2;174;193;166m[48;2;204;240;108m▤[0m[38;2;202;208;156m[48;2;205;234;120m▤[0m[38;2;219;219;145m[48;2;213;228;135m▤[0m
[38;2;219;226;134m[48;2;217;225;150m▤[0m[38;2;214;234;122m[48;2;203;212;163m▤[0m[38;2;211;241;113m[48;2;179;197;174m▤[0m[38;2;206;235;108m[48;2;165;189;184m▤[0m[38;2;193;217;106m[48;2;164;180;191m▤[0m[38;2;184;197;108m[48;2;170;162;193m▤[0m[38;2;181;186;117m[48;2;174;141;192m▤[0m[38;2;184;182;133m[48;2;176;129;188m▤[0m[38;2;197;185;149m[48;2;174;131;184m▤[0m[38;2;210;195;161m[48;2;172;142;185m▤[0m[38;2;213;206;160m[48;2;171;160;191m▤[0m[38;2;212;209;152m[48;2;168;184;198m▤[0m[38;2;214;203;142m[48;2;168;209;199m▤[0m[38;2;213;197;126m[48;2;178;229;186m▤[0m[38;2;205;199;114m[48;2;195;238;163m▤[0m[38;2;197;205;121m[48;2;207;234;144m▤[0m[38;2;198;202;151m[48;2;206;222;144m▤[0m[38;2;205;187;183m[48;2;200;204;161m▤[0m[38;2;211;168;196m[48;2;197;188;177m▤[0m[38;2;220;158;195m[48;2;197;179;183m▤[0m[38;2;230;167;199m[48;2;199;176;181m▤[0m[38;2;229;190;204m[48;2;206;176;175m▤[0m[38;2;212;215;197m[48;2;221;182;171m▤[0m[38;2;194;237;178m[48;2;237;198;172m▤[0m[38;2;189;253;161m[48;2;244;217;178m▤[0m[38;2;190;5;159m[48;2;237;228;190m▤[0m[38;2;184;254;172m[48;2;218;229;204m▤[0m[38;2;174;235;186m[48;2;197;221;214m▤[0m[38;2;167;209;193m[48;2;184;209;223m▤[0m[38;2;159;187;192m[48;2;178;206;231m▤[0m[38;2;143;177;182m[48;2;173;213;224m▤[0m[38;2;123;180;165m[48;2;174;214;197m▤[0m[38;2;108;185;151m[48;2;184;204;167m▤[0m[38;2;102;185;159m[48;2;194;193;155m▤[0m[38;2;100;183;182m[48;2;189;190;167m▤[0m[38;2;104;185;199m[48;2;174;190;189m▤[0m[38;2;117;204;203m[48;2;164;179;208m▤[0m[38;2;136;230;200m[48;2;164;153;224m▤[0m[38;2;160;244;199m[48;2;167;129;236m▤[0m[38;2;185;233;208m[48;2;160;125;236m▤[0m[38;2;208;202;225m[48;2;145;143;220m▤[0m[38;2;224;170;240m[48;2;130;172;200m▤[0m[38;2;232;141;245m[48;2;119;200;187m▤[0m[38;2;230;115;241m[48;2;120;219;182m▤[0m[38;2;214;107;227m[48;2;132;232;180m▤[0m[38;2;192;130;206m[48;2;143;241;180m▤[0m[38;2;173;172;191m[48;2;146;246;183m▤[0m[38;2;158;213;188m[48;2;149;239;184m▤[0m[38;2;151;239;189m[48;2;161;216;187m▤[0m[38;2;149;246;187m[48;2;176;175;194m▤[0m[38;2;145;241;183m[48;2;194;134;210m▤[0m[38;2;133;231;181m[48;2;216;112;230m▤[0m[38;2;121;219;182m[48;2;231;120;242m▤[0m[38;2;121;199;186m[48;2;233;143;247m▤[0m[38;2;132;171;199m[48;2;226;171;243m▤[0m[38;2;148;141;220m[48;2;209;204;229m▤[0m[38;2;163;125;235m[48;2;187;235;213m▤[0m[38;2;169;130;235m[48;2;163;245;203m▤[0m[38;2;166;155;224m[48;2;140;233;203m▤[0m[38;2;167;180;209m[48;2;121;210;206m▤[0m[38;2;179;190;191m[48;2;109;194;203m▤[0m[38;2;193;191;170m[48;2;105;192;184m▤[0m[38;2;196;196;159m[48;2;107;193;163m▤[0m[38;2;186;209;171m[48;2;114;191;159m▤[0m[38;2;177;219;199m[48;2;129;186;171m▤[0m[38;2;177;216;224m[48;2;148;185;185m▤[0m[38;2;182;209;231m[48;2;162;196;193m▤[0m[38;2;187;212;226m[48;2;168;217;195m▤[0m[38;2;200;224;219m[48;2;175;241;189m▤[0m[38;2;221;231;208m[48;2;185;3;176m▤[0m[38;2;242;231;194m[48;2;189;9;164m▤[0m[38;2;250;221;181m[48;2;188;2;167m▤[0m[38;2;243;203;173m[48;2;196;241;184m▤[0m[38;2;229;188;171m[48;2;216;218;203m▤[0m[38;2;214;181;176m[48;2;233;192;209m▤[0m[38;2;206;179;182m[48;2;233;169;205m▤[0m[38;2;202;180;187m[48;2;223;161;203m▤[0m[38;2;201;189;183m[48;2;214;172;202m▤[0m[38;2;205;207;167m[48;2;206;191;185m▤[0m[38;2;212;227;151m[48;2;198;206;151m▤[0m[38;2;213;241;151m[48;2;198;210;122m▤[0m[38;2;203;243;168m[48;2;207;207;116m▤[0m[38;2;188;233;189m[48;2;216;206;128m▤[0m[38;2;180;212;201m[48;2;218;211;143m▤[0m[38;2;179;187;200m[48;2;216;215;155m▤[0m[38;2;179;164;193m[48;2;216;210;164m▤[0m[38;2;177;145;187m[48;2;210;199;164m▤[0m[38;2;176;132;187m[48;2;197;190;153m▤[0m[38;2;176;130;190m[48;2;185;187;137m▤[0m[38;2;172;144;193m[48;2;183;191;121m▤[0m[38;2;168;165;193m[48;2;187;203;111m▤[0m[38;2;162;183;190m[48;2;197;224;107m▤[0m[38;2;165;193;183m[48;2;209;242;108m▤[0m[38;2;184;203;174m[48;2;213;249;114m▤[0m[38;2;209;217;164m[48;2;216;244;126m▤[0m[38;2;226;229;152m[48;2;223;238;140m▤[0m
[38;2;228;237;140m[48;2;225;234;156m▤[0m[38;2;224;245;128m[48;2;211;221;170m▤[0m[38;2;220;251;118m[48;2;189;207;181m▤[0m[38;2;214;244;113m[48;2;174;198;191m▤[0m[38;2;202;227;111m[48;2;172;187;198m▤[0m[38;2;193;208;114m[48;2;177;169;201m▤[0m[38;2;190;196;123m[48;2;181;149;200m▤[0m[38;2;193;192;139m[48;2;183;137;196m▤[0m[38;2;205;195;155m[48;2;182;138;193m▤[0m[38;2;217;204;166m[48;2;180;149;194m▤[0m[38;2;222;214;166m[48;2;179;168;200m▤[0m[38;2;222;217;158m[48;2;177;192;206m▤[0m[38;2;223;213;147m[48;2;178;218;206m▤[0m[38;2;222;208;132m[48;2;188;238;193m▤[0m[38;2;214;209;122m[48;2;204;247;171m▤[0m[38;2;207;213;130m[48;2;215;244;154m▤[0m[38;2;207;209;158m[48;2;215;231;154m▤[0m[38;2;214;195;188m[48;2;210;213;169m▤[0m[38;2;221;177;203m[48;2;207;197;184m▤[0m[38;2;230;168;205m[48;2;207;188;190m▤[0m[38;2;239;177;209m[48;2;209;184;188m▤[0m[38;2;237;199;212m[48;2;217;185;183m▤[0m[38;2;221;224;205m[48;2;232;192;179m▤[0m[38;2;204;247;187m[48;2;247;208;180m▤[0m[38;2;198;8;171m[48;2;253;226;187m▤[0m[38;2;197;15;169m[48;2;246;237;199m▤[0m[38;2;191;9;180m[48;2;227;238;213m▤[0m[38;2;182;245;193m[48;2;207;230;224m▤[0m[38;2;174;220;200m[48;2;193;220;233m▤[0m[38;2;165;198;199m[48;2;186;217;239m▤[0m[38;2;149;188;189m[48;2;182;222;231m▤[0m[38;2;130;189;173m[48;2;183;222;205m▤[0m[38;2;115;193;162m[48;2;192;213;177m▤[0m[38;2;108;194;169m[48;2;200;203;166m▤[0m[38;2;106;193;189m[48;2;196;199;176m▤[0m[38;2;110;197;206m[48;2;183;197;197m▤[0m[38;2;123;215;211m[48;2;173;185;216m▤[0m[38;2;143;239;209m[48;2;172;160;233m▤[0m[38;2;167;251;209m[48;2;173;137;244m▤[0m[38;2;193;240;219m[48;2;166;133;244m▤[0m[38;2;216;211;235m[48;2;151;150;229m▤[0m[38;2;233;178;249m[48;2;136;179;209m▤[0m[38;2;241;148;254m[48;2;126;207;196m▤[0m[38;2;238;123;250m[48;2;127;227;190m▤[0m[38;2;222;117;236m[48;2;138;241;188m▤[0m[38;2;201;139;216m[48;2;148;251;188m▤[0m[38;2;181;180;201m[48;2;152;0;191m▤[0m[38;2;166;220;197m[48;2;157;247;193m▤[0m[38;2;159;247;197m[48;2;169;223;197m▤[0m[38;2;156;1;195m[48;2;185;183;205m▤[0m[38;2;150;252;192m[48;2;204;143;221m▤[0m[38;2;139;242;190m[48;2;225;122;240m▤[0m[38;2;128;229;191m[48;2;240;128;252m▤[0m[38;2;128;208;197m[48;2;243;151;2m▤[0m[38;2;139;179;210m[48;2;235;180;253m▤[0m[38;2;155;150;230m[48;2;218;213;239m▤[0m[38;2;169;135;244m[48;2;196;243;224m▤[0m[38;2;175;140;245m[48;2;171;253;214m▤[0m[38;2;174;163;234m[48;2;147;242;213m▤[0m[38;2;176;186;219m[48;2;127;221;215m▤[0m[38;2;188;198;200m[48;2;115;205;210m▤[0m[38;2;200;201;180m[48;2;110;201;192m▤[0m[38;2;203;207;170m[48;2;112;201;173m▤[0m[38;2;195;218;182m[48;2;120;199;169m▤[0m[38;2;187;227;208m[48;2;135;195;179m▤[0m[38;2;186;225;232m[48;2;154;195;193m▤[0m[38;2;190;220;240m[48;2;168;206;201m▤[0m[38;2;197;224;236m[48;2;176;227;203m▤[0m[38;2;211;234;229m[48;2;184;251;197m▤[0m[38;2;231;241;217m[48;2;193;13;184m▤[0m[38;2;251;240;203m[48;2;197;19;174m▤[0m[38;2;4;230;190m[48;2;199;13;177m▤[0m[38;2;253;213;182m[48;2;207;251;193m▤[0m[38;2;239;198;180m[48;2;226;228;210m▤[0m[38;2;225;190;185m[48;2;241;202;217m▤[0m[38;2;216;188;191m[48;2;242;180;214m▤[0m[38;2;212;190;194m[48;2;234;172;212m▤[0m[38;2;211;200;189m[48;2;224;181;209m▤[0m[38;2;215;217;174m[48;2;216;199;191m▤[0m[38;2;221;236;160m[48;2;209;214;159m▤[0m[38;2;221;250;160m[48;2;209;218;132m▤[0m[38;2;211;252;176m[48;2;217;216;125m▤[0m[38;2;197;242;196m[48;2;225;216;135m▤[0m[38;2;188;221;208m[48;2;227;220;149m▤[0m[38;2;186;196;208m[48;2;226;223;161m▤[0m[38;2;186;172;202m[48;2;225;219;170m▤[0m[38;2;185;153;197m[48;2;219;208;170m▤[0m[38;2;184;140;196m[48;2;207;200;159m▤[0m[38;2;184;139;199m[48;2;196;197;143m▤[0m[38;2;181;152;202m[48;2;193;201;127m▤[0m[38;2;176;172;202m[48;2;197;214;117m▤[0m[38;2;171;190;199m[48;2;207;234;113m▤[0m[38;2;176;202;192m[48;2;218;251;114m▤[0m[38;2;194;213;182m[48;2;223;3;120m▤[0m[38;2;217;227;172m[48;2;227;254;132m▤[0m[38;2;233;239;159m[48;2;233;248;146m▤[0m
[38;2;237;249;147m[48;2;234;244;163m▤[0m[38;2;234;2;134m[48;2;220;231;177m▤[0m[38;2;230;6;124m[48;2;199;217;189m▤[0m[38;2;223;254;118m[48;2;184;207;199m▤[0m[38;2;212;237;116m[48;2;180;195;206m▤[0m[38;2;203;219;120m[48;2;184;176;209m▤[0m[38;2;200;206;130m[48;2;188;157;208m▤[0m[38;2;203;202;145m[48;2;190;145;205m▤[0m[38;2;214;205;161m[48;2;190;146;202m▤[0m[38;2;226;214;172m[48;2;188;157;203m▤[0m[38;2;231;223;172m[48;2;187;176;209m▤[0m[38;2;232;226;165m[48;2;186;201;214m▤[0m[38;2;233;223;153m[48;2;188;227;213m▤[0m[38;2;231;219;139m[48;2;198;247;200m▤[0m[38;2;224;220;130m[48;2;213;1;180m▤[0m[38;2;217;222;139m[48;2;223;254;164m▤[0m[38;2;217;217;165m[48;2;224;241;164m▤[0m[38;2;224;203;194m[48;2;220;223;177m▤[0m[38;2;231;186;210m[48;2;217;207;191m▤[0m[38;2;240;178;215m[48;2;217;197;197m▤[0m[38;2;248;187;219m[48;2;220;193;196m▤[0m[38;2;246;208;221m[48;2;229;194;191m▤[0m[38;2;231;234;213m[48;2;243;202;187m▤[0m[38;2;215;2;196m[48;2;2;218;189m▤[0m[38;2;208;19;181m[48;2;8;235;196m▤[0m[38;2;205;25;179m[48;2;1;246;208m▤[0m[38;2;199;19;189m[48;2;237;247;222m▤[0m[38;2;190;0;201m[48;2;217;240;234m▤[0m[38;2;182;231;208m[48;2;203;231;243m▤[0m[38;2;172;209;206m[48;2;195;228;247m▤[0m[38;2;156;199;197m[48;2;191;231;238m▤[0m[38;2;137;199;182m[48;2;193;231;214m▤[0m[38;2;122;202;172m[48;2;201;223;188m▤[0m[38;2;114;203;179m[48;2;207;213;177m▤[0m[38;2;112;203;197m[48;2;203;208;186m▤[0m[38;2;117;209;214m[48;2;192;204;206m▤[0m[38;2;130;226;219m[48;2;182;191;225m▤[0m[38;2;150;248;219m[48;2;180;167;242m▤[0m[38;2;175;4;220m[48;2;180;146;253m▤[0m[38;2;201;248;230m[48;2;172;142;252m▤[0m[38;2;225;220;245m[48;2;158;158;238m▤[0m[38;2;242;186;4m[48;2;143;186;219m▤[0m[38;2;250;155;9m[48;2;133;215;206m▤[0m[38;2;247;131;5m[48;2;134;236;199m▤[0m[38;2;231;127;246m[48;2;144;251;197m▤[0m[38;2;210;148;227m[48;2;154;6;197m▤[0m[38;2;190;188;212m[48;2;159;9;200m▤[0m[38;2;175;228;206m[48;2;165;0;202m▤[0m[38;2;167;1;206m[48;2;178;231;207m▤[0m[38;2;163;11;204m[48;2;194;191;216m▤[0m[38;2;156;8;201m[48;2;214;152;232m▤[0m[38;2;145;253;200m[48;2;235;132;250m▤[0m[38;2;136;239;201m[48;2;250;137;8m▤[0m[38;2;136;217;208m[48;2;253;159;13m▤[0m[38;2;146;188;221m[48;2;245;189;8m▤[0m[38;2;162;160;240m[48;2;228;223;250m▤[0m[38;2;175;145;254m[48;2;205;251;235m▤[0m[38;2;182;150;0m[48;2;179;7;225m▤[0m[38;2;182;171;245m[48;2;154;252;224m▤[0m[38;2;186;193;229m[48;2;134;232;224m▤[0m[38;2;197;206;209m[48;2;121;216;218m▤[0m[38;2;208;211;190m[48;2;116;211;201m▤[0m[38;2;211;217;181m[48;2;118;210;183m▤[0m[38;2;204;228;193m[48;2;126;208;179m▤[0m[38;2;197;236;218m[48;2;141;204;188m▤[0m[38;2;195;235;241m[48;2;160;205;201m▤[0m[38;2;199;232;249m[48;2;175;217;209m▤[0m[38;2;207;236;247m[48;2;184;238;211m▤[0m[38;2;222;245;239m[48;2;193;6;205m▤[0m[38;2;242;251;227m[48;2;201;24;193m▤[0m[38;2;6;250;213m[48;2;206;30;184m▤[0m[38;2;14;240;200m[48;2;210;24;187m▤[0m[38;2;8;223;192m[48;2;219;7;202m▤[0m[38;2;250;208;190m[48;2;236;238;218m▤[0m[38;2;236;200;194m[48;2;250;212;225m▤[0m[38;2;227;197;199m[48;2;252;191;224m▤[0m[38;2;222;200;202m[48;2;245;183;221m▤[0m[38;2;222;211;196m[48;2;235;191;216m▤[0m[38;2;225;228;182m[48;2;227;208;197m▤[0m[38;2;230;246;169m[48;2;220;222;167m▤[0m[38;2;229;5;170m[48;2;220;227;141m▤[0m[38;2;220;7;185m[48;2;227;226;134m▤[0m[38;2;206;252;204m[48;2;235;226;142m▤[0m[38;2;197;231;216m[48;2;237;230;156m▤[0m[38;2;194;205;217m[48;2;237;232;168m▤[0m[38;2;194;181;212m[48;2;235;228;176m▤[0m[38;2;193;161;207m[48;2;229;218;176m▤[0m[38;2;193;148;206m[48;2;217;210;165m▤[0m[38;2;192;148;208m[48;2;207;207;149m▤[0m[38;2;189;160;211m[48;2;203;212;134m▤[0m[38;2;185;180;211m[48;2;207;225;123m▤[0m[38;2;181;198;208m[48;2;217;244;119m▤[0m[38;2;187;211;201m[48;2;227;6;120m▤[0m[38;2;204;223;191m[48;2;233;13;126m▤[0m[38;2;226;237;180m[48;2;238;10;138m▤[0m[38;2;241;250;166m[48;2;243;4;153m▤[0m
[38;2;247;6;154m[48;2;243;254;170m▤[0m[38;2;244;14;141m[48;2;229;242;185m▤[0m[38;2;240;17;130m[48;2;209;228;197m▤[0m[38;2;233;10;124m[48;2;194;216;207m▤[0m[38;2;222;248;122m[48;2;189;203;214m▤[0m[38;2;213;230;126m[48;2;192;184;218m▤[0m[38;2;210;217;137m[48;2;196;165;217m▤[0m[38;2;213;213;152m[48;2;198;153;214m▤[0m[38;2;224;216;168m[48;2;198;154;212m▤[0m[38;2;235;224;178m[48;2;197;165;213m▤[0m[38;2;241;232;179m[48;2;196;185;218m▤[0m[38;2;243;236;172m[48;2;195;210;223m▤[0m[38;2;243;233;160m[48;2;198;236;221m▤[0m[38;2;241;230;146m[48;2;208;2;208m▤[0m[38;2;234;231;138m[48;2;222;11;189m▤[0m[38;2;228;231;148m[48;2;232;9;174m▤[0m[38;2;228;226;173m[48;2;234;251;174m▤[0m[38;2;234;212;201m[48;2;230;234;186m▤[0m[38;2;242;196;218m[48;2;227;217;199m▤[0m[38;2;251;189;225m[48;2;227;207;205m▤[0m[38;2;3;197;229m[48;2;231;203;204m▤[0m[38;2;0;218;230m[48;2;241;204;200m▤[0m[38;2;241;244;222m[48;2;0;213;196m▤[0m[38;2;226;13;205m[48;2;13;228;198m▤[0m[38;2;218;30;191m[48;2;18;245;206m▤[0m[38;2;214;36;189m[48;2;11;1;218m▤[0m[38;2;207;30;198m[48;2;248;2;232m▤[0m[38;2;199;11;209m[48;2;228;251;244m▤[0m[38;2;190;242;216m[48;2;213;243;253m▤[0m[38;2;179;221;214m[48;2;205;239;1m▤[0m[38;2;163;210;205m[48;2;201;241;246m▤[0m[38;2;144;209;191m[48;2;203;241;223m▤[0m[38;2;129;211;183m[48;2;210;233;199m▤[0m[38;2;120;212;189m[48;2;215;223;188m▤[0m[38;2;118;214;206m[48;2;211;218;196m▤[0m[38;2;124;221;222m[48;2;201;212;215m▤[0m[38;2;137;237;228m[48;2;191;198;235m▤[0m[38;2;158;3;229m[48;2;188;175;252m▤[0m[38;2;183;12;231m[48;2;187;155;7m▤[0m[38;2;210;1;241m[48;2;179;151;6m▤[0m[38;2;234;229;1m[48;2;165;167;248m▤[0m[38;2;251;195;14m[48;2;150;194;230m▤[0m[38;2;4;163;20m[48;2;141;223;216m▤[0m[38;2;1;140;15m[48;2;141;245;209m▤[0m[38;2;241;137;1m[48;2;150;6;206m▤[0m[38;2;220;158;238m[48;2;160;16;206m▤[0m[38;2;200;197;223m[48;2;166;19;209m▤[0m[38;2;184;236;216m[48;2;173;9;212m▤[0m[38;2;176;10;215m[48;2;187;239;218m▤[0m[38;2;170;21;213m[48;2;204;200;227m▤[0m[38;2;163;19;211m[48;2;224;162;243m▤[0m[38;2;152;9;210m[48;2;245;142;6m▤[0m[38;2;144;249;212m[48;2;5;146;19m▤[0m[38;2;144;226;219m[48;2;8;168;24m▤[0m[38;2;154;197;233m[48;2;0;198;19m▤[0m[38;2;169;170;251m[48;2;238;232;6m▤[0m[38;2;182;155;9m[48;2;214;5;247m▤[0m[38;2;189;160;10m[48;2;187;16;237m▤[0m[38;2;191;179;1m[48;2;162;7;235m▤[0m[38;2;196;201;239m[48;2;141;243;234m▤[0m[38;2;206;214;219m[48;2;128;228;226m▤[0m[38;2;216;221;200m[48;2;122;221;210m▤[0m[38;2;219;228;193m[48;2;124;219;194m▤[0m[38;2;213;238;204m[48;2;133;217;189m▤[0m[38;2;207;246;228m[48;2;148;214;197m▤[0m[38;2;205;246;250m[48;2;167;216;209m▤[0m[38;2;209;244;4m[48;2;182;228;218m▤[0m[38;2;218;248;3m[48;2;192;249;220m▤[0m[38;2;233;1;250m[48;2;202;17;214m▤[0m[38;2;253;7;237m[48;2;210;35;202m▤[0m[38;2;16;5;223m[48;2;216;41;194m▤[0m[38;2;24;250;210m[48;2;221;35;197m▤[0m[38;2;19;234;202m[48;2;231;18;211m▤[0m[38;2;6;219;200m[48;2;247;249;227m▤[0m[38;2;248;210;203m[48;2;5;223;234m▤[0m[38;2;238;207;208m[48;2;7;202;234m▤[0m[38;2;233;211;210m[48;2;1;194;231m▤[0m[38;2;233;222;204m[48;2;246;201;224m▤[0m[38;2;236;239;190m[48;2;238;217;204m▤[0m[38;2;240;2;179m[48;2;232;231;175m▤[0m[38;2;238;15;180m[48;2;232;236;151m▤[0m[38;2;229;17;194m[48;2;238;236;143m▤[0m[38;2;216;7;212m[48;2;245;237;150m▤[0m[38;2;207;241;224m[48;2;248;240;163m▤[0m[38;2;203;215;226m[48;2;248;242;175m▤[0m[38;2;202;190;222m[48;2;245;238;183m▤[0m[38;2;202;170;217m[48;2;239;228;182m▤[0m[38;2;202;157;216m[48;2;228;221;172m▤[0m[38;2;201;157;218m[48;2;218;218;156m▤[0m[38;2;198;169;221m[48;2;214;223;141m▤[0m[38;2;194;188;221m[48;2;218;236;130m▤[0m[38;2;191;206;217m[48;2;227;0;125m▤[0m[38;2;198;220;210m[48;2;237;16;126m▤[0m[38;2;214;233;200m[48;2;244;24;133m▤[0m[38;2;235;248;188m[48;2;249;22;145m▤[0m[38;2;250;6;174m[48;2;253;16;160m▤[0m
[38;2;2;18;161m[48;2;252;10;177m▤[0m[38;2;0;26;148m[48;2;239;253;193m▤[0m[38;2;251;28;137m[48;2;219;239;205m▤[0m[38;2;243;21;130m[48;2;204;226;216m▤[0m[38;2;233;5;128m[48;2;199;211;223m▤[0m[38;2;224;242;133m[48;2;201;192;227m▤[0m[38;2;221;229;144m[48;2;204;174;227m▤[0m[38;2;224;224;159m[48;2;206;162;224m▤[0m[38;2;234;227;175m[48;2;207;163;222m▤[0m[38;2;245;234;185m[48;2;206;174;223m▤[0m[38;2;251;242;186m[48;2;205;194;228m▤[0m[38;2;254;246;179m[48;2;205;220;232m▤[0m[38;2;254;244;167m[48;2;209;246;229m▤[0m[38;2;251;241;154m[48;2;219;12;216m▤[0m[38;2;245;242;147m[48;2;232;22;198m▤[0m[38;2;239;241;157m[48;2;242;20;184m▤[0m[38;2;239;235;181m[48;2;244;7;184m▤[0m[38;2;245;221;208m[48;2;241;245;195m▤[0m[38;2;253;206;226m[48;2;238;228;207m▤[0m[38;2;7;200;235m[48;2;238;217;213m▤[0m[38;2;13;208;239m[48;2;243;213;213m▤[0m[38;2;10;229;239m[48;2;253;215;209m▤[0m[38;2;252;0;231m[48;2;12;224;206m▤[0m[38;2;237;24;215m[48;2;24;239;208m▤[0m[38;2;228;41;202m[48;2;29;0;216m▤[0m[38;2;223;47;200m[48;2;22;11;228m▤[0m[38;2;216;41;208m[48;2;4;13;242m▤[0m[38;2;208;23;218m[48;2;239;7;0m▤[0m[38;2;198;254;225m[48;2;224;0;9m▤[0m[38;2;186;233;223m[48;2;215;251;11m▤[0m[38;2;170;222;214m[48;2;211;252;0m▤[0m[38;2;151;219;201m[48;2;213;251;233m▤[0m[38;2;136;221;194m[48;2;219;243;210m▤[0m[38;2;127;222;200m[48;2;223;234;200m▤[0m[38;2;125;225;215m[48;2;220;228;207m▤[0m[38;2;131;233;231m[48;2;210;220;225m▤[0m[38;2;144;249;238m[48;2;201;206;245m▤[0m[38;2;166;13;240m[48;2;197;183;7m▤[0m[38;2;192;21;243m[48;2;194;164;17m▤[0m[38;2;219;10;253m[48;2;186;161;16m▤[0m[38;2;244;238;13m[48;2;172;176;3m▤[0m[38;2;6;204;25m[48;2;158;203;241m▤[0m[38;2;14;172;31m[48;2;149;232;227m▤[0m[38;2;11;150;26m[48;2;149;0;219m▤[0m[38;2;251;147;12m[48;2;157;17;216m▤[0m[38;2;230;168;249m[48;2;167;27;216m▤[0m[38;2;210;206;234m[48;2;174;29;219m▤[0m[38;2;194;245;227m[48;2;182;18;222m▤[0m[38;2;185;20;225m[48;2;196;248;229m▤[0m[38;2;178;32;223m[48;2;214;210;239m▤[0m[38;2;170;31;221m[48;2;235;172;0m▤[0m[38;2;159;21;220m[48;2;1;152;18m▤[0m[38;2;152;5;223m[48;2;15;156;31m▤[0m[38;2;152;236;231m[48;2;19;177;36m▤[0m[38;2;162;207;245m[48;2;11;208;31m▤[0m[38;2;176;180;7m[48;2;248;242;18m▤[0m[38;2;189;165;20m[48;2;224;14;4m▤[0m[38;2;197;170;21m[48;2;196;25;249m▤[0m[38;2;200;188;12m[48;2;170;17;246m▤[0m[38;2;206;209;250m[48;2;149;0;244m▤[0m[38;2;215;223;230m[48;2;135;240;235m▤[0m[38;2;225;231;211m[48;2;129;232;220m▤[0m[38;2;228;239;205m[48;2;131;229;205m▤[0m[38;2;223;249;216m[48;2;140;227;200m▤[0m[38;2;217;1;238m[48;2;155;225;207m▤[0m[38;2;216;2;5m[48;2;174;228;218m▤[0m[38;2;220;1;15m[48;2;189;240;227m▤[0m[38;2;229;5;14m[48;2;201;6;229m▤[0m[38;2;245;13;6m[48;2;211;29;223m▤[0m[38;2;10;18;248m[48;2;220;47;212m▤[0m[38;2;27;16;234m[48;2;226;53;205m▤[0m[38;2;35;6;221m[48;2;232;47;208m▤[0m[38;2;30;245;213m[48;2;243;30;221m▤[0m[38;2;18;230;210m[48;2;3;5;236m▤[0m[38;2;5;221;213m[48;2;15;234;244m▤[0m[38;2;250;218;217m[48;2;18;213;244m▤[0m[38;2;245;222;218m[48;2;12;205;241m▤[0m[38;2;244;233;212m[48;2;3;212;232m▤[0m[38;2;247;250;199m[48;2;250;227;212m▤[0m[38;2;250;13;189m[48;2;244;240;184m▤[0m[38;2;248;26;190m[48;2;244;246;161m▤[0m[38;2;239;28;204m[48;2;250;247;152m▤[0m[38;2;226;17;221m[48;2;1;248;158m▤[0m[38;2;217;251;233m[48;2;4;251;170m▤[0m[38;2;212;225;236m[48;2;4;252;182m▤[0m[38;2;211;200;232m[48;2;1;248;190m▤[0m[38;2;211;179;228m[48;2;250;239;189m▤[0m[38;2;211;166;227m[48;2;239;232;179m▤[0m[38;2;210;166;228m[48;2;229;229;163m▤[0m[38;2;207;178;231m[48;2;225;235;148m▤[0m[38;2;203;197;231m[48;2;229;248;137m▤[0m[38;2;202;215;227m[48;2;238;11;132m▤[0m[38;2;209;230;220m[48;2;248;27;133m▤[0m[38;2;225;244;209m[48;2;0;35;140m▤[0m[38;2;245;4;197m[48;2;5;34;152m▤[0m[38;2;5;18;182m[48;2;9;28;167m▤[0m
[38;2;13;31;169m[48;2;7;22;185m▤[0m[38;2;11;39;155m[48;2;249;10;201m▤[0m[38;2;7;40;144m[48;2;230;250;214m▤[0m[38;2;254;33;137m[48;2;215;236;225m▤[0m[38;2;244;17;135m[48;2;209;220;233m▤[0m[38;2;235;254;140m[48;2;210;201;237m▤[0m[38;2;232;241;151m[48;2;213;183;237m▤[0m[38;2;235;236;166m[48;2;215;171;234m▤[0m[38;2;245;238;182m[48;2;216;172;233m▤[0m[38;2;1;245;192m[48;2;215;183;234m▤[0m[38;2;7;253;193m[48;2;215;204;238m▤[0m[38;2;10;2;186m[48;2;215;230;242m▤[0m[38;2;10;0;174m[48;2;220;2;238m▤[0m[38;2;7;253;162m[48;2;230;23;225m▤[0m[38;2;1;253;156m[48;2;243;33;208m▤[0m[38;2;251;251;166m[48;2;252;31;195m▤[0m[38;2;251;245;190m[48;2;0;19;194m▤[0m[38;2;2;231;216m[48;2;252;1;204m▤[0m[38;2;10;217;235m[48;2;250;239;216m▤[0m[38;2;19;211;245m[48;2;250;228;222m▤[0m[38;2;24;220;249m[48;2;0;224;222m▤[0m[38;2;21;240;249m[48;2;11;226;219m▤[0m[38;2;8;11;241m[48;2;24;235;216m▤[0m[38;2;249;36;226m[48;2;36;250;218m▤[0m[38;2;239;53;213m[48;2;40;11;227m▤[0m[38;2;233;59;211m[48;2;33;22;239m▤[0m[38;2;226;53;218m[48;2;16;24;253m▤[0m[38;2;217;35;228m[48;2;251;19;11m▤[0m[38;2;207;11;234m[48;2;235;12;20m▤[0m[38;2;194;246;232m[48;2;226;8;21m▤[0m[38;2;177;234;223m[48;2;222;8;10m▤[0m[38;2;158;230;211m[48;2;223;7;244m▤[0m[38;2;143;231;205m[48;2;229;254;222m▤[0m[38;2;134;233;211m[48;2;232;245;212m▤[0m[38;2;132;236;225m[48;2;229;238;218m▤[0m[38;2;138;245;240m[48;2;220;229;236m▤[0m[38;2;152;6;248m[48;2;211;214;1m▤[0m[38;2;174;24;251m[48;2;206;192;18m▤[0m[38;2;201;31;0m[48;2;202;174;28m▤[0m[38;2;229;20;11m[48;2;193;171;27m▤[0m[38;2;254;248;25m[48;2;180;186;14m▤[0m[38;2;17;214;37m[48;2;166;213;252m▤[0m[38;2;25;182;43m[48;2;157;242;238m▤[0m[38;2;21;160;38m[48;2;157;11;230m▤[0m[38;2;7;158;24m[48;2;164;28;226m▤[0m[38;2;241;178;6m[48;2;174;39;226m▤[0m[38;2;220;216;246m[48;2;182;40;229m▤[0m[38;2;204;0;238m[48;2;191;28;233m▤[0m[38;2;194;30;236m[48;2;206;3;241m▤[0m[38;2;186;43;234m[48;2;224;220;251m▤[0m[38;2;177;43;231m[48;2;246;183;12m▤[0m[38;2;167;33;231m[48;2;12;163;30m▤[0m[38;2;160;16;234m[48;2;26;166;43m▤[0m[38;2;161;246;243m[48;2;30;187;48m▤[0m[38;2;170;217;2m[48;2;22;218;43m▤[0m[38;2;184;190;19m[48;2;4;252;31m▤[0m[38;2;197;176;31m[48;2;234;24;17m▤[0m[38;2;205;180;32m[48;2;205;35;7m▤[0m[38;2;210;197;23m[48;2;179;28;3m▤[0m[38;2;216;218;6m[48;2;157;12;254m▤[0m[38;2;225;232;241m[48;2;142;252;245m▤[0m[38;2;234;242;223m[48;2;136;243;230m▤[0m[38;2;237;250;217m[48;2;138;240;216m▤[0m[38;2;233;5;228m[48;2;147;237;211m▤[0m[38;2;228;12;249m[48;2;162;236;217m▤[0m[38;2;227;14;15m[48;2;181;240;228m▤[0m[38;2;231;14;26m[48;2;197;253;236m▤[0m[38;2;241;18;25m[48;2;210;18;238m▤[0m[38;2;2;25;17m[48;2;221;41;232m▤[0m[38;2;22;30;4m[48;2;230;59;222m▤[0m[38;2;39;27;245m[48;2;237;65;216m▤[0m[38;2;46;17;232m[48;2;244;59;219m▤[0m[38;2;42;1;224m[48;2;0;42;232m▤[0m[38;2;31;241;221m[48;2;15;17;246m▤[0m[38;2;18;232;223m[48;2;26;246;254m▤[0m[38;2;7;229;227m[48;2;29;225;0m▤[0m[38;2;2;233;227m[48;2;24;217;251m▤[0m[38;2;1;245;221m[48;2;15;223;241m▤[0m[38;2;3;7;209m[48;2;7;237;221m▤[0m[38;2;6;25;199m[48;2;1;250;193m▤[0m[38;2;3;37;201m[48;2;1;2;171m▤[0m[38;2;249;39;214m[48;2;7;3;161m▤[0m[38;2;237;28;230m[48;2;13;5;166m▤[0m[38;2;227;7;242m[48;2;16;7;178m▤[0m[38;2;222;236;246m[48;2;16;8;190m▤[0m[38;2;221;210;243m[48;2;13;4;197m▤[0m[38;2;221;188;239m[48;2;6;250;196m▤[0m[38;2;221;176;238m[48;2;250;243;186m▤[0m[38;2;220;176;239m[48;2;241;241;170m▤[0m[38;2;217;187;241m[48;2;237;247;155m▤[0m[38;2;213;206;241m[48;2;241;5;144m▤[0m[38;2;213;224;237m[48;2;249;23;139m▤[0m[38;2;220;240;230m[48;2;4;39;140m▤[0m[38;2;236;0;219m[48;2;12;47;147m▤[0m[38;2;0;16;206m[48;2;17;46;159m▤[0m[38;2;15;30;191m[48;2;20;41;175m▤[0m
[38;2;24;44;177m[48;2;18;34;193m▤[0m[38;2;23;52;163m[48;2;5;22;210m▤[0m[38;2;19;53;151m[48;2;241;7;224m▤[0m[38;2;10;45;144m[48;2;226;247;235m▤[0m[38;2;0;29;142m[48;2;220;230;243m▤[0m[38;2;247;12;147m[48;2;220;211;247m▤[0m[38;2;244;254;158m[48;2;223;192;247m▤[0m[38;2;247;248;174m[48;2;225;181;245m▤[0m[38;2;2;250;189m[48;2;226;181;244m▤[0m[38;2;12;2;199m[48;2;225;193;245m▤[0m[38;2;19;9;200m[48;2;225;214;249m▤[0m[38;2;22;13;194m[48;2;226;241;252m▤[0m[38;2;22;12;182m[48;2;231;13;248m▤[0m[38;2;19;10;170m[48;2;241;34;235m▤[0m[38;2;13;9;166m[48;2;254;44;218m▤[0m[38;2;8;7;176m[48;2;8;43;206m▤[0m[38;2;8;0;199m[48;2;11;31;205m▤[0m[38;2;14;242;225m[48;2;9;13;214m▤[0m[38;2;22;228;245m[48;2;7;251;225m▤[0m[38;2;31;223;0m[48;2;8;240;231m▤[0m[38;2;36;232;5m[48;2;13;235;232m▤[0m[38;2;32;252;4m[48;2;24;238;229m▤[0m[38;2;20;23;251m[48;2;37;247;227m▤[0m[38;2;6;48;237m[48;2;48;7;229m▤[0m[38;2;251;66;225m[48;2;52;23;238m▤[0m[38;2;244;72;222m[48;2;45;33;250m▤[0m[38;2;236;66;228m[48;2;28;36;10m▤[0m[38;2;227;48;238m[48;2;8;31;23m▤[0m[38;2;216;24;244m[48;2;247;25;32m▤[0m[38;2;202;4;242m[48;2;237;21;32m▤[0m[38;2;185;246;233m[48;2;233;20;21m▤[0m[38;2;166;242;222m[48;2;234;18;0m▤[0m[38;2;151;242;216m[48;2;239;11;234m▤[0m[38;2;141;244;222m[48;2;242;2;224m▤[0m[38;2;139;248;236m[48;2;239;249;230m▤[0m[38;2;145;3;250m[48;2;230;239;247m▤[0m[38;2;160;19;4m[48;2;221;223;12m▤[0m[38;2;183;35;8m[48;2;216;201;29m▤[0m[38;2;210;41;13m[48;2;211;184;39m▤[0m[38;2;239;30;24m[48;2;201;182;38m▤[0m[38;2;10;3;38m[48;2;188;196;26m▤[0m[38;2;28;224;50m[48;2;174;223;9m▤[0m[38;2;36;192;55m[48;2;165;252;250m▤[0m[38;2;32;171;50m[48;2;165;22;241m▤[0m[38;2;18;169;36m[48;2;172;40;237m▤[0m[38;2;252;189;19m[48;2;182;51;237m▤[0m[38;2;231;226;4m[48;2;190;51;240m▤[0m[38;2;214;10;250m[48;2;200;39;244m▤[0m[38;2;204;41;247m[48;2;216;13;253m▤[0m[38;2;195;55;245m[48;2;235;230;9m▤[0m[38;2;185;56;242m[48;2;2;194;25m▤[0m[38;2;175;46;242m[48;2;23;174;43m▤[0m[38;2;169;28;246m[48;2;37;177;56m▤[0m[38;2;170;2;0m[48;2;41;197;61m▤[0m[38;2;179;228;15m[48;2;33;229;56m▤[0m[38;2;192;201;31m[48;2;15;8;44m▤[0m[38;2;205;187;43m[48;2;244;35;30m▤[0m[38;2;214;190;44m[48;2;215;46;20m▤[0m[38;2;220;207;35m[48;2;188;40;15m▤[0m[38;2;226;227;18m[48;2;165;25;10m▤[0m[38;2;235;242;253m[48;2;150;10;0m▤[0m[38;2;244;253;235m[48;2;143;0;241m▤[0m[38;2;247;7;230m[48;2;145;251;227m▤[0m[38;2;244;17;240m[48;2;155;248;222m▤[0m[38;2;239;24;6m[48;2;170;248;228m▤[0m[38;2;238;26;26m[48;2;189;253;238m▤[0m[38;2;243;27;37m[48;2;206;11;246m▤[0m[38;2;253;31;37m[48;2;220;31;248m▤[0m[38;2;15;38;29m[48;2;231;54;242m▤[0m[38;2;35;42;16m[48;2;240;72;233m▤[0m[38;2;51;39;2m[48;2;248;78;227m▤[0m[38;2;58;29;244m[48;2;1;72;231m▤[0m[38;2;55;13;235m[48;2;12;55;243m▤[0m[38;2;44;253;232m[48;2;27;30;2m▤[0m[38;2;31;244;234m[48;2;38;3;10m▤[0m[38;2;20;241;237m[48;2;41;238;11m▤[0m[38;2;15;245;236m[48;2;36;229;7m▤[0m[38;2;14;2;230m[48;2;28;235;251m▤[0m[38;2;15;19;219m[48;2;20;248;230m▤[0m[38;2;17;37;210m[48;2;14;6;203m▤[0m[38;2;14;49;212m[48;2;14;13;181m▤[0m[38;2;5;51;224m[48;2;19;15;171m▤[0m[38;2;248;40;240m[48;2;25;17;175m▤[0m[38;2;238;19;252m[48;2;28;19;186m▤[0m[38;2;233;247;1m[48;2;28;19;198m▤[0m[38;2;231;220;254m[48;2;25;15;205m▤[0m[38;2;231;198;251m[48;2;18;7;203m▤[0m[38;2;231;186;250m[48;2;7;0;193m▤[0m[38;2;230;186;250m[48;2;253;254;178m▤[0m[38;2;227;197;252m[48;2;249;5;163m▤[0m[38;2;224;215;252m[48;2;253;18;151m▤[0m[38;2;224;234;248m[48;2;6;36;146m▤[0m[38;2;232;251;240m[48;2;16;52;147m▤[0m[38;2;247;12;229m[48;2;24;60;154m▤[0m[38;2;11;28;215m[48;2;29;59;167m▤[0m[38;2;26;43;200m[48;2;32;54;183m▤[0m
[38;2;36;58;185m[48;2;29;47;202m▤[0m[38;2;35;65;171m[48;2;16;35;219m▤[0m[38;2;31;66;159m[48;2;253;19;234m▤[0m[38;2;22;58;151m[48;2;238;3;245m▤[0m[38;2;12;42;149m[48;2;231;240;254m▤[0m[38;2;4;25;155m[48;2;231;221;3m▤[0m[38;2;1;12;166m[48;2;233;202;3m▤[0m[38;2;5;6;182m[48;2;235;191;1m▤[0m[38;2;14;7;197m[48;2;236;191;1m▤[0m[38;2;24;14;207m[48;2;236;203;2m▤[0m[38;2;31;21;208m[48;2;236;225;5m▤[0m[38;2;34;25;202m[48;2;237;252;7m▤[0m[38;2;34;24;190m[48;2;243;25;3m▤[0m[38;2;31;23;179m[48;2;253;46;245m▤[0m[38;2;26;21;176m[48;2;10;56;229m▤[0m[38;2;21;19;186m[48;2;19;55;217m▤[0m[38;2;21;11;209m[48;2;23;43;216m▤[0m[38;2;27;253;235m[48;2;21;26;224m▤[0m[38;2;35;240;0m[48;2;20;9;235m▤[0m[38;2;44;236;11m[48;2;21;252;241m▤[0m[38;2;48;245;16m[48;2;27;247;242m▤[0m[38;2;44;10;15m[48;2;38;250;240m▤[0m[38;2;33;36;7m[48;2;51;4;238m▤[0m[38;2;19;61;248m[48;2;61;19;241m▤[0m[38;2;8;79;237m[48;2;65;35;250m▤[0m[38;2;0;85;234m[48;2;58;45;7m▤[0m[38;2;247;79;239m[48;2;41;48;22m▤[0m[38;2;237;61;248m[48;2;21;44;35m▤[0m[38;2;225;38;254m[48;2;5;38;44m▤[0m[38;2;211;17;252m[48;2;249;34;44m▤[0m[38;2;193;4;243m[48;2;245;33;32m▤[0m[38;2;174;254;233m[48;2;246;30;12m▤[0m[38;2;159;254;228m[48;2;250;23;247m▤[0m[38;2;149;1;234m[48;2;252;14;237m▤[0m[38;2;147;6;247m[48;2;249;5;242m▤[0m[38;2;153;16;6m[48;2;241;249;4m▤[0m[38;2;169;32;15m[48;2;232;232;24m▤[0m[38;2;192;47;20m[48;2;226;211;41m▤[0m[38;2;220;52;26m[48;2;220;195;51m▤[0m[38;2;250;41;37m[48;2;210;193;50m▤[0m[38;2;21;14;51m[48;2;197;207;38m▤[0m[38;2;39;235;63m[48;2;183;234;22m▤[0m[38;2;47;203;68m[48;2;174;8;7m▤[0m[38;2;44;182;63m[48;2;174;34;253m▤[0m[38;2;30;180;49m[48;2;180;53;249m▤[0m[38;2;9;200;32m[48;2;190;63;249m▤[0m[38;2;242;237;17m[48;2;199;63;251m▤[0m[38;2;225;21;7m[48;2;210;50;1m▤[0m[38;2;214;53;4m[48;2;227;24;11m▤[0m[38;2;204;68;1m[48;2;247;241;22m▤[0m[38;2;194;69;254m[48;2;14;206;38m▤[0m[38;2;184;59;254m[48;2;35;186;56m▤[0m[38;2;178;40;3m[48;2;49;188;69m▤[0m[38;2;179;14;13m[48;2;53;208;74m▤[0m[38;2;188;239;28m[48;2;45;240;69m▤[0m[38;2;201;212;44m[48;2;26;19;58m▤[0m[38;2;214;198;55m[48;2;0;46;44m▤[0m[38;2;224;201;56m[48;2;225;57;34m▤[0m[38;2;230;217;47m[48;2;197;52;28m▤[0m[38;2;237;237;30m[48;2;174;38;22m▤[0m[38;2;246;253;10m[48;2;158;23;11m▤[0m[38;2;254;10;248m[48;2;151;13;252m▤[0m[38;2;2;19;243m[48;2;153;8;239m▤[0m[38;2;0;29;253m[48;2;163;5;234m▤[0m[38;2;251;36;18m[48;2;178;5;239m▤[0m[38;2;250;39;38m[48;2;197;11;249m▤[0m[38;2;0;41;49m[48;2;215;24;2m▤[0m[38;2;11;45;49m[48;2;230;45;3m▤[0m[38;2;28;51;41m[48;2;241;68;253m▤[0m[38;2;48;55;28m[48;2;251;86;244m▤[0m[38;2;64;52;14m[48;2;5;92;239m▤[0m[38;2;71;41;1m[48;2;14;86;243m▤[0m[38;2;68;26;247m[48;2;25;68;0m▤[0m[38;2;58;11;244m[48;2;40;43;13m▤[0m[38;2;45;1;245m[48;2;50;16;21m▤[0m[38;2;34;253;247m[48;2;54;251;22m▤[0m[38;2;28;3;246m[48;2;49;242;18m▤[0m[38;2;27;15;240m[48;2;41;247;6m▤[0m[38;2;28;32;229m[48;2;33;5;240m▤[0m[38;2;29;50;221m[48;2;28;17;213m▤[0m[38;2;26;62;223m[48;2;28;25;191m▤[0m[38;2;17;63;235m[48;2;32;28;181m▤[0m[38;2;5;52;251m[48;2;38;30;184m▤[0m[38;2;250;31;8m[48;2;41;31;195m▤[0m[38;2;244;3;12m[48;2;41;31;206m▤[0m[38;2;242;231;11m[48;2;38;27;213m▤[0m[38;2;242;209;8m[48;2;30;19;211m▤[0m[38;2;242;197;7m[48;2;20;13;201m▤[0m[38;2;240;196;7m[48;2;11;12;186m▤[0m[38;2;238;207;9m[48;2;7;18;171m▤[0m[38;2;235;225;8m[48;2;11;32;159m▤[0m[38;2;236;245;4m[48;2;19;49;154m▤[0m[38;2;244;8;251m[48;2;28;65;155m▤[0m[38;2;4;25;239m[48;2;37;73;162m▤[0m[38;2;23;41;225m[48;2;42;73;175m▤[0m[38;2;38;56;209m[48;2;44;68;191m▤[0m
[38;2;48;72;194m[48;2;41;61;211m▤[0m[38;2;48;79;179m[48;2;28;48;229m▤[0m[38;2;44;80;167m[48;2;10;32;244m▤[0m[38;2;35;72;159m[48;2;250;15;1m▤[0m[38;2;25;56;157m[48;2;243;251;10m▤[0m[38;2;17;39;163m[48;2;242;231;14m▤[0m[38;2;14;26;174m[48;2;244;213;15m▤[0m[38;2;18;19;190m[48;2;246;202;13m▤[0m[38;2;27;20;205m[48;2;247;202;13m▤[0m[38;2;37;26;215m[48;2;247;214;14m▤[0m[38;2;44;33;216m[48;2;247;236;17m▤[0m[38;2;47;37;210m[48;2;249;9;18m▤[0m[38;2;47;37;199m[48;2;0;37;14m▤[0m[38;2;44;36;188m[48;2;10;58;1m▤[0m[38;2;39;34;186m[48;2;22;69;240m▤[0m[38;2;35;31;197m[48;2;31;68;229m▤[0m[38;2;35;23;219m[48;2;35;56;227m▤[0m[38;2;41;10;245m[48;2;34;39;235m▤[0m[38;2;49;253;10m[48;2;33;22;245m▤[0m[38;2;57;249;22m[48;2;35;10;251m▤[0m[38;2;61;3;28m[48;2;41;5;253m▤[0m[38;2;57;23;27m[48;2;52;8;251m▤[0m[38;2;46;49;18m[48;2;65;17;250m▤[0m[38;2;32;75;5m[48;2;75;32;253m▤[0m[38;2;21;93;249m[48;2;78;48;7m▤[0m[38;2;12;99;246m[48;2;71;58;20m▤[0m[38;2;3;93;251m[48;2;54;61;35m▤[0m[38;2;248;75;4m[48;2;35;58;48m▤[0m[38;2;235;52;9m[48;2;18;52;56m▤[0m[38;2;220;31;7m[48;2;7;48;56m▤[0m[38;2;202;18;254m[48;2;2;46;44m▤[0m[38;2;183;12;245m[48;2;3;43;24m▤[0m[38;2;167;11;240m[48;2;6;36;5m▤[0m[38;2;157;14;246m[48;2;8;26;250m▤[0m[38;2;155;19;4m[48;2;5;17;0m▤[0m[38;2;162;30;17m[48;2;252;5;17m▤[0m[38;2;178;45;27m[48;2;243;242;37m▤[0m[38;2;202;59;33m[48;2;236;222;54m▤[0m[38;2;230;64;40m[48;2;229;206;63m▤[0m[38;2;6;52;51m[48;2;219;204;62m▤[0m[38;2;32;25;65m[48;2;206;219;51m▤[0m[38;2;51;246;77m[48;2;192;245;35m▤[0m[38;2;59;214;82m[48;2;183;20;20m▤[0m[38;2;56;193;76m[48;2;183;46;11m▤[0m[38;2;42;192;63m[48;2;189;66;6m▤[0m[38;2;21;212;46m[48;2;199;76;6m▤[0m[38;2;254;248;30m[48;2;208;76;8m▤[0m[38;2;236;32;20m[48;2;220;62;13m▤[0m[38;2;224;65;17m[48;2;238;36;24m▤[0m[38;2;213;81;13m[48;2;4;253;36m▤[0m[38;2;203;82;11m[48;2;26;218;52m▤[0m[38;2;193;72;12m[48;2;48;198;70m▤[0m[38;2;187;53;16m[48;2;62;200;83m▤[0m[38;2;188;26;26m[48;2;66;220;88m▤[0m[38;2;197;251;41m[48;2;57;252;83m▤[0m[38;2;210;224;57m[48;2;38;31;72m▤[0m[38;2;223;210;68m[48;2;11;58;59m▤[0m[38;2;234;212;69m[48;2;236;69;48m▤[0m[38;2;241;228;60m[48;2;207;65;41m▤[0m[38;2;248;247;43m[48;2;183;52;34m▤[0m[38;2;2;9;23m[48;2;167;37;23m▤[0m[38;2;10;22;7m[48;2;159;26;9m▤[0m[38;2;13;32;2m[48;2;161;21;252m▤[0m[38;2;12;42;12m[48;2;171;18;247m▤[0m[38;2;8;49;31m[48;2;187;18;251m▤[0m[38;2;8;53;50m[48;2;206;25;5m▤[0m[38;2;13;55;62m[48;2;224;38;13m▤[0m[38;2;24;59;62m[48;2;240;59;14m▤[0m[38;2;42;65;54m[48;2;252;82;9m▤[0m[38;2;62;68;41m[48;2;8;100;1m▤[0m[38;2;78;65;27m[48;2;17;106;252m▤[0m[38;2;85;54;14m[48;2;27;100;1m▤[0m[38;2;82;39;5m[48;2;39;82;12m▤[0m[38;2;72;24;1m[48;2;53;57;25m▤[0m[38;2;59;14;2m[48;2;63;30;33m▤[0m[38;2;48;11;3m[48;2;67;10;34m▤[0m[38;2;42;16;2m[48;2;63;1;29m▤[0m[38;2;41;28;250m[48;2;55;5;17m▤[0m[38;2;41;46;240m[48;2;47;17;250m▤[0m[38;2;42;63;233m[48;2;42;29;224m▤[0m[38;2;38;75;235m[48;2;42;37;202m▤[0m[38;2;29;76;247m[48;2;46;41;192m▤[0m[38;2;17;65;7m[48;2;51;43;194m▤[0m[38;2;7;43;19m[48;2;54;44;204m▤[0m[38;2;1;15;24m[48;2;54;44;215m▤[0m[38;2;254;243;23m[48;2;51;40;221m▤[0m[38;2;253;220;21m[48;2;43;32;219m▤[0m[38;2;253;208;19m[48;2;33;26;209m▤[0m[38;2;251;207;19m[48;2;24;26;194m▤[0m[38;2;249;218;21m[48;2;21;32;179m▤[0m[38;2;247;236;20m[48;2;24;46;167m▤[0m[38;2;248;1;16m[48;2;32;63;162m▤[0m[38;2;1;20;7m[48;2;41;79;163m▤[0m[38;2;17;38;250m[48;2;50;87;170m▤[0m[38;2;35;55;235m[48;2;55;87;183m▤[0m[38;2;50;70;218m[48;2;57;82;200m▤[0m
[38;2;61;86;203m[48;2;54;75;221m▤[0m[38;2;62;94;188m[48;2;41;62;239m▤[0m[38;2;57;94;175m[48;2;23;45;0m▤[0m[38;2;48;86;167m[48;2;8;27;12m▤[0m[38;2;38;70;165m[48;2;0;8;22m▤[0m[38;2;31;53;171m[48;2;254;242;26m▤[0m[38;2;28;40;183m[48;2;0;224;27m▤[0m[38;2;32;33;199m[48;2;2;213;26m▤[0m[38;2;40;34;214m[48;2;3;213;26m▤[0m[38;2;50;39;223m[48;2;3;226;27m▤[0m[38;2;57;46;225m[48;2;4;248;29m▤[0m[38;2;61;50;219m[48;2;6;21;30m▤[0m[38;2;61;51;208m[48;2;13;49;25m▤[0m[38;2;58;50;198m[48;2;23;71;12m▤[0m[38;2;53;48;197m[48;2;35;82;252m▤[0m[38;2;49;44;208m[48;2;44;81;241m▤[0m[38;2;50;35;230m[48;2;48;70;239m▤[0m[38;2;55;23;0m[48;2;48;53;246m▤[0m[38;2;63;11;21m[48;2;47;36;1m▤[0m[38;2;71;8;34m[48;2;49;24;7m▤[0m[38;2;75;17;40m[48;2;56;18;9m▤[0m[38;2;71;37;39m[48;2;67;21;8m▤[0m[38;2;60;63;30m[48;2;80;31;7m▤[0m[38;2;46;89;18m[48;2;89;46;11m▤[0m[38;2;34;107;7m[48;2;92;61;20m▤[0m[38;2;24;114;4m[48;2;85;72;33m▤[0m[38;2;15;108;8m[48;2;68;75;48m▤[0m[38;2;4;90;16m[48;2;49;72;61m▤[0m[38;2;246;67;20m[48;2;32;67;69m▤[0m[38;2;230;46;18m[48;2;20;63;69m▤[0m[38;2;211;32;11m[48;2;15;60;57m▤[0m[38;2;192;25;2m[48;2;15;56;37m▤[0m[38;2;176;24;253m[48;2;18;49;19m▤[0m[38;2;165;27;4m[48;2;19;39;9m▤[0m[38;2;163;33;16m[48;2;16;29;14m▤[0m[38;2;171;44;29m[48;2;8;16;30m▤[0m[38;2;187;59;40m[48;2;254;253;50m▤[0m[38;2;212;72;47m[48;2;247;233;67m▤[0m[38;2;241;76;55m[48;2;239;218;76m▤[0m[38;2;17;64;66m[48;2;229;216;75m▤[0m[38;2;44;37;80m[48;2;215;231;64m▤[0m[38;2;63;3;91m[48;2;202;2;49m▤[0m[38;2;72;226;96m[48;2;193;32;34m▤[0m[38;2;69;205;90m[48;2;192;59;24m▤[0m[38;2;55;204;77m[48;2;198;79;19m▤[0m[38;2;34;224;60m[48;2;208;90;18m▤[0m[38;2;11;5;44m[48;2;218;89;21m▤[0m[38;2;247;44;34m[48;2;231;75;26m▤[0m[38;2;235;78;30m[48;2;250;48;38m▤[0m[38;2;223;95;26m[48;2;16;10;50m▤[0m[38;2;212;96;24m[48;2;39;230;67m▤[0m[38;2;203;86;25m[48;2;61;211;85m▤[0m[38;2;197;66;30m[48;2;75;212;98m▤[0m[38;2;198;39;40m[48;2;79;232;103m▤[0m[38;2;207;8;55m[48;2;70;9;98m▤[0m[38;2;220;237;71m[48;2;50;43;87m▤[0m[38;2;233;222;82m[48;2;23;70;74m▤[0m[38;2;244;224;83m[48;2;247;82;63m▤[0m[38;2;252;239;74m[48;2;217;79;55m▤[0m[38;2;5;3;57m[48;2;193;66;47m▤[0m[38;2;14;21;37m[48;2;176;51;36m▤[0m[38;2;22;35;21m[48;2;168;40;22m▤[0m[38;2;25;45;16m[48;2;170;34;10m▤[0m[38;2;24;55;26m[48;2;180;31;5m▤[0m[38;2;21;63;44m[48;2;196;32;9m▤[0m[38;2;21;67;63m[48;2;215;39;17m▤[0m[38;2;27;70;75m[48;2;234;53;24m▤[0m[38;2;38;74;76m[48;2;251;74;26m▤[0m[38;2;56;80;68m[48;2;9;97;21m▤[0m[38;2;76;82;55m[48;2;20;115;14m▤[0m[38;2;92;79;40m[48;2;30;121;10m▤[0m[38;2;99;68;27m[48;2;41;115;14m▤[0m[38;2;97;53;18m[48;2;53;97;25m▤[0m[38;2;87;38;14m[48;2;67;71;37m▤[0m[38;2;74;28;14m[48;2;77;44;45m▤[0m[38;2;63;25;15m[48;2;81;24;46m▤[0m[38;2;57;30;13m[48;2;77;15;41m▤[0m[38;2;55;42;6m[48;2;70;18;28m▤[0m[38;2;55;60;252m[48;2;62;30;6m▤[0m[38;2;55;77;245m[48;2;57;42;235m▤[0m[38;2;51;89;247m[48;2;57;50;213m▤[0m[38;2;42;90;4m[48;2;60;55;203m▤[0m[38;2;30;78;19m[48;2;65;57;204m▤[0m[38;2;20;56;31m[48;2;68;58;214m▤[0m[38;2;14;28;36m[48;2;68;57;224m▤[0m[38;2;11;0;36m[48;2;65;53;230m▤[0m[38;2;10;232;34m[48;2;57;46;228m▤[0m[38;2;9;219;32m[48;2;47;40;218m▤[0m[38;2;8;219;32m[48;2;38;40;203m▤[0m[38;2;6;229;33m[48;2;35;47;188m▤[0m[38;2;4;247;32m[48;2;38;61;176m▤[0m[38;2;6;13;28m[48;2;46;78;170m▤[0m[38;2;14;33;19m[48;2;55;94;171m▤[0m[38;2;30;52;6m[48;2;64;102;179m▤[0m[38;2;48;69;245m[48;2;69;102;192m▤[0m[38;2;63;85;228m[48;2;71;97;210m▤[0m
[38;2;75;101;213m[48;2;67;90;231m▤[0m[38;2;76;109;197m[48;2;54;76;250m▤[0m[38;2;71;109;184m[48;2;37;59;11m▤[0m[38;2;62;101;176m[48;2;21;40;24m▤[0m[38;2;52;85;174m[48;2;13;20;34m▤[0m[38;2;45;68;180m[48;2;11;254;39m▤[0m[38;2;42;55;192m[48;2;12;236;40m▤[0m[38;2;46;48;208m[48;2;14;225;39m▤[0m[38;2;54;48;223m[48;2;15;225;39m▤[0m[38;2;64;53;232m[48;2;15;238;40m▤[0m[38;2;71;60;234m[48;2;16;6;42m▤[0m[38;2;75;64;228m[48;2;19;34;42m▤[0m[38;2;75;65;218m[48;2;26;62;37m▤[0m[38;2;72;64;209m[48;2;36;85;24m▤[0m[38;2;68;62;208m[48;2;48;96;9m▤[0m[38;2;64;57;219m[48;2;57;95;254m▤[0m[38;2;65;48;241m[48;2;62;84;252m▤[0m[38;2;70;36;11m[48;2;62;67;3m▤[0m[38;2;78;25;33m[48;2;62;50;12m▤[0m[38;2;86;22;46m[48;2;64;38;19m▤[0m[38;2;89;31;53m[48;2;71;32;21m▤[0m[38;2;85;52;52m[48;2;82;35;20m▤[0m[38;2;74;78;43m[48;2;95;45;20m▤[0m[38;2;60;104;31m[48;2;104;60;24m▤[0m[38;2;48;122;21m[48;2;107;75;34m▤[0m[38;2;37;129;17m[48;2;99;86;47m▤[0m[38;2;27;123;21m[48;2;83;89;62m▤[0m[38;2;16;105;28m[48;2;64;87;75m▤[0m[38;2;2;82;32m[48;2;46;82;83m▤[0m[38;2;240;61;30m[48;2;34;78;82m▤[0m[38;2;221;47;23m[48;2;28;75;70m▤[0m[38;2;201;39;15m[48;2;28;70;51m▤[0m[38;2;185;38;11m[48;2;31;63;33m▤[0m[38;2;174;41;17m[48;2;31;53;24m▤[0m[38;2;172;47;29m[48;2;28;42;29m▤[0m[38;2;180;59;42m[48;2;20;28;44m▤[0m[38;2;197;74;53m[48;2;11;9;64m▤[0m[38;2;222;86;61m[48;2;3;245;81m▤[0m[38;2;252;89;70m[48;2;250;230;90m▤[0m[38;2;29;77;82m[48;2;239;229;89m▤[0m[38;2;57;50;95m[48;2;225;244;78m▤[0m[38;2;76;15;106m[48;2;212;15;63m▤[0m[38;2;85;238;111m[48;2;203;45;48m▤[0m[38;2;82;218;105m[48;2;202;73;38m▤[0m[38;2;68;217;92m[48;2;208;93;32m▤[0m[38;2;47;237;75m[48;2;218;104;31m▤[0m[38;2;24;18;59m[48;2;228;103;34m▤[0m[38;2;4;57;48m[48;2;242;88;40m▤[0m[38;2;246;91;44m[48;2;7;61;52m▤[0m[38;2;234;109;40m[48;2;29;23;65m▤[0m[38;2;222;111;38m[48;2;53;243;82m▤[0m[38;2;213;101;39m[48;2;75;224;100m▤[0m[38;2;207;80;44m[48;2;89;225;113m▤[0m[38;2;208;52;55m[48;2;93;245;118m▤[0m[38;2;217;21;70m[48;2;83;22;114m▤[0m[38;2;230;250;86m[48;2;63;56;103m▤[0m[38;2;244;235;96m[48;2;35;83;90m▤[0m[38;2;0;237;97m[48;2;4;95;78m▤[0m[38;2;9;251;88m[48;2;228;93;70m▤[0m[38;2;17;15;71m[48;2;203;81;61m▤[0m[38;2;26;33;51m[48;2;186;66;49m▤[0m[38;2;34;48;36m[48;2;177;55;35m▤[0m[38;2;37;59;31m[48;2;179;48;24m▤[0m[38;2;37;69;41m[48;2;189;45;19m▤[0m[38;2;34;77;58m[48;2;205;46;22m▤[0m[38;2;35;82;77m[48;2;225;54;30m▤[0m[38;2;41;85;89m[48;2;245;69;36m▤[0m[38;2;53;90;90m[48;2;7;90;38m▤[0m[38;2;71;95;82m[48;2;21;113;34m▤[0m[38;2;91;97;69m[48;2;33;131;27m▤[0m[38;2;107;94;54m[48;2;44;137;24m▤[0m[38;2;114;83;41m[48;2;55;131;28m▤[0m[38;2;112;68;32m[48;2;68;112;38m▤[0m[38;2;103;53;27m[48;2;82;86;50m▤[0m[38;2;90;43;27m[48;2;92;59;58m▤[0m[38;2;79;40;27m[48;2;96;39;59m▤[0m[38;2;72;45;25m[48;2;92;30;53m▤[0m[38;2;70;57;18m[48;2;85;32;40m▤[0m[38;2;70;75;9m[48;2;77;43;18m▤[0m[38;2;69;92;3m[48;2;73;55;247m▤[0m[38;2;65;103;5m[48;2;72;64;225m▤[0m[38;2;55;104;16m[48;2;75;69;214m▤[0m[38;2;44;92;31m[48;2;80;71;215m▤[0m[38;2;34;70;43m[48;2;83;72;224m▤[0m[38;2;27;41;49m[48;2;83;71;234m▤[0m[38;2;24;13;49m[48;2;79;67;239m▤[0m[38;2;22;245;47m[48;2;71;60;237m▤[0m[38;2;21;231;46m[48;2;61;55;227m▤[0m[38;2;20;231;46m[48;2;53;55;212m▤[0m[38;2;18;241;46m[48;2;50;62;197m▤[0m[38;2;17;4;45m[48;2;53;76;185m▤[0m[38;2;19;25;41m[48;2;60;93;179m▤[0m[38;2;28;46;31m[48;2;70;109;180m▤[0m[38;2;44;66;18m[48;2;78;117;188m▤[0m[38;2;62;84;1m[48;2;84;118;202m▤[0m[38;2;77;101;239m[48;2;85;113;220m▤[0m
[38;2;89;117;223m[48;2;81;106;242m▤[0m[38;2;91;125;207m[48;2;68;91;6m▤[0m[38;2;86;125;193m[48;2;51;74;23m▤[0m[38;2;77;117;185m[48;2;35;54;37m▤[0m[38;2;67;101;183m[48;2;27;33;47m▤[0m[38;2;60;84;189m[48;2;24;11;52m▤[0m[38;2;57;71;201m[48;2;25;248;53m▤[0m[38;2;61;63;217m[48;2;26;237;53m▤[0m[38;2;69;63;232m[48;2;27;238;53m▤[0m[38;2;79;68;242m[48;2;28;251;54m▤[0m[38;2;86;74;244m[48;2;29;19;56m▤[0m[38;2;90;78;238m[48;2;33;48;55m▤[0m[38;2;90;80;228m[48;2;40;76;49m▤[0m[38;2;87;79;220m[48;2;50;99;37m▤[0m[38;2;83;77;220m[48;2;62;111;22m▤[0m[38;2;80;71;231m[48;2;71;110;12m▤[0m[38;2;81;62;253m[48;2;76;99;10m▤[0m[38;2;86;50;23m[48;2;77;82;16m▤[0m[38;2;94;39;45m[48;2;77;65;24m▤[0m[38;2;101;37;59m[48;2;80;53;31m▤[0m[38;2;104;46;66m[48;2;87;47;33m▤[0m[38;2;100;67;65m[48;2;98;50;33m▤[0m[38;2;89;94;56m[48;2;111;60;34m▤[0m[38;2;75;120;45m[48;2;120;75;38m▤[0m[38;2;62;138;35m[48;2;122;90;48m▤[0m[38;2;51;145;31m[48;2;114;101;61m▤[0m[38;2;40;139;34m[48;2;98;104;77m▤[0m[38;2;28;121;41m[48;2;79;103;90m▤[0m[38;2;13;98;45m[48;2;61;98;98m▤[0m[38;2;251;77;43m[48;2;49;94;96m▤[0m[38;2;231;62;36m[48;2;42;90;84m▤[0m[38;2;211;54;28m[48;2;42;85;65m▤[0m[38;2;194;53;25m[48;2;44;77;48m▤[0m[38;2;183;55;31m[48;2;44;67;39m▤[0m[38;2;181;62;42m[48;2;41;55;44m▤[0m[38;2;190;74;56m[48;2;33;40;59m▤[0m[38;2;207;89;67m[48;2;24;21;79m▤[0m[38;2;233;101;76m[48;2;15;2;96m▤[0m[38;2;9;103;86m[48;2;6;243;105m▤[0m[38;2;42;90;98m[48;2;250;242;104m▤[0m[38;2;70;63;111m[48;2;236;2;93m▤[0m[38;2;90;28;122m[48;2;223;28;78m▤[0m[38;2;99;251;127m[48;2;214;59;63m▤[0m[38;2;96;231;121m[48;2;213;87;52m▤[0m[38;2;82;231;108m[48;2;218;108;46m▤[0m[38;2;61;251;91m[48;2;228;119;45m▤[0m[38;2;37;31;74m[48;2;239;118;48m▤[0m[38;2;17;70;63m[48;2;254;102;54m▤[0m[38;2;3;105;59m[48;2;20;75;67m▤[0m[38;2;245;124;54m[48;2;43;37;81m▤[0m[38;2;233;126;52m[48;2;67;2;98m▤[0m[38;2;223;116;53m[48;2;89;238;116m▤[0m[38;2;218;95;59m[48;2;104;239;129m▤[0m[38;2;219;66;70m[48;2;107;3;134m▤[0m[38;2;228;35;85m[48;2;97;35;130m▤[0m[38;2;241;9;101m[48;2;77;69;120m▤[0m[38;2;0;249;111m[48;2;48;96;107m▤[0m[38;2;12;250;112m[48;2;16;109;94m▤[0m[38;2;21;9;103m[48;2;240;108;85m▤[0m[38;2;30;28;86m[48;2;214;96;75m▤[0m[38;2;39;46;66m[48;2;196;82;63m▤[0m[38;2;47;62;51m[48;2;187;70;49m▤[0m[38;2;50;74;47m[48;2;188;63;38m▤[0m[38;2;50;84;56m[48;2;199;60;33m▤[0m[38;2;48;92;73m[48;2;215;61;36m▤[0m[38;2;49;98;92m[48;2;235;70;43m▤[0m[38;2;56;101;104m[48;2;1;85;49m▤[0m[38;2;68;106;105m[48;2;19;107;51m▤[0m[38;2;87;111;97m[48;2;34;130;47m▤[0m[38;2;107;113;84m[48;2;46;147;41m▤[0m[38;2;123;109;69m[48;2;58;154;38m▤[0m[38;2;130;98;56m[48;2;70;147;42m▤[0m[38;2;128;83;46m[48;2;83;128;52m▤[0m[38;2;119;68;41m[48;2;97;102;64m▤[0m[38;2;107;58;40m[48;2;107;75;72m▤[0m[38;2;96;55;40m[48;2;111;55;73m▤[0m[38;2;88;60;37m[48;2;108;45;66m▤[0m[38;2;86;73;30m[48;2;101;47;52m▤[0m[38;2;85;90;22m[48;2;93;57;30m▤[0m[38;2;84;107;16m[48;2;89;69;4m▤[0m[38;2;79;118;19m[48;2;88;78;237m▤[0m[38;2;69;119;29m[48;2;91;84;226m▤[0m[38;2;58;107;44m[48;2;95;86;226m▤[0m[38;2;48;84;56m[48;2;98;87;234m▤[0m[38;2;41;55;62m[48;2;98;86;244m▤[0m[38;2;37;26;63m[48;2;94;82;249m▤[0m[38;2;35;3;61m[48;2;86;75;247m▤[0m[38;2;34;244;60m[48;2;76;70;237m▤[0m[38;2;33;243;60m[48;2;68;71;222m▤[0m[38;2;31;254;60m[48;2;65;78;207m▤[0m[38;2;30;17;59m[48;2;68;92;194m▤[0m[38;2;33;38;54m[48;2;75;109;188m▤[0m[38;2;42;60;44m[48;2;85;125;189m▤[0m[38;2;58;81;30m[48;2;93;133;198m▤[0m[38;2;76;100;13m[48;2;99;134;212m▤[0m[38;2;92;117;250m[48;2;100;129;230m▤[0m
[38;2;104;134;234m[48;2;96;122;253m▤[0m[38;2;106;142;217m[48;2;83;107;18m▤[0m[38;2;101;142;203m[48;2;66;89;36m▤[0m[38;2;93;133;194m[48;2;50;68;50m▤[0m[38;2;83;118;193m[48;2;41;46;60m▤[0m[38;2;76;101;199m[48;2;38;24;66m▤[0m[38;2;73;87;211m[48;2;38;6;67m▤[0m[38;2;77;79;227m[48;2;39;250;67m▤[0m[38;2;85;79;242m[48;2;40;251;68m▤[0m[38;2;94;83;252m[48;2;41;9;69m▤[0m[38;2;102;89;254m[48;2;43;33;70m▤[0m[38;2;106;93;248m[48;2;47;62;69m▤[0m[38;2;106;95;239m[48;2;54;91;62m▤[0m[38;2;103;94;232m[48;2;65;114;50m▤[0m[38;2;99;92;232m[48;2;77;126;36m▤[0m[38;2;96;86;243m[48;2;86;126;26m▤[0m[38;2;97;77;10m[48;2;91;115;24m▤[0m[38;2;102;65;36m[48;2;93;98;29m▤[0m[38;2;110;54;58m[48;2;93;81;37m▤[0m[38;2;117;53;73m[48;2;96;68;44m▤[0m[38;2;120;62;80m[48;2;104;63;46m▤[0m[38;2;116;83;79m[48;2;115;66;47m▤[0m[38;2;105;110;70m[48;2;128;76;48m▤[0m[38;2;91;136;59m[48;2;137;91;53m▤[0m[38;2;77;155;50m[48;2;138;106;63m▤[0m[38;2;65;162;46m[48;2;130;117;76m▤[0m[38;2;54;156;48m[48;2;114;120;92m▤[0m[38;2;41;138;54m[48;2;95;119;105m▤[0m[38;2;25;115;58m[48;2;77;115;113m▤[0m[38;2;7;94;56m[48;2;64;110;111m▤[0m[38;2;242;78;49m[48;2;57;106;99m▤[0m[38;2;221;70;42m[48;2;56;101;80m▤[0m[38;2;204;68;40m[48;2;58;92;64m▤[0m[38;2;193;70;45m[48;2;58;82;55m▤[0m[38;2;191;78;56m[48;2;54;69;60m▤[0m[38;2;200;90;70m[48;2;46;53;75m▤[0m[38;2;218;105;82m[48;2;37;34;94m▤[0m[38;2;245;116;92m[48;2;28;15;111m▤[0m[38;2;22;117;102m[48;2;18;1;120m▤[0m[38;2;55;104;115m[48;2;6;1;119m▤[0m[38;2;84;77;128m[48;2;247;16;109m▤[0m[38;2;104;42;139m[48;2;234;42;94m▤[0m[38;2;114;10;143m[48;2;225;73;79m▤[0m[38;2;111;245;138m[48;2;224;102;67m▤[0m[38;2;97;245;125m[48;2;229;124;61m▤[0m[38;2;75;10;107m[48;2;239;135;60m▤[0m[38;2;51;45;90m[48;2;251;133;63m▤[0m[38;2;30;84;79m[48;2;11;116;69m▤[0m[38;2;16;120;74m[48;2;34;89;83m▤[0m[38;2;2;139;69m[48;2;57;51;97m▤[0m[38;2;244;142;67m[48;2;82;17;115m▤[0m[38;2;234;132;68m[48;2;104;252;133m▤[0m[38;2;229;110;75m[48;2;119;253;146m▤[0m[38;2;230;81;86m[48;2;122;17;151m▤[0m[38;2;239;50;101m[48;2;112;49;147m▤[0m[38;2;252;23;117m[48;2;91;83;137m▤[0m[38;2;12;8;127m[48;2;62;110;124m▤[0m[38;2;24;9;128m[48;2;29;124;111m▤[0m[38;2;34;22;119m[48;2;252;123;101m▤[0m[38;2;43;41;102m[48;2;225;112;90m▤[0m[38;2;53;60;82m[48;2;206;98;78m▤[0m[38;2;61;76;67m[48;2;197;86;64m▤[0m[38;2;64;89;63m[48;2;198;79;53m▤[0m[38;2;64;100;72m[48;2;209;76;48m▤[0m[38;2;63;108;89m[48;2;226;77;50m▤[0m[38;2;64;114;107m[48;2;246;86;57m▤[0m[38;2;71;118;119m[48;2;12;102;63m▤[0m[38;2;84;123;121m[48;2;31;124;65m▤[0m[38;2;103;128;113m[48;2;47;147;61m▤[0m[38;2;123;129;100m[48;2;60;164;55m▤[0m[38;2;139;125;85m[48;2;73;171;53m▤[0m[38;2;147;114;71m[48;2;85;164;57m▤[0m[38;2;145;99;61m[48;2;99;145;67m▤[0m[38;2;136;84;56m[48;2;113;119;78m▤[0m[38;2;124;74;54m[48;2;123;92;86m▤[0m[38;2;113;71;53m[48;2;127;71;87m▤[0m[38;2;105;76;50m[48;2;125;61;80m▤[0m[38;2;102;89;43m[48;2;118;63;65m▤[0m[38;2;101;106;35m[48;2;110;72;43m▤[0m[38;2;99;123;30m[48;2;106;84;17m▤[0m[38;2;94;134;33m[48;2;105;93;250m▤[0m[38;2;84;135;43m[48;2;108;99;238m▤[0m[38;2;73;122;58m[48;2;111;102;238m▤[0m[38;2;63;99;70m[48;2;114;103;245m▤[0m[38;2;55;70;76m[48;2;114;102;254m▤[0m[38;2;51;40;77m[48;2;110;97;4m▤[0m[38;2;49;17;76m[48;2;102;91;2m▤[0m[38;2;48;3;75m[48;2;92;86;247m▤[0m[38;2;46;1;75m[48;2;84;87;232m▤[0m[38;2;45;12;75m[48;2;81;95;217m▤[0m[38;2;44;30;73m[48;2;84;109;204m▤[0m[38;2;48;52;68m[48;2;91;126;198m▤[0m[38;2;57;75;57m[48;2;101;142;199m▤[0m[38;2;73;97;43m[48;2;109;150;208m▤[0m[38;2;91;116;25m[48;2;115;151;222m▤[0m[38;2;107;134;7m[48;2;115;146;241m▤[0m
[38;2;120;151;245m[48;2;112;139;10m▤[0m[38;2;122;160;228m[48;2;98;124;31m▤[0m[38;2;117;159;213m[48;2;81;105;49m▤[0m[38;2;109;150;204m[48;2;65;83;64m▤[0m[38;2;99;135;203m[48;2;56;60;74m▤[0m[38;2;92;118;209m[48;2;52;38;80m▤[0m[38;2;90;104;221m[48;2;52;19;82m▤[0m[38;2;93;96;237m[48;2;53;8;82m▤[0m[38;2;101;95;252m[48;2;54;10;83m▤[0m[38;2;110;99;7m[48;2;55;23;84m▤[0m[38;2;118;105;9m[48;2;57;47;85m▤[0m[38;2;122;109;4m[48;2;62;77;83m▤[0m[38;2;123;111;250m[48;2;69;106;76m▤[0m[38;2;120;110;244m[48;2;80;130;64m▤[0m[38;2;116;108;245m[48;2;92;142;50m▤[0m[38;2;113;102;1m[48;2;101;142;40m▤[0m[38;2;114;92;23m[48;2;107;131;38m▤[0m[38;2;119;80;49m[48;2;109;115;43m▤[0m[38;2;127;70;72m[48;2;110;98;51m▤[0m[38;2;134;69;87m[48;2;113;85;57m▤[0m[38;2;137;79;94m[48;2;122;79;60m▤[0m[38;2;132;100;93m[48;2;133;82;61m▤[0m[38;2;121;127;85m[48;2;146;92;63m▤[0m[38;2;107;153;74m[48;2;154;107;68m▤[0m[38;2;93;173;65m[48;2;155;122;78m▤[0m[38;2;80;180;61m[48;2;147;133;92m▤[0m[38;2;68;174;63m[48;2;131;137;108m▤[0m[38;2;54;156;68m[48;2;112;136;121m▤[0m[38;2;38;133;72m[48;2;93;132;129m▤[0m[38;2;19;111;70m[48;2;80;127;127m▤[0m[38;2;253;95;63m[48;2;73;123;115m▤[0m[38;2;232;86;57m[48;2;71;117;96m▤[0m[38;2;214;84;55m[48;2;72;108;80m▤[0m[38;2;203;86;60m[48;2;72;97;72m▤[0m[38;2;202;94;71m[48;2;68;84;76m▤[0m[38;2;211;107;85m[48;2;60;67;91m▤[0m[38;2;230;121;98m[48;2;51;48;110m▤[0m[38;2;2;132;108m[48;2;41;29;127m▤[0m[38;2;35;132;119m[48;2;31;15;136m▤[0m[38;2;69;119;133m[48;2;18;15;135m▤[0m[38;2;98;91;146m[48;2;4;30;125m▤[0m[38;2;119;56;157m[48;2;246;57;110m▤[0m[38;2;129;24;160m[48;2;237;88;95m▤[0m[38;2;127;5;155m[48;2;235;118;83m▤[0m[38;2;112;5;142m[48;2;240;140;77m▤[0m[38;2;90;25;124m[48;2;250;151;76m▤[0m[38;2;66;60;107m[48;2;8;149;78m▤[0m[38;2;44;99;95m[48;2;24;131;85m▤[0m[38;2;29;135;90m[48;2;48;104;100m▤[0m[38;2;14;155;85m[48;2;72;66;114m▤[0m[38;2;1;159;83m[48;2;97;32;133m▤[0m[38;2;246;148;84m[48;2;120;12;151m▤[0m[38;2;241;126;91m[48;2;135;13;164m▤[0m[38;2;242;97;103m[48;2;138;32;169m▤[0m[38;2;251;65;118m[48;2;128;64;165m▤[0m[38;2;9;38;134m[48;2;106;98;155m▤[0m[38;2;24;23;144m[48;2;76;125;142m▤[0m[38;2;37;23;145m[48;2;42;139;129m▤[0m[38;2;47;36;135m[48;2;9;139;118m▤[0m[38;2;57;55;118m[48;2;237;129;106m▤[0m[38;2;67;74;99m[48;2;217;115;93m▤[0m[38;2;75;91;84m[48;2;208;103;79m▤[0m[38;2;79;105;80m[48;2;209;95;68m▤[0m[38;2;79;116;89m[48;2;220;92;63m▤[0m[38;2;78;125;105m[48;2;237;94;65m▤[0m[38;2;80;131;123m[48;2;3;103;71m▤[0m[38;2;87;136;135m[48;2;24;120;77m▤[0m[38;2;101;141;137m[48;2;44;142;79m▤[0m[38;2;120;146;130m[48;2;61;165;75m▤[0m[38;2;140;146;117m[48;2;75;182;70m▤[0m[38;2;156;142;101m[48;2;88;189;68m▤[0m[38;2;164;131;87m[48;2;101;182;73m▤[0m[38;2;163;116;77m[48;2;116;163;82m▤[0m[38;2;154;101;71m[48;2;130;137;93m▤[0m[38;2;142;91;69m[48;2;140;109;101m▤[0m[38;2;131;88;67m[48;2;144;88;102m▤[0m[38;2;123;93;64m[48;2;142;78;95m▤[0m[38;2;119;106;57m[48;2;136;79;79m▤[0m[38;2;118;123;49m[48;2;128;88;56m▤[0m[38;2;115;140;45m[48;2;124;100;30m▤[0m[38;2;110;151;48m[48;2;123;109;8m▤[0m[38;2;100;151;58m[48;2;125;115;251m▤[0m[38;2;89;138;72m[48;2;128;118;250m▤[0m[38;2;78;115;84m[48;2;131;120;2m▤[0m[38;2;70;85;91m[48;2;131;118;10m▤[0m[38;2;66;55;92m[48;2;127;113;15m▤[0m[38;2;63;31;92m[48;2;119;107;13m▤[0m[38;2;62;17;91m[48;2;109;103;3m▤[0m[38;2;60;15;91m[48;2;101;104;243m▤[0m[38;2;59;26;90m[48;2;98;113;227m▤[0m[38;2;59;44;88m[48;2;101;127;214m▤[0m[38;2;63;67;82m[48;2;108;144;208m▤[0m[38;2;73;90;71m[48;2;118;160;209m▤[0m[38;2;89;113;56m[48;2;126;168;218m▤[0m[38;2;107;133;38m[48;2;131;169;233m▤[0m[38;2;123;152;19m[48;2;131;164;253m▤[0m
[38;2;136;170;2m[48;2;128;157;22m▤[0m[38;2;139;178;239m[48;2;114;141;44m▤[0m[38;2;134;177;224m[48;2;97;122;63m▤[0m[38;2;126;168;215m[48;2;81;99;78m▤[0m[38;2;116;153;214m[48;2;71;75;89m▤[0m[38;2;109;136;220m[48;2;67;52;95m▤[0m[38;2;107;122;232m[48;2;67;33;98m▤[0m[38;2;110;114;248m[48;2;68;22;98m▤[0m[38;2;118;112;8m[48;2;69;24;99m▤[0m[38;2;127;116;18m[48;2;70;38;100m▤[0m[38;2;135;122;20m[48;2;72;62;101m▤[0m[38;2;139;126;15m[48;2;77;93;98m▤[0m[38;2;140;128;7m[48;2;85;122;91m▤[0m[38;2;137;127;1m[48;2;96;146;79m▤[0m[38;2;134;124;3m[48;2;108;159;65m▤[0m[38;2;131;118;15m[48;2;117;159;55m▤[0m[38;2;132;108;37m[48;2;123;148;53m▤[0m[38;2;137;96;63m[48;2;126;132;57m▤[0m[38;2;145;87;86m[48;2;128;115;65m▤[0m[38;2;152;86;102m[48;2;132;102;71m▤[0m[38;2;154;97;109m[48;2;140;96;74m▤[0m[38;2;149;118;108m[48;2;152;99;76m▤[0m[38;2;138;145;101m[48;2;164;109;78m▤[0m[38;2;124;171;90m[48;2;172;124;84m▤[0m[38;2;110;191;81m[48;2;173;139;94m▤[0m[38;2;96;198;77m[48;2;165;150;109m▤[0m[38;2;83;192;78m[48;2;149;155;125m▤[0m[38;2;68;175;83m[48;2;129;154;138m▤[0m[38;2;51;152;87m[48;2;110;150;146m▤[0m[38;2;31;129;85m[48;2;97;145;144m▤[0m[38;2;10;113;78m[48;2;89;141;131m▤[0m[38;2;243;103;72m[48;2;87;134;113m▤[0m[38;2;225;101;71m[48;2;87;125;97m▤[0m[38;2;214;103;76m[48;2;87;113;89m▤[0m[38;2;213;111;87m[48;2;83;99;93m▤[0m[38;2;222;124;101m[48;2;75;82;108m▤[0m[38;2;242;138;114m[48;2;65;62;127m▤[0m[38;2;15;148;125m[48;2;55;43;144m▤[0m[38;2;49;148;137m[48;2;44;30;153m▤[0m[38;2;83;134;151m[48;2;31;30;152m▤[0m[38;2;113;106;165m[48;2;16;45;142m▤[0m[38;2;135;71;175m[48;2;3;72;127m▤[0m[38;2;145;39;178m[48;2;249;104;112m▤[0m[38;2;143;20;173m[48;2;247;134;100m▤[0m[38;2;128;20;160m[48;2;252;157;93m▤[0m[38;2;106;40;142m[48;2;7;168;92m▤[0m[38;2;81;75;125m[48;2;21;165;94m▤[0m[38;2;59;115;112m[48;2;38;147;102m▤[0m[38;2;43;151;107m[48;2;63;120;117m▤[0m[38;2;27;172;102m[48;2;88;82;132m▤[0m[38;2;14;176;100m[48;2;113;48;151m▤[0m[38;2;3;165;101m[48;2;136;28;169m▤[0m[38;2;253;143;108m[48;2;151;29;183m▤[0m[38;2;0;113;120m[48;2;154;48;188m▤[0m[38;2;9;81;136m[48;2;144;79;184m▤[0m[38;2;22;54;151m[48;2;122;114;174m▤[0m[38;2;37;39;161m[48;2;91;141;161m▤[0m[38;2;50;38;162m[48;2;56;155;147m▤[0m[38;2;61;51;152m[48;2;22;156;135m▤[0m[38;2;72;70;135m[48;2;249;147;123m▤[0m[38;2;82;89;116m[48;2;229;133;109m▤[0m[38;2;90;107;102m[48;2;219;121;95m▤[0m[38;2;94;121;98m[48;2;220;112;84m▤[0m[38;2;95;133;106m[48;2;231;109;79m▤[0m[38;2;94;143;122m[48;2;249;112;81m▤[0m[38;2;97;149;140m[48;2;15;121;86m▤[0m[38;2;105;154;152m[48;2;37;139;92m▤[0m[38;2;119;160;154m[48;2;58;161;94m▤[0m[38;2;138;164;147m[48;2;75;184;90m▤[0m[38;2;158;164;134m[48;2;90;201;86m▤[0m[38;2;174;160;118m[48;2;104;208;84m▤[0m[38;2;182;149;104m[48;2;118;201;89m▤[0m[38;2;181;134;93m[48;2;133;182;98m▤[0m[38;2;173;119;87m[48;2;147;155;109m▤[0m[38;2;161;109;84m[48;2;158;127;117m▤[0m[38;2;150;106;82m[48;2;162;106;118m▤[0m[38;2;142;111;78m[48;2;160;96;110m▤[0m[38;2;137;124;72m[48;2;154;96;94m▤[0m[38;2;135;141;64m[48;2;147;105;70m▤[0m[38;2;132;158;60m[48;2;142;116;44m▤[0m[38;2;126;168;63m[48;2;141;126;22m▤[0m[38;2;117;168;73m[48;2;143;132;10m▤[0m[38;2;105;155;87m[48;2;146;136;8m▤[0m[38;2;94;131;99m[48;2;149;137;14m▤[0m[38;2;86;101;106m[48;2;149;135;22m▤[0m[38;2;81;71;108m[48;2;144;130;26m▤[0m[38;2;78;46;108m[48;2;136;124;24m▤[0m[38;2;77;32;107m[48;2;127;121;14m▤[0m[38;2;75;30;107m[48;2;119;122;254m▤[0m[38;2;74;40;106m[48;2;116;131;238m▤[0m[38;2;74;59;104m[48;2;119;146;225m▤[0m[38;2;79;82;97m[48;2;126;163;219m▤[0m[38;2;89;106;86m[48;2;135;178;220m▤[0m[38;2;106;130;70m[48;2;143;187;229m▤[0m[38;2;124;151;52m[48;2;148;188;245m▤[0m[38;2;140;170;32m[48;2;148;183;10m▤[0m
[38;2;153;189;14m[48;2;145;176;35m▤[0m[38;2;156;197;251m[48;2;131;160;58m▤[0m[38;2;152;196;235m[48;2;114;139;77m▤[0m[38;2;144;187;226m[48;2;98;116;93m▤[0m[38;2;134;172;225m[48;2;87;91;104m▤[0m[38;2;127;155;231m[48;2;83;67;111m▤[0m[38;2;125;141;243m[48;2;82;48;114m▤[0m[38;2;128;132;4m[48;2;83;37;115m▤[0m[38;2;136;130;19m[48;2;84;39;116m▤[0m[38;2;145;134;29m[48;2;85;53;117m▤[0m[38;2;153;140;32m[48;2;88;78;117m▤[0m[38;2;157;144;27m[48;2;93;109;114m▤[0m[38;2;158;146;20m[48;2;102;139;107m▤[0m[38;2;156;145;14m[48;2;113;163;95m▤[0m[38;2;153;141;17m[48;2;125;177;81m▤[0m[38;2;150;135;29m[48;2;134;177;71m▤[0m[38;2;151;125;51m[48;2;140;166;68m▤[0m[38;2;156;113;77m[48;2;144;150;72m▤[0m[38;2;164;105;101m[48;2;146;133;80m▤[0m[38;2;170;104;117m[48;2;151;120;86m▤[0m[38;2;172;115;125m[48;2;159;114;89m▤[0m[38;2;167;137;124m[48;2;171;117;92m▤[0m[38;2;156;164;117m[48;2;183;127;94m▤[0m[38;2;142;190;107m[48;2;191;142;101m▤[0m[38;2;127;210;98m[48;2;192;157;112m▤[0m[38;2;113;217;93m[48;2;184;168;127m▤[0m[38;2;99;211;94m[48;2;168;173;143m▤[0m[38;2;83;194;99m[48;2;147;173;156m▤[0m[38;2;65;171;102m[48;2;128;169;163m▤[0m[38;2;44;148;100m[48;2;114;164;161m▤[0m[38;2;22;131;94m[48;2;106;159;148m▤[0m[38;2;0;121;88m[48;2;103;152;131m▤[0m[38;2;237;119;87m[48;2;103;143;115m▤[0m[38;2;226;121;93m[48;2;102;130;107m▤[0m[38;2;225;129;104m[48;2;98;115;111m▤[0m[38;2;234;142;118m[48;2;90;97;126m▤[0m[38;2;0;156;131m[48;2;80;77;145m▤[0m[38;2;29;165;143m[48;2;69;58;162m▤[0m[38;2;63;165;156m[48;2;58;46;171m▤[0m[38;2;98;150;170m[48;2;44;46;170m▤[0m[38;2;129;122;184m[48;2;29;61;160m▤[0m[38;2;152;87;194m[48;2;16;88;145m▤[0m[38;2;162;55;197m[48;2;7;121;130m▤[0m[38;2;160;36;192m[48;2;5;151;118m▤[0m[38;2;145;36;179m[48;2;10;174;110m▤[0m[38;2;123;56;161m[48;2;20;186;109m▤[0m[38;2;97;91;143m[48;2;34;182;111m▤[0m[38;2;74;131;130m[48;2;53;164;119m▤[0m[38;2;58;168;125m[48;2;78;137;135m▤[0m[38;2;41;190;120m[48;2;104;99;151m▤[0m[38;2;27;194;117m[48;2;130;65;170m▤[0m[38;2;16;183;119m[48;2;153;45;189m▤[0m[38;2;11;161;126m[48;2;168;45;202m▤[0m[38;2;13;130;139m[48;2;171;64;207m▤[0m[38;2;22;98;154m[48;2;161;95;204m▤[0m[38;2;35;70;169m[48;2;138;130;194m▤[0m[38;2;50;55;179m[48;2;107;158;181m▤[0m[38;2;64;54;180m[48;2;71;173;166m▤[0m[38;2;76;66;170m[48;2;36;174;153m▤[0m[38;2;87;85;153m[48;2;7;165;141m▤[0m[38;2;98;105;135m[48;2;241;152;126m▤[0m[38;2;106;123;121m[48;2;231;139;112m▤[0m[38;2;110;138;117m[48;2;232;130;101m▤[0m[38;2;111;151;125m[48;2;243;127;96m▤[0m[38;2;111;161;140m[48;2;6;130;97m▤[0m[38;2;114;168;158m[48;2;28;140;102m▤[0m[38;2;123;174;170m[48;2;51;158;108m▤[0m[38;2;137;179;172m[48;2;72;181;110m▤[0m[38;2;157;183;165m[48;2;90;204;106m▤[0m[38;2;177;183;152m[48;2;106;221;102m▤[0m[38;2;193;179;136m[48;2;121;228;101m▤[0m[38;2;201;167;122m[48;2;136;221;106m▤[0m[38;2;201;152;110m[48;2;151;201;115m▤[0m[38;2;193;137;104m[48;2;166;174;126m▤[0m[38;2;181;127;100m[48;2;177;146;133m▤[0m[38;2;170;124;98m[48;2;181;125;134m▤[0m[38;2;161;130;94m[48;2;179;114;126m▤[0m[38;2;156;143;87m[48;2;173;114;109m▤[0m[38;2;153;160;80m[48;2;166;122;85m▤[0m[38;2;150;176;76m[48;2;161;133;59m▤[0m[38;2;144;186;79m[48;2;160;143;37m▤[0m[38;2;134;186;89m[48;2;162;150;24m▤[0m[38;2;122;173;103m[48;2;165;154;22m▤[0m[38;2;111;148;115m[48;2;168;155;27m▤[0m[38;2;103;118;122m[48;2;167;153;34m▤[0m[38;2;97;87;125m[48;2;162;148;38m▤[0m[38;2;94;62;125m[48;2;154;143;36m▤[0m[38;2;93;47;124m[48;2;145;140;26m▤[0m[38;2;91;45;124m[48;2;137;141;11m▤[0m[38;2;90;55;123m[48;2;135;150;250m▤[0m[38;2;90;74;120m[48;2;137;165;237m▤[0m[38;2;96;98;113m[48;2;144;182;230m▤[0m[38;2;106;123;101m[48;2;153;197;232m▤[0m[38;2;123;148;85m[48;2;161;207;241m▤[0m[38;2;141;170;66m[48;2;166;208;2m▤[0m[38;2;158;190;45m[48;2;166;203;23m▤[0m
[38;2;171;209;27m[48;2;163;196;49m▤[0m[38;2;174;217;8m[48;2;149;179;72m▤[0m[38;2;171;216;247m[48;2;132;157;92m▤[0m[38;2;163;207;238m[48;2;116;133;109m▤[0m[38;2;153;192;237m[48;2;105;107;120m▤[0m[38;2;146;175;243m[48;2;100;83;128m▤[0m[38;2;144;161;0m[48;2;98;64;131m▤[0m[38;2;147;152;16m[48;2;99;53;133m▤[0m[38;2;155;149;31m[48;2;100;55;134m▤[0m[38;2;164;153;41m[48;2;101;69;134m▤[0m[38;2;172;158;44m[48;2;105;95;134m▤[0m[38;2;176;163;40m[48;2;110;126;131m▤[0m[38;2;177;165;33m[48;2;119;157;123m▤[0m[38;2;175;164;28m[48;2;131;181;111m▤[0m[38;2;172;160;31m[48;2;143;195;97m▤[0m[38;2;170;153;44m[48;2;152;196;87m▤[0m[38;2;171;143;66m[48;2;159;185;84m▤[0m[38;2;176;131;92m[48;2;163;169;88m▤[0m[38;2;184;123;117m[48;2;166;152;95m▤[0m[38;2;190;123;133m[48;2;171;139;102m▤[0m[38;2;191;134;142m[48;2;179;133;105m▤[0m[38;2;186;156;141m[48;2;191;136;108m▤[0m[38;2;175;184;134m[48;2;203;146;111m▤[0m[38;2;161;210;124m[48;2;211;161;119m▤[0m[38;2;145;230;115m[48;2;212;176;130m▤[0m[38;2;130;237;110m[48;2;204;187;145m▤[0m[38;2;115;231;111m[48;2;187;193;161m▤[0m[38;2;99;214;115m[48;2;166;193;174m▤[0m[38;2;80;191;118m[48;2;147;189;181m▤[0m[38;2;58;168;116m[48;2;133;184;179m▤[0m[38;2;35;151;110m[48;2;124;178;167m▤[0m[38;2;13;140;105m[48;2;120;171;150m▤[0m[38;2;249;137;104m[48;2;120;161;134m▤[0m[38;2;238;140;110m[48;2;118;148;126m▤[0m[38;2;237;148;121m[48;2;114;132;130m▤[0m[38;2;247;161;135m[48;2;106;113;145m▤[0m[38;2;13;175;149m[48;2;96;93;164m▤[0m[38;2;43;184;162m[48;2;84;74;180m▤[0m[38;2;78;183;176m[48;2;72;62;190m▤[0m[38;2;114;167;190m[48;2;58;63;189m▤[0m[38;2;146;139;204m[48;2;43;78;179m▤[0m[38;2;169;104;214m[48;2;29;105;164m▤[0m[38;2;180;72;217m[48;2;20;138;149m▤[0m[38;2;178;53;212m[48;2;18;169;136m▤[0m[38;2;163;53;199m[48;2;23;193;128m▤[0m[38;2;140;73;181m[48;2;34;204;127m▤[0m[38;2;114;108;163m[48;2;48;200;129m▤[0m[38;2;90;148;149m[48;2;68;182;137m▤[0m[38;2;73;186;144m[48;2;94;154;154m▤[0m[38;2;55;208;138m[48;2;121;116;171m▤[0m[38;2;41;213;136m[48;2;148;82;190m▤[0m[38;2;30;202;138m[48;2;171;62;209m▤[0m[38;2;25;179;145m[48;2;186;62;222m▤[0m[38;2;27;148;158m[48;2;189;81;228m▤[0m[38;2;36;115;173m[48;2;179;112;225m▤[0m[38;2;49;87;188m[48;2;155;147;215m▤[0m[38;2;64;72;198m[48;2;123;175;201m▤[0m[38;2;79;71;199m[48;2;87;191;186m▤[0m[38;2;91;82;189m[48;2;51;193;173m▤[0m[38;2;103;101;172m[48;2;21;184;159m▤[0m[38;2;114;122;154m[48;2;254;171;144m▤[0m[38;2;122;140;140m[48;2;244;158;130m▤[0m[38;2;127;156;136m[48;2;245;149;119m▤[0m[38;2;128;170;144m[48;2;1;146;114m▤[0m[38;2;129;180;159m[48;2;19;149;114m▤[0m[38;2;133;188;177m[48;2;41;160;119m▤[0m[38;2;142;194;189m[48;2;65;178;125m▤[0m[38;2;157;199;191m[48;2;87;202;126m▤[0m[38;2;177;203;184m[48;2;106;225;123m▤[0m[38;2;197;203;171m[48;2;123;242;119m▤[0m[38;2;213;198;155m[48;2;139;249;119m▤[0m[38;2;222;186;140m[48;2;154;241;124m▤[0m[38;2;222;171;128m[48;2;170;221;133m▤[0m[38;2;214;156;121m[48;2;185;194;143m▤[0m[38;2;202;146;117m[48;2;196;166;150m▤[0m[38;2;191;143;114m[48;2;201;145;151m▤[0m[38;2;182;149;110m[48;2;199;133;142m▤[0m[38;2;176;162;103m[48;2;193;133;125m▤[0m[38;2;173;179;96m[48;2;186;140;101m▤[0m[38;2;169;195;93m[48;2;181;151;74m▤[0m[38;2;162;205;96m[48;2;180;162;52m▤[0m[38;2;152;205;106m[48;2;182;169;39m▤[0m[38;2;140;191;120m[48;2;185;173;36m▤[0m[38;2;129;166;132m[48;2;187;174;41m▤[0m[38;2;120;136;139m[48;2;186;172;47m▤[0m[38;2;114;104;143m[48;2;181;167;51m▤[0m[38;2;111;79;143m[48;2;173;162;48m▤[0m[38;2;109;63;142m[48;2;164;159;38m▤[0m[38;2;107;61;142m[48;2;157;161;23m▤[0m[38;2;106;71;141m[48;2;154;170;7m▤[0m[38;2;107;90;137m[48;2;156;185;249m▤[0m[38;2;113;115;130m[48;2;163;202;242m▤[0m[38;2;124;141;117m[48;2;172;218;244m▤[0m[38;2;141;167;101m[48;2;180;227;253m▤[0m[38;2;159;190;81m[48;2;185;229;15m▤[0m[38;2;176;210;59m[48;2;185;224;36m▤[0m
[38;2;190;230;41m[48;2;182;217;63m▤[0m[38;2;194;238;21m[48;2;168;199;87m▤[0m[38;2;190;237;5m[48;2;151;176;108m▤[0m[38;2;182;228;250m[48;2;134;151;125m▤[0m[38;2;173;213;249m[48;2;123;124;137m▤[0m[38;2;166;196;0m[48;2;117;100;145m▤[0m[38;2;164;182;13m[48;2;115;80;149m▤[0m[38;2;167;172;29m[48;2;116;70;151m▤[0m[38;2;175;169;44m[48;2;117;72;152m▤[0m[38;2;184;173;54m[48;2;119;86;152m▤[0m[38;2;192;178;57m[48;2;122;112;152m▤[0m[38;2;196;182;53m[48;2;128;144;148m▤[0m[38;2;197;184;47m[48;2;137;175;140m▤[0m[38;2;195;183;43m[48;2;149;200;128m▤[0m[38;2;192;179;46m[48;2;161;214;114m▤[0m[38;2;191;172;60m[48;2;171;215;104m▤[0m[38;2;192;162;82m[48;2;178;205;101m▤[0m[38;2;197;150;108m[48;2;183;189;105m▤[0m[38;2;205;142;133m[48;2;186;172;112m▤[0m[38;2;210;143;150m[48;2;192;159;118m▤[0m[38;2;211;154;159m[48;2;201;153;122m▤[0m[38;2;206;176;159m[48;2;212;156;125m▤[0m[38;2;195;205;152m[48;2;224;166;129m▤[0m[38;2;180;231;142m[48;2;232;181;137m▤[0m[38;2;164;251;133m[48;2;233;196;149m▤[0m[38;2;148;4;128m[48;2;224;207;164m▤[0m[38;2;132;253;129m[48;2;207;213;180m▤[0m[38;2;115;236;132m[48;2;186;214;193m▤[0m[38;2;95;212;135m[48;2;167;210;200m▤[0m[38;2;73;189;133m[48;2;152;205;198m▤[0m[38;2;49;171;127m[48;2;143;199;186m▤[0m[38;2;26;160;123m[48;2;139;191;169m▤[0m[38;2;7;157;122m[48;2;138;180;154m▤[0m[38;2;251;160;128m[48;2;136;167;146m▤[0m[38;2;250;168;139m[48;2;131;150;150m▤[0m[38;2;5;181;153m[48;2;123;130;165m▤[0m[38;2;27;195;168m[48;2;112;110;183m▤[0m[38;2;58;203;182m[48;2;100;91;200m▤[0m[38;2;94;201;196m[48;2;87;79;209m▤[0m[38;2;131;185;211m[48;2;72;80;209m▤[0m[38;2;164;157;225m[48;2;57;96;199m▤[0m[38;2;187;122;235m[48;2;43;123;184m▤[0m[38;2;198;90;238m[48;2;34;156;169m▤[0m[38;2;196;71;233m[48;2;32;188;155m▤[0m[38;2;181;71;220m[48;2;37;212;147m▤[0m[38;2;158;91;202m[48;2;48;223;146m▤[0m[38;2;132;126;183m[48;2;63;219;148m▤[0m[38;2;107;166;169m[48;2;84;200;157m▤[0m[38;2;89;205;163m[48;2;111;172;174m▤[0m[38;2;70;227;157m[48;2;139;134;192m▤[0m[38;2;55;233;155m[48;2;167;100;211m▤[0m[38;2;44;222;157m[48;2;190;80;230m▤[0m[38;2;39;198;165m[48;2;205;80;244m▤[0m[38;2;41;167;178m[48;2;208;99;250m▤[0m[38;2;50;133;193m[48;2;197;130;247m▤[0m[38;2;64;105;208m[48;2;173;165;237m▤[0m[38;2;79;90;218m[48;2;140;194;223m▤[0m[38;2;94;88;219m[48;2;103;210;207m▤[0m[38;2;107;99;209m[48;2;66;213;193m▤[0m[38;2;120;118;192m[48;2;35;204;179m▤[0m[38;2;131;139;174m[48;2;13;191;163m▤[0m[38;2;139;158;160m[48;2;2;178;149m▤[0m[38;2;144;175;157m[48;2;3;169;138m▤[0m[38;2;146;190;164m[48;2;14;166;132m▤[0m[38;2;148;200;179m[48;2;32;170;132m▤[0m[38;2;152;209;197m[48;2;55;181;137m▤[0m[38;2;162;215;209m[48;2;80;200;142m▤[0m[38;2;177;221;211m[48;2;103;224;143m▤[0m[38;2;197;224;204m[48;2;123;247;141m▤[0m[38;2;218;224;191m[48;2;141;9;137m▤[0m[38;2;234;218;175m[48;2;157;16;137m▤[0m[38;2;243;206;159m[48;2;173;8;143m▤[0m[38;2;243;191;147m[48;2;190;243;152m▤[0m[38;2;236;176;139m[48;2;205;215;162m▤[0m[38;2;224;166;135m[48;2;216;187;168m▤[0m[38;2;213;163;131m[48;2;222;165;169m▤[0m[38;2;203;169;127m[48;2;220;153;160m▤[0m[38;2;197;182;120m[48;2;214;153;142m▤[0m[38;2;193;199;113m[48;2;207;160;117m▤[0m[38;2;189;215;110m[48;2;202;171;90m▤[0m[38;2;181;225;114m[48;2;201;181;68m▤[0m[38;2;171;225;124m[48;2;203;189;54m▤[0m[38;2;159;210;137m[48;2;206;193;51m▤[0m[38;2;147;185;149m[48;2;208;194;55m▤[0m[38;2;138;154;157m[48;2;206;192;61m▤[0m[38;2;132;122;161m[48;2;201;187;64m▤[0m[38;2;129;96;162m[48;2;193;182;61m▤[0m[38;2;126;80;161m[48;2;184;179;51m▤[0m[38;2;124;78;161m[48;2;177;182;36m▤[0m[38;2;123;88;159m[48;2;174;191;20m▤[0m[38;2;125;107;155m[48;2;176;206;7m▤[0m[38;2;131;133;147m[48;2;183;224;0m▤[0m[38;2;143;160;134m[48;2;192;239;2m▤[0m[38;2;160;186;117m[48;2;200;249;11m▤[0m[38;2;178;210;96m[48;2;205;251;28m▤[0m[38;2;195;231;74m[48;2;205;246;50m▤[0m
[38;2;210;252;55m[48;2;202;238;78m▤[0m[38;2;214;5;35m[48;2;188;220;103m▤[0m[38;2;210;4;18m[48;2;170;196;125m▤[0m[38;2;203;250;8m[48;2;153;170;142m▤[0m[38;2;194;235;7m[48;2;142;143;155m▤[0m[38;2;187;218;13m[48;2;135;117;163m▤[0m[38;2;185;203;26m[48;2;133;97;168m▤[0m[38;2;188;193;42m[48;2;134;87;170m▤[0m[38;2;196;190;57m[48;2;135;89;171m▤[0m[38;2;205;193;67m[48;2;137;104;171m▤[0m[38;2;213;198;71m[48;2;140;130;171m▤[0m[38;2;217;202;67m[48;2;147;163;167m▤[0m[38;2;218;204;62m[48;2;156;194;158m▤[0m[38;2;216;203;58m[48;2;168;220;146m▤[0m[38;2;214;199;62m[48;2;180;234;132m▤[0m[38;2;213;192;76m[48;2;191;236;122m▤[0m[38;2;214;182;99m[48;2;198;226;119m▤[0m[38;2;219;170;125m[48;2;203;210;123m▤[0m[38;2;226;162;150m[48;2;207;193;129m▤[0m[38;2;231;164;168m[48;2;214;180;135m▤[0m[38;2;232;175;177m[48;2;223;174;140m▤[0m[38;2;227;198;177m[48;2;235;177;143m▤[0m[38;2;216;226;171m[48;2;246;187;148m▤[0m[38;2;201;253;161m[48;2;254;202;156m▤[0m[38;2;184;18;152m[48;2;0;217;169m▤[0m[38;2;167;26;147m[48;2;246;228;184m▤[0m[38;2;150;20;147m[48;2;229;235;200m▤[0m[38;2;132;3;150m[48;2;208;236;213m▤[0m[38;2;111;235;153m[48;2;188;232;220m▤[0m[38;2;88;211;151m[48;2;172;227;218m▤[0m[38;2;63;192;146m[48;2;163;220;206m▤[0m[38;2;40;181;142m[48;2;158;212;189m▤[0m[38;2;21;178;141m[48;2;156;200;175m▤[0m[38;2;10;181;147m[48;2;154;186;167m▤[0m[38;2;9;189;158m[48;2;149;169;171m▤[0m[38;2;19;202;173m[48;2;140;148;185m▤[0m[38;2;42;215;188m[48;2;129;127;203m▤[0m[38;2;74;223;203m[48;2;117;108;220m▤[0m[38;2;111;220;218m[48;2;103;97;230m▤[0m[38;2;149;204;233m[48;2;87;98;229m▤[0m[38;2;182;175;247m[48;2;72;114;220m▤[0m[38;2;206;140;2m[48;2;58;142;205m▤[0m[38;2;217;108;5m[48;2;49;176;189m▤[0m[38;2;215;89;0m[48;2;47;208;175m▤[0m[38;2;200;90;242m[48;2;52;232;167m▤[0m[38;2;177;110;223m[48;2;63;243;166m▤[0m[38;2;150;145;204m[48;2;79;239;168m▤[0m[38;2;125;185;190m[48;2;100;220;177m▤[0m[38;2;106;225;184m[48;2;129;191;195m▤[0m[38;2;86;248;178m[48;2;158;153;214m▤[0m[38;2;70;254;175m[48;2;186;119;233m▤[0m[38;2;59;243;178m[48;2;210;99;252m▤[0m[38;2;54;219;186m[48;2;225;99;11m▤[0m[38;2;56;187;199m[48;2;228;118;17m▤[0m[38;2;65;152;215m[48;2;216;149;15m▤[0m[38;2;79;124;230m[48;2;192;184;5m▤[0m[38;2;95;108;239m[48;2;158;213;245m▤[0m[38;2;110;106;240m[48;2;120;230;229m▤[0m[38;2;124;117;230m[48;2;82;233;214m▤[0m[38;2;137;136;213m[48;2;50;225;199m▤[0m[38;2;149;157;195m[48;2;27;212;183m▤[0m[38;2;157;177;182m[48;2;16;199;169m▤[0m[38;2;163;195;178m[48;2;17;190;158m▤[0m[38;2;165;210;185m[48;2;28;187;151m▤[0m[38;2;168;222;200m[48;2;46;191;151m▤[0m[38;2;172;231;217m[48;2;70;203;156m▤[0m[38;2;183;238;229m[48;2;95;222;160m▤[0m[38;2;198;243;232m[48;2;119;247;162m▤[0m[38;2;219;246;225m[48;2;140;15;160m▤[0m[38;2;240;246;212m[48;2;159;32;156m▤[0m[38;2;1;240;195m[48;2;176;39;157m▤[0m[38;2;10;228;179m[48;2;193;31;162m▤[0m[38;2;11;212;167m[48;2;211;10;171m▤[0m[38;2;4;197;158m[48;2;226;237;181m▤[0m[38;2;247;187;153m[48;2;238;209;187m▤[0m[38;2;235;184;149m[48;2;243;187;187m▤[0m[38;2;225;190;145m[48;2;242;175;178m▤[0m[38;2;219;204;138m[48;2;236;174;160m▤[0m[38;2;214;221;131m[48;2;229;181;134m▤[0m[38;2;209;237;128m[48;2;225;191;107m▤[0m[38;2;201;246;132m[48;2;224;202;85m▤[0m[38;2;191;245;142m[48;2;225;210;70m▤[0m[38;2;179;230;155m[48;2;228;214;67m▤[0m[38;2;167;205;167m[48;2;229;215;70m▤[0m[38;2;157;173;176m[48;2;228;213;75m▤[0m[38;2;151;141;180m[48;2;223;208;78m▤[0m[38;2;147;114;181m[48;2;215;203;75m▤[0m[38;2;144;98;181m[48;2;206;201;65m▤[0m[38;2;142;96;180m[48;2;198;204;49m▤[0m[38;2;142;106;178m[48;2;195;213;33m▤[0m[38;2;144;125;174m[48;2;197;229;20m▤[0m[38;2;151;152;165m[48;2;204;246;13m▤[0m[38;2;163;180;152m[48;2;213;7;15m▤[0m[38;2;180;207;134m[48;2;221;17;25m▤[0m[38;2;198;232;112m[48;2;226;19;42m▤[0m[38;2;216;253;90m[48;2;226;14;65m▤[0m
[38;2;231;20;70m[48;2;223;6;94m▤[0m[38;2;235;29;49m[48;2;209;242;120m▤[0m[38;2;232;28;32m[48;2;191;217;142m▤[0m[38;2;225;18;22m[48;2;174;190;160m▤[0m[38;2;216;3;20m[48;2;162;162;174m▤[0m[38;2;209;241;27m[48;2;154;136;183m▤[0m[38;2;207;226;40m[48;2;152;115;188m▤[0m[38;2;210;216;56m[48;2;152;105;190m▤[0m[38;2;218;212;71m[48;2;154;107;191m▤[0m[38;2;227;215;81m[48;2;156;123;191m▤[0m[38;2;235;219;85m[48;2;160;150;191m▤[0m[38;2;239;223;82m[48;2;167;183;186m▤[0m[38;2;240;225;77m[48;2;176;215;177m▤[0m[38;2;239;224;74m[48;2;188;241;165m▤[0m[38;2;237;220;79m[48;2;201;0;151m▤[0m[38;2;236;213;93m[48;2;212;2;141m▤[0m[38;2;237;202;116m[48;2;219;248;138m▤[0m[38;2;242;191;143m[48;2;225;232;141m▤[0m[38;2;249;184;168m[48;2;230;215;147m▤[0m[38;2;254;186;187m[48;2;237;202;153m▤[0m[38;2;254;198;196m[48;2;246;196;158m▤[0m[38;2;249;221;197m[48;2;3;199;162m▤[0m[38;2;238;249;191m[48;2;15;209;168m▤[0m[38;2;222;21;181m[48;2;22;224;176m▤[0m[38;2;205;41;172m[48;2;23;239;189m▤[0m[38;2;187;50;167m[48;2;14;251;205m▤[0m[38;2;169;44;167m[48;2;252;3;221m▤[0m[38;2;150;27;169m[48;2;230;4;235m▤[0m[38;2;128;3;172m[48;2;210;0;242m▤[0m[38;2;104;234;170m[48;2;194;250;239m▤[0m[38;2;78;215;165m[48;2;184;243;227m▤[0m[38;2;54;203;161m[48;2;178;234;211m▤[0m[38;2;35;199;161m[48;2;176;221;197m▤[0m[38;2;24;202;167m[48;2;173;206;189m▤[0m[38;2;23;211;178m[48;2;167;188;193m▤[0m[38;2;34;224;193m[48;2;158;167;207m▤[0m[38;2;57;237;209m[48;2;147;146;225m▤[0m[38;2;90;244;225m[48;2;134;127;242m▤[0m[38;2;128;241;241m[48;2;120;116;251m▤[0m[38;2;167;224;1m[48;2;103;117;251m▤[0m[38;2;201;194;16m[48;2;88;134;242m▤[0m[38;2;226;159;26m[48;2;74;162;227m▤[0m[38;2;237;127;29m[48;2;64;196;211m▤[0m[38;2;235;109;23m[48;2;62;229;197m▤[0m[38;2;220;109;10m[48;2;67;253;188m▤[0m[38;2;197;130;246m[48;2;79;9;186m▤[0m[38;2;169;165;227m[48;2;95;5;189m▤[0m[38;2;143;205;212m[48;2;117;240;198m▤[0m[38;2;123;246;206m[48;2;148;211;217m▤[0m[38;2;103;14;199m[48;2;178;173;237m▤[0m[38;2;86;20;197m[48;2;206;139;2m▤[0m[38;2;75;9;199m[48;2;231;119;21m▤[0m[38;2;70;240;208m[48;2;246;119;35m▤[0m[38;2;72;208;221m[48;2;249;138;41m▤[0m[38;2;81;173;237m[48;2;237;169;39m▤[0m[38;2;95;144;252m[48;2;212;204;29m▤[0m[38;2;111;128;6m[48;2;177;233;14m▤[0m[38;2;127;125;7m[48;2;138;251;252m▤[0m[38;2;142;136;252m[48;2;99;0;237m▤[0m[38;2;156;155;235m[48;2;66;247;221m▤[0m[38;2;168;176;217m[48;2;42;234;204m▤[0m[38;2;176;197;204m[48;2;31;221;190m▤[0m[38;2;182;216;200m[48;2;31;212;178m▤[0m[38;2;185;232;207m[48;2;42;209;171m▤[0m[38;2;188;244;222m[48;2;61;214;171m▤[0m[38;2;194;254;239m[48;2;85;226;175m▤[0m[38;2;205;6;251m[48;2;111;246;179m▤[0m[38;2;221;12;254m[48;2;136;16;181m▤[0m[38;2;242;15;247m[48;2;158;39;179m▤[0m[38;2;8;14;233m[48;2;178;56;176m▤[0m[38;2;24;8;216m[48;2;196;63;177m▤[0m[38;2;34;251;200m[48;2;215;55;182m▤[0m[38;2;35;235;188m[48;2;233;34;191m▤[0m[38;2;28;220;178m[48;2;249;6;201m▤[0m[38;2;16;210;173m[48;2;6;232;207m▤[0m[38;2;4;207;168m[48;2;11;210;207m▤[0m[38;2;249;213;163m[48;2;10;197;197m▤[0m[38;2;242;227;157m[48;2;5;196;178m▤[0m[38;2;237;244;150m[48;2;253;202;152m▤[0m[38;2;231;4;147m[48;2;249;212;125m▤[0m[38;2;223;13;151m[48;2;247;223;102m▤[0m[38;2;212;12;161m[48;2;248;231;87m▤[0m[38;2;200;252;174m[48;2;251;236;83m▤[0m[38;2;187;226;187m[48;2;252;237;86m▤[0m[38;2;177;193;196m[48;2;251;235;90m▤[0m[38;2;171;161;200m[48;2;246;230;93m▤[0m[38;2;166;133;202m[48;2;238;225;89m▤[0m[38;2;163;117;202m[48;2;228;224;79m▤[0m[38;2;161;115;201m[48;2;221;227;63m▤[0m[38;2;161;125;198m[48;2;218;237;47m▤[0m[38;2;164;145;194m[48;2;220;252;34m▤[0m[38;2;171;172;184m[48;2;227;15;27m▤[0m[38;2;184;200;170m[48;2;235;31;29m▤[0m[38;2;201;228;152m[48;2;243;41;39m▤[0m[38;2;220;254;129m[48;2;248;43;57m▤[0m[38;2;238;22;106m[48;2;248;38;81m▤[0m
[38;2;253;44;86m[48;2;245;30;111m▤[0m[38;2;3;53;64m[48;2;231;10;137m▤[0m[38;2;0;52;47m[48;2;212;239;160m▤[0m[38;2;248;43;36m[48;2;195;211;179m▤[0m[38;2;239;27;34m[48;2;182;182;194m▤[0m[38;2;232;10;41m[48;2;174;155;203m▤[0m[38;2;230;250;54m[48;2;172;134;209m▤[0m[38;2;233;240;70m[48;2;172;124;211m▤[0m[38;2;241;236;86m[48;2;173;126;212m▤[0m[38;2;250;238;96m[48;2;176;143;212m▤[0m[38;2;3;242;100m[48;2;180;170;211m▤[0m[38;2;7;246;98m[48;2;187;204;206m▤[0m[38;2;8;248;93m[48;2;197;236;197m▤[0m[38;2;7;247;91m[48;2;209;8;185m▤[0m[38;2;6;242;96m[48;2;222;23;171m▤[0m[38;2;5;235;111m[48;2;234;25;161m▤[0m[38;2;6;224;134m[48;2;242;16;158m▤[0m[38;2;11;213;162m[48;2;248;0;160m▤[0m[38;2;18;207;187m[48;2;254;238;166m▤[0m[38;2;23;209;206m[48;2;6;225;172m▤[0m[38;2;23;221;216m[48;2;16;219;177m▤[0m[38;2;17;244;217m[48;2;28;222;182m▤[0m[38;2;6;18;212m[48;2;40;232;188m▤[0m[38;2;245;45;202m[48;2;47;247;197m▤[0m[38;2;227;66;193m[48;2;47;7;211m▤[0m[38;2;208;75;188m[48;2;38;19;227m▤[0m[38;2;189;69;187m[48;2;20;26;244m▤[0m[38;2;169;52;189m[48;2;254;28;3m▤[0m[38;2;146;28;192m[48;2;233;24;9m▤[0m[38;2;121;3;190m[48;2;217;19;6m▤[0m[38;2;94;239;185m[48;2;206;12;249m▤[0m[38;2;69;226;181m[48;2;199;2;234m▤[0m[38;2;50;222;182m[48;2;196;244;220m▤[0m[38;2;39;225;188m[48;2;193;228;212m▤[0m[38;2;38;234;199m[48;2;187;209;216m▤[0m[38;2;50;247;215m[48;2;177;187;230m▤[0m[38;2;73;4;231m[48;2;166;165;248m▤[0m[38;2;107;11;248m[48;2;152;146;9m▤[0m[38;2;146;7;9m[48;2;137;135;19m▤[0m[38;2;186;245;25m[48;2;120;137;19m▤[0m[38;2;221;215;40m[48;2;104;154;10m▤[0m[38;2;247;179;51m[48;2;90;183;250m▤[0m[38;2;4;148;53m[48;2;80;218;234m▤[0m[38;2;1;129;47m[48;2;78;251;220m▤[0m[38;2;241;130;34m[48;2;83;20;210m▤[0m[38;2;218;151;15m[48;2;95;31;208m▤[0m[38;2;189;186;251m[48;2;112;27;211m▤[0m[38;2;162;226;235m[48;2;135;7;221m▤[0m[38;2;142;13;229m[48;2;168;233;241m▤[0m[38;2;121;37;222m[48;2;198;195;6m▤[0m[38;2;103;43;219m[48;2;228;160;26m▤[0m[38;2;92;32;222m[48;2;253;140;46m▤[0m[38;2;87;7;231m[48;2;13;140;60m▤[0m[38;2;89;230;244m[48;2;16;159;66m▤[0m[38;2;98;194;6m[48;2;3;190;64m▤[0m[38;2;112;165;21m[48;2;233;225;54m▤[0m[38;2;128;148;30m[48;2;197;0;39m▤[0m[38;2;145;145;30m[48;2;157;18;22m▤[0m[38;2;161;156;20m[48;2;117;22;6m▤[0m[38;2;175;175;3m[48;2;83;15;244m▤[0m[38;2;187;197;241m[48;2;58;3;227m▤[0m[38;2;196;218;228m[48;2;46;245;212m▤[0m[38;2;202;238;224m[48;2;46;236;199m▤[0m[38;2;206;0;231m[48;2;57;233;192m▤[0m[38;2;210;13;245m[48;2;77;238;192m▤[0m[38;2;216;23;7m[48;2;101;250;196m▤[0m[38;2;228;31;19m[48;2;128;16;200m▤[0m[38;2;245;37;22m[48;2;154;41;201m▤[0m[38;2;11;40;15m[48;2;177;64;199m▤[0m[38;2;32;38;1m[48;2;198;82;197m▤[0m[38;2;49;32;239m[48;2;218;88;198m▤[0m[38;2;59;20;222m[48;2;237;80;204m▤[0m[38;2;60;4;209m[48;2;1;59;213m▤[0m[38;2;53;244;199m[48;2;17;31;222m▤[0m[38;2;41;234;193m[48;2;29;2;228m▤[0m[38;2;29;231;188m[48;2;35;234;227m▤[0m[38;2;19;237;183m[48;2;34;221;217m▤[0m[38;2;11;251;176m[48;2;29;219;197m▤[0m[38;2;5;13;170m[48;2;23;225;171m▤[0m[38;2;254;28;167m[48;2;19;235;144m▤[0m[38;2;245;37;171m[48;2;17;246;120m▤[0m[38;2;234;35;181m[48;2;18;254;105m▤[0m[38;2;221;20;195m[48;2;20;4;100m▤[0m[38;2;208;248;208m[48;2;21;5;102m▤[0m[38;2;198;215;217m[48;2;20;3;106m▤[0m[38;2;191;182;221m[48;2;15;253;108m▤[0m[38;2;186;154;223m[48;2;6;249;104m▤[0m[38;2;183;137;223m[48;2;252;248;94m▤[0m[38;2;181;135;222m[48;2;245;251;78m▤[0m[38;2;181;145;219m[48;2;242;6;62m▤[0m[38;2;185;165;214m[48;2;244;22;49m▤[0m[38;2;192;192;204m[48;2;250;40;42m▤[0m[38;2;206;222;190m[48;2;4;56;44m▤[0m[38;2;223;251;171m[48;2;12;66;54m▤[0m[38;2;242;23;147m[48;2;16;68;73m▤[0m[38;2;5;47;123m[48;2;16;63;97m▤[0m
[38;2;21;69;102m[48;2;13;55;128m▤[0m[38;2;26;79;80m[48;2;253;34;155m▤[0m[38;2;24;78;62m[48;2;235;7;179m▤[0m[38;2;17;69;51m[48;2;217;233;199m▤[0m[38;2;8;53;49m[48;2;204;203;214m▤[0m[38;2;1;35;56m[48;2;196;176;224m▤[0m[38;2;254;20;69m[48;2;193;155;230m▤[0m[38;2;2;10;85m[48;2;192;144;233m▤[0m[38;2;10;6;101m[48;2;194;147;234m▤[0m[38;2;19;7;112m[48;2;197;164;234m▤[0m[38;2;27;11;116m[48;2;201;192;233m▤[0m[38;2;31;15;114m[48;2;209;226;228m▤[0m[38;2;33;17;110m[48;2;219;4;218m▤[0m[38;2;32;16;109m[48;2;231;31;206m▤[0m[38;2;31;11;114m[48;2;245;46;192m▤[0m[38;2;30;3;130m[48;2;2;49;182m▤[0m[38;2;31;247;153m[48;2;10;40;178m▤[0m[38;2;36;236;181m[48;2;17;24;180m▤[0m[38;2;43;230;207m[48;2;23;7;186m▤[0m[38;2;48;233;227m[48;2;31;249;192m▤[0m[38;2;48;246;237m[48;2;42;243;198m▤[0m[38;2;42;14;239m[48;2;54;246;203m▤[0m[38;2;30;43;233m[48;2;66;1;210m▤[0m[38;2;14;71;224m[48;2;73;16;220m▤[0m[38;2;250;92;215m[48;2;72;31;234m▤[0m[38;2;230;101;210m[48;2;63;44;250m▤[0m[38;2;210;95;209m[48;2;45;51;12m▤[0m[38;2;189;78;210m[48;2;23;53;26m▤[0m[38;2;165;54;212m[48;2;2;49;33m▤[0m[38;2;139;29;211m[48;2;240;44;30m▤[0m[38;2;111;9;206m[48;2;229;36;18m▤[0m[38;2;85;251;203m[48;2;221;26;3m▤[0m[38;2;66;246;204m[48;2;218;12;244m▤[0m[38;2;54;249;210m[48;2;214;251;236m▤[0m[38;2;54;3;222m[48;2;207;231;240m▤[0m[38;2;66;16;238m[48;2;197;208;254m▤[0m[38;2;90;28;0m[48;2;186;186;17m▤[0m[38;2;125;34;17m[48;2;171;166;33m▤[0m[38;2;165;30;34m[48;2;155;156;43m▤[0m[38;2;206;12;51m[48;2;138;158;43m▤[0m[38;2;242;236;66m[48;2;121;175;34m▤[0m[38;2;14;201;77m[48;2;107;205;19m▤[0m[38;2;26;169;79m[48;2;97;240;3m▤[0m[38;2;24;151;73m[48;2;95;19;243m▤[0m[38;2;9;152;59m[48;2;100;43;234m▤[0m[38;2;240;172;40m[48;2;112;54;231m▤[0m[38;2;210;208;20m[48;2;130;50;234m▤[0m[38;2;182;249;4m[48;2;155;30;245m▤[0m[38;2;161;36;253m[48;2;188;1;11m▤[0m[38;2;139;60;246m[48;2;220;217;31m▤[0m[38;2;121;67;243m[48;2;250;182;52m▤[0m[38;2;109;56;246m[48;2;21;162;72m▤[0m[38;2;104;31;0m[48;2;36;162;86m▤[0m[38;2;106;253;14m[48;2;38;181;92m▤[0m[38;2;116;217;31m[48;2;25;212;90m▤[0m[38;2;130;187;46m[48;2;254;247;80m▤[0m[38;2;146;170;55m[48;2;218;23;65m▤[0m[38;2;164;167;54m[48;2;177;41;48m▤[0m[38;2;180;177;44m[48;2;136;46;31m▤[0m[38;2;195;196;28m[48;2;100;39;13m▤[0m[38;2;208;218;11m[48;2;75;27;250m▤[0m[38;2;217;241;253m[48;2;62;15;235m▤[0m[38;2;224;6;249m[48;2;62;6;222m▤[0m[38;2;228;24;1m[48;2;73;3;215m▤[0m[38;2;232;38;15m[48;2;93;8;214m▤[0m[38;2;240;48;31m[48;2;118;21;218m▤[0m[38;2;252;57;43m[48;2;146;42;221m▤[0m[38;2;15;63;46m[48;2;173;67;222m▤[0m[38;2;36;66;39m[48;2;197;91;221m▤[0m[38;2;57;64;25m[48;2;219;109;219m▤[0m[38;2;75;57;8m[48;2;240;115;221m▤[0m[38;2;85;45;246m[48;2;6;106;227m▤[0m[38;2;86;29;232m[48;2;25;85;235m▤[0m[38;2;79;14;221m[48;2;42;57;244m▤[0m[38;2;67;4;215m[48;2;54;28;250m▤[0m[38;2;55;1;209m[48;2;60;4;249m▤[0m[38;2;45;7;203m[48;2;60;246;238m▤[0m[38;2;36;21;197m[48;2;55;243;218m▤[0m[38;2;30;38;191m[48;2;49;249;191m▤[0m[38;2;23;53;188m[48;2;45;4;163m▤[0m[38;2;14;61;192m[48;2;43;15;139m▤[0m[38;2;2;59;202m[48;2;44;23;124m▤[0m[38;2;244;43;216m[48;2;45;28;118m▤[0m[38;2;231;16;229m[48;2;46;29;119m▤[0m[38;2;220;238;239m[48;2;45;27;123m▤[0m[38;2;213;204;244m[48;2;40;23;124m▤[0m[38;2;208;175;246m[48;2;31;19;120m▤[0m[38;2;204;158;246m[48;2;22;18;110m▤[0m[38;2;202;155;245m[48;2;15;22;94m▤[0m[38;2;203;166;241m[48;2;12;32;77m▤[0m[38;2;207;186;236m[48;2;14;48;64m▤[0m[38;2;215;214;225m[48;2;20;66;57m▤[0m[38;2;229;245;210m[48;2;29;82;59m▤[0m[38;2;246;20;190m[48;2;36;92;70m▤[0m[38;2;10;48;166m[48;2;40;94;89m▤[0m[38;2;29;73;141m[48;2;40;89;114m▤[0m
[38;2;46;96;119m[48;2;37;81;146m▤[0m[38;2;51;106;97m[48;2;22;59;174m▤[0m[38;2;49;105;78m[48;2;3;32;199m▤[0m[38;2;42;96;67m[48;2;240;2;220m▤[0m[38;2;33;80;65m[48;2;227;226;236m▤[0m[38;2;26;62;72m[48;2;218;198;246m▤[0m[38;2;24;46;85m[48;2;215;176;253m▤[0m[38;2;27;36;101m[48;2;214;165;1m▤[0m[38;2;35;32;117m[48;2;216;168;2m▤[0m[38;2;44;32;128m[48;2;219;186;2m▤[0m[38;2;52;36;133m[48;2;224;214;1m▤[0m[38;2;57;40;131m[48;2;232;249;250m▤[0m[38;2;59;42;128m[48;2;242;28;240m▤[0m[38;2;58;41;127m[48;2;0;55;228m▤[0m[38;2;57;36;133m[48;2;14;71;214m▤[0m[38;2;56;27;149m[48;2;26;74;204m▤[0m[38;2;58;16;173m[48;2;35;65;200m▤[0m[38;2;63;5;201m[48;2;42;50;202m▤[0m[38;2;69;0;228m[48;2;49;33;207m▤[0m[38;2;74;3;248m[48;2;58;19;213m▤[0m[38;2;74;17;4m[48;2;69;13;219m▤[0m[38;2;67;40;6m[48;2;81;16;225m▤[0m[38;2;55;69;1m[48;2;93;26;233m▤[0m[38;2;39;98;247m[48;2;100;41;243m▤[0m[38;2;19;119;238m[48;2;99;57;3m▤[0m[38;2;253;128;233m[48;2;89;70;19m▤[0m[38;2;232;122;231m[48;2;71;77;37m▤[0m[38;2;210;105;232m[48;2;49;79;51m▤[0m[38;2;185;81;234m[48;2;27;76;58m▤[0m[38;2;157;56;233m[48;2;10;70;55m▤[0m[38;2;129;35;228m[48;2;253;62;43m▤[0m[38;2;102;22;225m[48;2;245;51;28m▤[0m[38;2;82;16;227m[48;2;241;37;14m▤[0m[38;2;70;19;233m[48;2;236;20;7m▤[0m[38;2;70;28;246m[48;2;229;254;11m▤[0m[38;2;83;41;7m[48;2;219;230;24m▤[0m[38;2;108;53;25m[48;2;206;207;42m▤[0m[38;2;144;59;42m[48;2;191;188;58m▤[0m[38;2;185;54;60m[48;2;174;178;68m▤[0m[38;2;227;35;78m[48;2;157;180;68m▤[0m[38;2;9;4;93m[48;2;139;198;59m▤[0m[38;2;37;223;104m[48;2;125;228;44m▤[0m[38;2;49;192;106m[48;2;115;9;28m▤[0m[38;2;47;174;100m[48;2;113;43;13m▤[0m[38;2;32;174;86m[48;2;118;67;3m▤[0m[38;2;8;195;66m[48;2;130;79;0m▤[0m[38;2;232;231;46m[48;2;149;74;4m▤[0m[38;2;203;17;29m[48;2;175;54;15m▤[0m[38;2;181;60;23m[48;2;209;25;37m▤[0m[38;2;159;85;16m[48;2;242;241;57m▤[0m[38;2;140;92;13m[48;2;19;206;79m▤[0m[38;2;128;81;16m[48;2;45;185;99m▤[0m[38;2;122;56;25m[48;2;60;185;113m▤[0m[38;2;124;22;40m[48;2;62;204;120m▤[0m[38;2;134;241;57m[48;2;49;235;118m▤[0m[38;2;149;210;72m[48;2;22;15;108m▤[0m[38;2;166;193;81m[48;2;240;46;92m▤[0m[38;2;184;189;80m[48;2;198;65;75m▤[0m[38;2;201;199;70m[48;2;155;71;57m▤[0m[38;2;216;218;54m[48;2;119;65;38m▤[0m[38;2;229;241;37m[48;2;93;53;20m▤[0m[38;2;239;9;24m[48;2;79;41;4m▤[0m[38;2;246;30;20m[48;2;79;32;246m▤[0m[38;2;251;49;27m[48;2;90;29;239m▤[0m[38;2;1;64;41m[48;2;110;34;237m▤[0m[38;2;9;75;56m[48;2;136;48;240m▤[0m[38;2;22;84;68m[48;2;165;69;244m▤[0m[38;2;41;90;71m[48;2;193;95;245m▤[0m[38;2;62;93;64m[48;2;218;119;244m▤[0m[38;2;84;91;50m[48;2;242;137;242m▤[0m[38;2;102;83;33m[48;2;9;143;244m▤[0m[38;2;112;71;16m[48;2;30;134;250m▤[0m[38;2;113;55;1m[48;2;50;112;4m▤[0m[38;2;106;40;245m[48;2;68;84;13m▤[0m[38;2;95;30;238m[48;2;80;55;18m▤[0m[38;2;83;27;231m[48;2;86;31;16m▤[0m[38;2;72;33;225m[48;2;87;17;5m▤[0m[38;2;63;47;219m[48;2;82;13;239m▤[0m[38;2;56;64;213m[48;2;76;19;212m▤[0m[38;2;48;79;210m[48;2;72;29;184m▤[0m[38;2;39;87;214m[48;2;70;40;159m▤[0m[38;2;26;84;225m[48;2;71;48;143m▤[0m[38;2;13;68;239m[48;2;72;53;137m▤[0m[38;2;0;40;252m[48;2;72;54;137m▤[0m[38;2;244;6;7m[48;2;71;52;140m▤[0m[38;2;236;227;12m[48;2;66;49;141m▤[0m[38;2;230;198;14m[48;2;57;45;137m▤[0m[38;2;226;180;15m[48;2;48;44;126m▤[0m[38;2;224;177;13m[48;2;41;49;110m▤[0m[38;2;225;188;10m[48;2;38;59;93m▤[0m[38;2;230;208;4m[48;2;40;75;80m▤[0m[38;2;238;237;247m[48;2;46;93;73m▤[0m[38;2;252;14;231m[48;2;55;109;75m▤[0m[38;2;15;45;210m[48;2;62;119;87m▤[0m[38;2;35;74;186m[48;2;66;122;106m▤[0m[38;2;54;100;160m[48;2;65;116;132m▤[0m
[38;2;72;124;137m[48;2;62;108;165m▤[0m[38;2;77;134;114m[48;2;47;86;194m▤[0m[38;2;75;133;95m[48;2;28;58;220m▤[0m[38;2;68;124;84m[48;2;10;27;242m▤[0m[38;2;59;108;82m[48;2;251;250;3m▤[0m[38;2;53;90;89m[48;2;242;221;14m▤[0m[38;2;51;74;102m[48;2;238;199;22m▤[0m[38;2;54;63;118m[48;2;237;188;25m▤[0m[38;2;61;59;134m[48;2;239;191;26m▤[0m[38;2;70;59;145m[48;2;242;209;26m▤[0m[38;2;79;62;150m[48;2;247;238;25m▤[0m[38;2;84;66;149m[48;2;1;18;19m▤[0m[38;2;86;68;146m[48;2;11;53;9m▤[0m[38;2;85;67;146m[48;2;25;80;251m▤[0m[38;2;84;62;153m[48;2;39;97;237m▤[0m[38;2;84;53;169m[48;2;51;100;227m▤[0m[38;2;86;41;194m[48;2;61;92;223m▤[0m[38;2;91;31;223m[48;2;69;77;224m▤[0m[38;2;97;26;250m[48;2;76;60;229m▤[0m[38;2;101;30;16m[48;2;86;46;235m▤[0m[38;2;101;44;27m[48;2;97;40;242m▤[0m[38;2;94;68;30m[48;2;109;43;248m▤[0m[38;2;82;97;25m[48;2;121;53;2m▤[0m[38;2;65;126;16m[48;2;128;68;13m▤[0m[38;2;44;147;7m[48;2;127;84;28m▤[0m[38;2;22;156;2m[48;2;116;97;45m▤[0m[38;2;0;151;0m[48;2;98;104;63m▤[0m[38;2;232;134;1m[48;2;76;106;77m▤[0m[38;2;205;109;2m[48;2;54;104;84m▤[0m[38;2;176;84;1m[48;2;36;98;81m▤[0m[38;2;147;62;251m[48;2;23;89;69m▤[0m[38;2;120;49;249m[48;2;15;78;54m▤[0m[38;2;99;43;251m[48;2;10;63;40m▤[0m[38;2;87;45;3m[48;2;4;45;34m▤[0m[38;2;88;54;16m[48;2;252;23;38m▤[0m[38;2;101;67;32m[48;2;241;253;51m▤[0m[38;2;127;79;50m[48;2;228;230;68m▤[0m[38;2;164;84;69m[48;2;212;211;84m▤[0m[38;2;206;79;88m[48;2;195;201;94m▤[0m[38;2;249;59;106m[48;2;177;204;94m▤[0m[38;2;32;28;121m[48;2;159;222;85m▤[0m[38;2;61;247;132m[48;2;144;252;70m▤[0m[38;2;74;216;134m[48;2;134;34;54m▤[0m[38;2;72;197;128m[48;2;132;68;39m▤[0m[38;2;57;198;114m[48;2;137;93;29m▤[0m[38;2;32;219;94m[48;2;149;105;26m▤[0m[38;2;0;0;73m[48;2;169;99;30m▤[0m[38;2;225;42;56m[48;2;196;79;41m▤[0m[38;2;203;85;49m[48;2;232;50;64m▤[0m[38;2;179;111;42m[48;2;11;11;85m▤[0m[38;2;160;118;39m[48;2;43;231;107m▤[0m[38;2;147;107;42m[48;2;70;210;127m▤[0m[38;2;141;82;52m[48;2;85;209;142m▤[0m[38;2;143;47;67m[48;2;87;228;149m▤[0m[38;2;153;11;84m[48;2;74;4;147m▤[0m[38;2;169;235;99m[48;2;46;40;137m▤[0m[38;2;186;217;108m[48;2;8;71;121m▤[0m[38;2;205;213;107m[48;2;219;91;103m▤[0m[38;2;222;222;97m[48;2;176;97;84m▤[0m[38;2;238;241;81m[48;2;138;92;64m▤[0m[38;2;252;10;64m[48;2;111;80;46m▤[0m[38;2;7;34;51m[48;2;97;68;29m▤[0m[38;2;15;56;47m[48;2;97;59;16m▤[0m[38;2;20;75;54m[48;2;108;56;9m▤[0m[38;2;26;91;68m[48;2;128;62;6m▤[0m[38;2;35;103;83m[48;2;155;76;9m▤[0m[38;2;49;112;94m[48;2;185;98;13m▤[0m[38;2;68;118;97m[48;2;214;124;14m▤[0m[38;2;90;121;90m[48;2;241;148;13m▤[0m[38;2;112;119;76m[48;2;11;166;12m▤[0m[38;2;130;111;59m[48;2;34;172;14m▤[0m[38;2;141;98;42m[48;2;56;163;20m▤[0m[38;2;142;82;26m[48;2;77;141;29m▤[0m[38;2;135;67;15m[48;2;95;112;37m▤[0m[38;2;124;57;7m[48;2;107;83;42m▤[0m[38;2;112;54;254m[48;2;114;59;40m▤[0m[38;2;100;60;248m[48;2;115;44;28m▤[0m[38;2;91;74;242m[48;2;110;40;7m▤[0m[38;2;83;91;236m[48;2;105;45;234m▤[0m[38;2;75;106;234m[48;2;100;55;205m▤[0m[38;2;65;114;238m[48;2;98;66;180m▤[0m[38;2;52;110;249m[48;2;99;74;164m▤[0m[38;2;38;94;8m[48;2;100;79;157m▤[0m[38;2;25;66;21m[48;2;100;81;156m▤[0m[38;2;13;31;31m[48;2;98;79;159m▤[0m[38;2;5;251;37m[48;2;93;76;159m▤[0m[38;2;254;221;39m[48;2;84;72;154m▤[0m[38;2;250;203;40m[48;2;75;72;143m▤[0m[38;2;248;200;38m[48;2;68;77;127m▤[0m[38;2;249;211;35m[48;2;65;87;110m▤[0m[38;2;254;232;28m[48;2;67;104;97m▤[0m[38;2;8;6;15m[48;2;73;122;90m▤[0m[38;2;22;39;253m[48;2;82;138;92m▤[0m[38;2;41;71;232m[48;2;89;148;104m▤[0m[38;2;61;101;207m[48;2;93;151;124m▤[0m[38;2;80;128;180m[48;2;91;145;151m▤[0m
[38;2;99;153;156m[48;2;88;136;185m▤[0m[38;2;104;164;132m[48;2;73;114;215m▤[0m[38;2;102;163;113m[48;2;54;85;242m▤[0m[38;2;95;153;102m[48;2;36;53;10m▤[0m[38;2;87;137;99m[48;2;21;20;27m▤[0m[38;2;81;119;106m[48;2;12;245;39m▤[0m[38;2;79;103;119m[48;2;7;223;47m▤[0m[38;2;82;92;136m[48;2;6;212;50m▤[0m[38;2;89;87;152m[48;2;8;215;52m▤[0m[38;2;98;87;163m[48;2;11;233;52m▤[0m[38;2;107;90;168m[48;2;17;8;50m▤[0m[38;2;112;93;168m[48;2;26;43;44m▤[0m[38;2;114;95;166m[48;2;37;79;33m▤[0m[38;2;114;94;166m[48;2;51;107;20m▤[0m[38;2;113;89;174m[48;2;65;124;6m▤[0m[38;2;113;80;191m[48;2;78;128;251m▤[0m[38;2;115;68;216m[48;2;88;120;247m▤[0m[38;2;120;58;245m[48;2;97;105;248m▤[0m[38;2;126;53;18m[48;2;105;88;253m▤[0m[38;2;130;58;40m[48;2;115;74;4m▤[0m[38;2;129;72;52m[48;2;126;68;11m▤[0m[38;2;122;97;55m[48;2;139;71;18m▤[0m[38;2;110;126;50m[48;2;151;81;27m▤[0m[38;2;92;155;41m[48;2;157;96;39m▤[0m[38;2;70;177;32m[48;2;156;112;54m▤[0m[38;2;48;186;27m[48;2;145;125;72m▤[0m[38;2;24;181;25m[48;2;127;133;90m▤[0m[38;2;0;164;26m[48;2;104;135;104m▤[0m[38;2;227;139;26m[48;2;82;133;111m▤[0m[38;2;197;113;25m[48;2;63;127;108m▤[0m[38;2;166;91;21m[48;2;49;118;96m▤[0m[38;2;139;77;19m[48;2;41;106;81m▤[0m[38;2;117;71;21m[48;2;35;90;68m▤[0m[38;2;105;73;29m[48;2;28;71;62m▤[0m[38;2;106;82;42m[48;2;20;48;66m▤[0m[38;2;120;95;58m[48;2;9;23;79m▤[0m[38;2;147;106;77m[48;2;251;254;96m▤[0m[38;2;185;111;97m[48;2;234;235;112m▤[0m[38;2;228;105;117m[48;2;216;225;121m▤[0m[38;2;17;84;135m[48;2;198;229;122m▤[0m[38;2;57;53;151m[48;2;179;247;113m▤[0m[38;2;86;17;162m[48;2;164;23;98m▤[0m[38;2;100;241;164m[48;2;154;60;81m▤[0m[38;2;98;222;157m[48;2;152;94;66m▤[0m[38;2;83;223;143m[48;2;157;120;56m▤[0m[38;2;57;244;123m[48;2;170;132;53m▤[0m[38;2;25;25;101m[48;2;190;126;57m▤[0m[38;2;249;68;84m[48;2;218;105;68m▤[0m[38;2;225;112;77m[48;2;1;76;92m▤[0m[38;2;201;138;70m[48;2;36;37;114m▤[0m[38;2;181;145;67m[48;2;69;2;137m▤[0m[38;2;167;134;70m[48;2;96;236;157m▤[0m[38;2;161;109;80m[48;2;111;235;172m▤[0m[38;2;163;74;95m[48;2;113;253;179m▤[0m[38;2;174;37;112m[48;2;100;29;177m▤[0m[38;2;189;6;127m[48;2;71;66;167m▤[0m[38;2;207;242;136m[48;2;32;97;151m▤[0m[38;2;227;238;135m[48;2;242;118;132m▤[0m[38;2;245;247;125m[48;2;197;124;112m▤[0m[38;2;6;11;109m[48;2;158;120;92m▤[0m[38;2;21;35;92m[48;2;131;108;73m▤[0m[38;2;32;60;80m[48;2;116;96;56m▤[0m[38;2;40;83;76m[48;2;115;87;42m▤[0m[38;2;46;103;82m[48;2;127;85;35m▤[0m[38;2;52;119;96m[48;2;148;91;32m▤[0m[38;2;62;132;111m[48;2;175;106;34m▤[0m[38;2;77;141;122m[48;2;206;128;38m▤[0m[38;2;96;148;125m[48;2;236;154;39m▤[0m[38;2;119;151;118m[48;2;10;179;38m▤[0m[38;2;141;148;104m[48;2;36;197;38m▤[0m[38;2;160;140;86m[48;2;60;202;40m▤[0m[38;2;171;127;69m[48;2;83;193;46m▤[0m[38;2;172;111;53m[48;2;105;171;55m▤[0m[38;2;165;96;41m[48;2;123;142;63m▤[0m[38;2;154;85;32m[48;2;136;112;67m▤[0m[38;2;142;83;24m[48;2;143;88;65m▤[0m[38;2;130;89;17m[48;2;144;73;52m▤[0m[38;2;120;103;11m[48;2;140;68;31m▤[0m[38;2;112;120;5m[48;2;135;72;2m▤[0m[38;2;103;135;3m[48;2;130;82;228m▤[0m[38;2;92;142;8m[48;2;128;93;202m▤[0m[38;2;79;138;19m[48;2;128;102;185m▤[0m[38;2;65;121;33m[48;2;129;107;178m▤[0m[38;2;51;93;46m[48;2;129;109;176m▤[0m[38;2;39;57;56m[48;2;127;107;178m▤[0m[38;2;30;21;63m[48;2;121;104;178m▤[0m[38;2;24;246;65m[48;2;112;101;173m▤[0m[38;2;20;227;66m[48;2;103;101;161m▤[0m[38;2;18;224;64m[48;2;96;106;145m▤[0m[38;2;19;235;60m[48;2;93;117;128m▤[0m[38;2;24;2;53m[48;2;95;134;115m▤[0m[38;2;34;32;40m[48;2;101;152;108m▤[0m[38;2;48;65;22m[48;2;110;168;110m▤[0m[38;2;68;98;0m[48;2;117;178;122m▤[0m[38;2;88;129;229m[48;2;121;181;143m▤[0m[38;2;107;157;201m[48;2;119;175;171m▤[0m
[38;2;127;184;176m[48;2;116;166;206m▤[0m[38;2;133;195;152m[48;2;101;143;237m▤[0m[38;2;131;194;132m[48;2;81;113;10m▤[0m[38;2;124;184;120m[48;2;63;80;34m▤[0m[38;2;116;168;117m[48;2;48;46;52m▤[0m[38;2;110;150;124m[48;2;38;15;65m▤[0m[38;2;108;133;137m[48;2;32;248;73m▤[0m[38;2;111;122;154m[48;2;31;237;77m▤[0m[38;2;118;117;170m[48;2;33;240;79m▤[0m[38;2;127;116;182m[48;2;36;3;79m▤[0m[38;2;136;119;187m[48;2;43;34;76m▤[0m[38;2;141;122;188m[48;2;52;70;70m▤[0m[38;2;144;124;186m[48;2;64;106;59m▤[0m[38;2;144;122;187m[48;2;78;135;45m▤[0m[38;2;143;117;196m[48;2;92;152;31m▤[0m[38;2;143;108;214m[48;2;106;157;21m▤[0m[38;2;146;96;239m[48;2;117;149;17m▤[0m[38;2;151;86;14m[48;2;126;134;18m▤[0m[38;2;156;82;42m[48;2;135;117;23m▤[0m[38;2;160;87;65m[48;2;145;103;29m▤[0m[38;2;159;102;77m[48;2;157;97;36m▤[0m[38;2;152;127;81m[48;2;170;100;44m▤[0m[38;2;139;157;76m[48;2;182;110;53m▤[0m[38;2;120;186;68m[48;2;188;125;66m▤[0m[38;2;98;208;59m[48;2;187;141;82m▤[0m[38;2;75;217;53m[48;2;175;155;100m▤[0m[38;2;50;212;51m[48;2;157;163;118m▤[0m[38;2;24;195;52m[48;2;134;165;132m▤[0m[38;2;250;170;52m[48;2;111;163;139m▤[0m[38;2;218;144;50m[48;2;91;157;136m▤[0m[38;2;187;121;47m[48;2;77;148;125m▤[0m[38;2;159;107;45m[48;2;68;135;110m▤[0m[38;2;136;100;48m[48;2;61;118;97m▤[0m[38;2;124;102;56m[48;2;54;98;91m▤[0m[38;2;125;111;69m[48;2;45;74;95m▤[0m[38;2;140;124;86m[48;2;34;49;108m▤[0m[38;2;168;135;105m[48;2;20;24;125m▤[0m[38;2;207;139;126m[48;2;2;5;141m▤[0m[38;2;251;132;147m[48;2;239;250;150m▤[0m[38;2;42;111;166m[48;2;219;0;151m▤[0m[38;2;83;79;182m[48;2;200;18;142m▤[0m[38;2;112;43;193m[48;2;185;50;127m▤[0m[38;2;127;12;195m[48;2;175;87;110m▤[0m[38;2;125;248;188m[48;2;172;122;95m▤[0m[38;2;110;249;173m[48;2;178;148;84m▤[0m[38;2;83;15;153m[48;2;191;160;81m▤[0m[38;2;51;52;131m[48;2;212;154;85m▤[0m[38;2;19;95;113m[48;2;241;132;97m▤[0m[38;2;249;140;106m[48;2;26;103;122m▤[0m[38;2;224;166;99m[48;2;62;64;144m▤[0m[38;2;203;174;96m[48;2;96;29;168m▤[0m[38;2;189;163;99m[48;2;123;8;188m▤[0m[38;2;182;137;109m[48;2;139;7;204m▤[0m[38;2;185;102;124m[48;2;141;25;211m▤[0m[38;2;195;64;142m[48;2;127;56;209m▤[0m[38;2;211;33;157m[48;2;97;93;199m▤[0m[38;2;229;13;166m[48;2;57;125;182m▤[0m[38;2;250;9;165m[48;2;11;146;163m▤[0m[38;2;14;18;155m[48;2;220;153;142m▤[0m[38;2;31;37;139m[48;2;180;149;121m▤[0m[38;2;46;61;122m[48;2;151;138;101m▤[0m[38;2;58;87;110m[48;2;136;126;84m▤[0m[38;2;66;111;106m[48;2;135;117;70m▤[0m[38;2;73;132;112m[48;2;147;115;62m▤[0m[38;2;80;149;125m[48;2;168;122;59m▤[0m[38;2;90;162;140m[48;2;196;137;61m▤[0m[38;2;106;172;151m[48;2;228;159;64m▤[0m[38;2;126;179;154m[48;2;5;186;65m▤[0m[38;2;149;182;147m[48;2;35;211;65m▤[0m[38;2;172;179;133m[48;2;62;229;65m▤[0m[38;2;191;171;115m[48;2;87;234;67m▤[0m[38;2;202;157;97m[48;2;111;225;73m▤[0m[38;2;204;141;81m[48;2;134;203;82m▤[0m[38;2;197;126;68m[48;2;153;173;90m▤[0m[38;2;186;115;58m[48;2;166;143;94m▤[0m[38;2;173;113;50m[48;2;174;118;91m▤[0m[38;2;161;119;42m[48;2;175;103;78m▤[0m[38;2;151;133;36m[48;2;171;97;56m▤[0m[38;2;142;150;30m[48;2;166;101;27m▤[0m[38;2;132;165;29m[48;2;161;111;252m▤[0m[38;2;121;172;34m[48;2;159;122;226m▤[0m[38;2;107;167;45m[48;2;159;131;208m▤[0m[38;2;93;150;59m[48;2;160;136;199m▤[0m[38;2;78;121;72m[48;2;160;138;197m▤[0m[38;2;66;84;83m[48;2;157;137;198m▤[0m[38;2;56;48;90m[48;2;151;134;198m▤[0m[38;2;50;17;92m[48;2;142;131;192m▤[0m[38;2;46;253;93m[48;2;133;131;180m▤[0m[38;2;44;249;91m[48;2;126;137;164m▤[0m[38;2;45;5;87m[48;2;123;148;147m▤[0m[38;2;51;28;79m[48;2;125;165;134m▤[0m[38;2;61;59;66m[48;2;131;184;127m▤[0m[38;2;76;93;47m[48;2;140;200;129m▤[0m[38;2;96;127;24m[48;2;147;210;141m▤[0m[38;2;116;159;252m[48;2;150;213;163m▤[0m[38;2;136;188;223m[48;2;148;207;192m▤[0m
[38;2;156;216;198m[48;2;145;197;228m▤[0m[38;2;163;227;172m[48;2;130;174;5m▤[0m[38;2;161;226;152m[48;2;110;143;34m▤[0m[38;2;154;216;139m[48;2;91;108;59m▤[0m[38;2;146;200;136m[48;2;76;73;78m▤[0m[38;2;140;182;143m[48;2;65;42;92m▤[0m[38;2;139;165;156m[48;2;59;19;100m▤[0m[38;2;142;153;173m[48;2;58;8;105m▤[0m[38;2;149;148;190m[48;2;59;11;107m▤[0m[38;2;158;147;202m[48;2;63;30;107m▤[0m[38;2;167;149;208m[48;2;70;61;104m▤[0m[38;2;172;152;209m[48;2;79;98;97m▤[0m[38;2;175;154;208m[48;2;92;135;86m▤[0m[38;2;175;152;210m[48;2;106;164;72m▤[0m[38;2;175;147;219m[48;2;121;182;58m▤[0m[38;2;175;137;238m[48;2;135;187;48m▤[0m[38;2;178;125;9m[48;2;147;180;43m▤[0m[38;2;183;116;39m[48;2;157;165;44m▤[0m[38;2;188;112;68m[48;2;166;148;49m▤[0m[38;2;191;117;91m[48;2;177;134;55m▤[0m[38;2;190;133;104m[48;2;189;128;62m▤[0m[38;2;183;159;108m[48;2;203;131;71m▤[0m[38;2;169;189;104m[48;2;214;141;81m▤[0m[38;2;150;219;96m[48;2;220;156;94m▤[0m[38;2;127;241;87m[48;2;219;172;111m▤[0m[38;2;103;250;81m[48;2;207;186;129m▤[0m[38;2;77;245;79m[48;2;188;194;148m▤[0m[38;2;49;228;79m[48;2;165;197;162m▤[0m[38;2;19;203;79m[48;2;141;195;169m▤[0m[38;2;241;176;77m[48;2;121;189;166m▤[0m[38;2;209;153;74m[48;2;106;179;155m▤[0m[38;2;180;138;72m[48;2;96;165;140m▤[0m[38;2;157;131;76m[48;2;88;148;127m▤[0m[38;2;144;133;84m[48;2;81;127;122m▤[0m[38;2;145;142;98m[48;2;71;102;126m▤[0m[38;2;161;154;115m[48;2;60;76;138m▤[0m[38;2;190;165;135m[48;2;45;51;155m▤[0m[38;2;230;168;157m[48;2;27;31;171m▤[0m[38;2;21;161;178m[48;2;7;22;180m▤[0m[38;2;68;139;198m[48;2;242;27;181m▤[0m[38;2;110;107;215m[48;2;222;46;172m▤[0m[38;2;140;70;226m[48;2;207;78;157m▤[0m[38;2;155;39;228m[48;2;197;115;140m▤[0m[38;2;153;20;220m[48;2;194;151;125m▤[0m[38;2;138;21;205m[48;2;200;177;114m▤[0m[38;2;111;43;185m[48;2;214;189;111m▤[0m[38;2;78;80;162m[48;2;236;183;115m▤[0m[38;2;45;123;144m[48;2;11;161;127m▤[0m[38;2;19;169;137m[48;2;52;132;153m▤[0m[38;2;248;196;129m[48;2;89;93;176m▤[0m[38;2;226;204;126m[48;2;124;57;200m▤[0m[38;2;211;193;129m[48;2;152;36;221m▤[0m[38;2;205;167;140m[48;2;168;35;237m▤[0m[38;2;207;131;155m[48;2;170;53;244m▤[0m[38;2;218;93;173m[48;2;155;84;242m▤[0m[38;2;234;61;188m[48;2;125;121;232m▤[0m[38;2;253;41;197m[48;2;83;154;215m▤[0m[38;2;19;36;196m[48;2;36;175;195m▤[0m[38;2;39;45;186m[48;2;244;183;173m▤[0m[38;2;57;64;170m[48;2;203;180;151m▤[0m[38;2;72;89;153m[48;2;173;169;131m▤[0m[38;2;85;115;141m[48;2;157;157;113m▤[0m[38;2;94;140;137m[48;2;156;148;99m▤[0m[38;2;101;162;143m[48;2;168;147;90m▤[0m[38;2;109;180;156m[48;2;189;154;87m▤[0m[38;2;120;194;171m[48;2;218;169;89m▤[0m[38;2;136;204;182m[48;2;251;192;91m▤[0m[38;2;157;211;184m[48;2;29;219;92m▤[0m[38;2;181;214;177m[48;2;61;245;93m▤[0m[38;2;204;211;163m[48;2;89;8;93m▤[0m[38;2;223;203;145m[48;2;116;13;95m▤[0m[38;2;235;189;127m[48;2;141;3;101m▤[0m[38;2;237;173;110m[48;2;164;236;110m▤[0m[38;2;230;157;96m[48;2;184;206;118m▤[0m[38;2;219;147;86m[48;2;198;175;122m▤[0m[38;2;206;144;77m[48;2;206;150;118m▤[0m[38;2;194;150;69m[48;2;207;134;105m▤[0m[38;2;183;164;62m[48;2;204;128;82m▤[0m[38;2;173;181;57m[48;2;199;131;53m▤[0m[38;2;163;196;56m[48;2;194;141;22m▤[0m[38;2;151;203;61m[48;2;192;152;250m▤[0m[38;2;137;198;72m[48;2;192;161;232m▤[0m[38;2;122;180;86m[48;2;192;167;222m▤[0m[38;2;107;150;100m[48;2;192;169;219m▤[0m[38;2;94;113;111m[48;2;189;168;220m▤[0m[38;2;84;76;118m[48;2;183;165;219m▤[0m[38;2;77;44;121m[48;2;174;162;212m▤[0m[38;2;73;25;122m[48;2;164;163;200m▤[0m[38;2;71;21;120m[48;2;157;169;184m▤[0m[38;2;72;32;115m[48;2;154;181;167m▤[0m[38;2;79;55;106m[48;2;156;198;153m▤[0m[38;2;89;87;93m[48;2;162;217;146m▤[0m[38;2;105;122;73m[48;2;171;233;149m▤[0m[38;2;125;157;49m[48;2;178;243;162m▤[0m[38;2;146;190;21m[48;2;181;246;184m▤[0m[38;2;166;220;246m[48;2;178;240;214m▤[0m
[38;2;187;249;220m[48;2;175;230;251m▤[0m[38;2;194;6;194m[48;2;160;206;30m▤[0m[38;2;193;5;173m[48;2;140;174;60m▤[0m[38;2;186;250;159m[48;2;121;138;85m▤[0m[38;2;178;234;156m[48;2;105;102;105m▤[0m[38;2;172;216;163m[48;2;94;70;120m▤[0m[38;2;171;198;176m[48;2;87;46;129m▤[0m[38;2;174;186;193m[48;2;86;35;134m▤[0m[38;2;181;180;210m[48;2;87;39;136m▤[0m[38;2;190;179;223m[48;2;91;58;136m▤[0m[38;2;199;181;229m[48;2;98;90;133m▤[0m[38;2;205;184;231m[48;2;108;127;126m▤[0m[38;2;208;185;231m[48;2;121;165;114m▤[0m[38;2;208;183;233m[48;2;136;195;100m▤[0m[38;2;208;178;243m[48;2;151;213;86m▤[0m[38;2;209;168;8m[48;2;166;219;76m▤[0m[38;2;212;156;35m[48;2;178;212;71m▤[0m[38;2;216;147;65m[48;2;189;197;71m▤[0m[38;2;221;143;95m[48;2;199;180;76m▤[0m[38;2;224;149;118m[48;2;210;166;82m▤[0m[38;2;223;166;132m[48;2;223;160;90m▤[0m[38;2;215;192;136m[48;2;237;163;99m▤[0m[38;2;201;223;133m[48;2;248;173;110m▤[0m[38;2;181;253;125m[48;2;254;188;124m▤[0m[38;2;157;20;116m[48;2;252;205;141m▤[0m[38;2;132;29;110m[48;2;240;219;160m▤[0m[38;2;105;25;108m[48;2;221;227;179m▤[0m[38;2;76;7;107m[48;2;197;230;193m▤[0m[38;2;44;237;107m[48;2;173;228;200m▤[0m[38;2;10;210;105m[48;2;152;222;197m▤[0m[38;2;232;186;102m[48;2;136;211;186m▤[0m[38;2;202;171;101m[48;2;125;197;172m▤[0m[38;2;178;163;105m[48;2;117;179;159m▤[0m[38;2;165;165;114m[48;2;109;157;154m▤[0m[38;2;167;174;128m[48;2;99;131;158m▤[0m[38;2;183;186;146m[48;2;87;104;170m▤[0m[38;2;213;196;166m[48;2;71;79;187m▤[0m[38;2;254;199;189m[48;2;52;59;203m▤[0m[38;2;47;191;211m[48;2;32;50;212m▤[0m[38;2;95;169;232m[48;2;11;55;213m▤[0m[38;2;138;136;249m[48;2;246;75;204m▤[0m[38;2;169;99;5m[48;2;230;107;189m▤[0m[38;2;184;67;7m[48;2;220;145;172m▤[0m[38;2;183;49;254m[48;2;217;181;156m▤[0m[38;2;167;50;239m[48;2;223;208;145m▤[0m[38;2;140;72;218m[48;2;238;220;142m▤[0m[38;2;106;109;195m[48;2;6;214;146m▤[0m[38;2;72;153;176m[48;2;37;191;159m▤[0m[38;2;45;200;169m[48;2;79;162;186m▤[0m[38;2;18;227;161m[48;2;118;123;210m▤[0m[38;2;250;235;158m[48;2;154;87;234m▤[0m[38;2;235;224;161m[48;2;182;66;1m▤[0m[38;2;228;198;172m[48;2;198;64;17m▤[0m[38;2;231;161;188m[48;2;200;82;24m▤[0m[38;2;242;123;206m[48;2;185;114;22m▤[0m[38;2;3;90;221m[48;2;154;151;12m▤[0m[38;2;23;70;230m[48;2;111;184;250m▤[0m[38;2;44;65;229m[48;2;62;206;229m▤[0m[38;2;65;73;219m[48;2;14;215;206m▤[0m[38;2;84;93;203m[48;2;227;212;183m▤[0m[38;2;100;118;186m[48;2;196;202;162m▤[0m[38;2;113;145;174m[48;2;179;190;144m▤[0m[38;2;123;171;170m[48;2;178;181;129m▤[0m[38;2;131;194;176m[48;2;190;180;120m▤[0m[38;2;139;213;189m[48;2;212;187;117m▤[0m[38;2;151;227;203m[48;2;242;203;118m▤[0m[38;2;168;238;214m[48;2;20;227;120m▤[0m[38;2;190;245;216m[48;2;55;254;121m▤[0m[38;2;214;248;209m[48;2;88;25;122m▤[0m[38;2;238;245;195m[48;2;118;43;122m▤[0m[38;2;2;236;177m[48;2;146;48;125m▤[0m[38;2;14;222;158m[48;2;172;38;131m▤[0m[38;2;17;206;140m[48;2;196;16;140m▤[0m[38;2;10;190;126m[48;2;217;240;148m▤[0m[38;2;254;180;115m[48;2;231;209;151m▤[0m[38;2;241;177;105m[48;2;239;183;147m▤[0m[38;2;228;183;97m[48;2;241;167;133m▤[0m[38;2;217;197;90m[48;2;238;160;109m▤[0m[38;2;206;214;85m[48;2;233;163;80m▤[0m[38;2;195;229;84m[48;2;229;173;48m▤[0m[38;2;183;235;90m[48;2;226;184;21m▤[0m[38;2;168;230;101m[48;2;226;193;2m▤[0m[38;2;152;211;115m[48;2;226;199;246m▤[0m[38;2;137;181;129m[48;2;225;201;243m▤[0m[38;2;124;143;140m[48;2;222;200;243m▤[0m[38;2;113;105;148m[48;2;216;197;241m▤[0m[38;2;106;73;151m[48;2;207;195;234m▤[0m[38;2;101;53;152m[48;2;197;196;221m▤[0m[38;2;100;49;150m[48;2;190;203;205m▤[0m[38;2;101;60;144m[48;2;187;215;188m▤[0m[38;2;108;84;135m[48;2;189;233;174m▤[0m[38;2;119;116;121m[48;2;195;252;167m▤[0m[38;2;135;152;100m[48;2;203;13;170m▤[0m[38;2;156;189;75m[48;2;210;23;183m▤[0m[38;2;177;223;46m[48;2;213;26;206m▤[0m[38;2;198;254;15m[48;2;210;19;237m▤[0m
[38;2;219;29;244m[48;2;207;9;21m▤[0m[38;2;227;41;217m[48;2;192;239;56m▤[0m[38;2;226;41;195m[48;2;172;206;87m▤[0m[38;2;219;31;181m[48;2;152;169;113m▤[0m[38;2;212;15;177m[48;2;135;132;134m▤[0m[38;2;206;251;184m[48;2;124;99;149m▤[0m[38;2;205;233;197m[48;2;117;75;159m▤[0m[38;2;208;221;215m[48;2;115;64;165m▤[0m[38;2;215;214;232m[48;2;116;68;167m▤[0m[38;2;224;213;245m[48;2;120;87;167m▤[0m[38;2;233;215;252m[48;2;128;120;163m▤[0m[38;2;239;217;254m[48;2;138;158;156m▤[0m[38;2;242;218;0m[48;2;152;196;144m▤[0m[38;2;243;216;3m[48;2;167;227;130m▤[0m[38;2;243;210;14m[48;2;183;246;116m▤[0m[38;2;244;200;34m[48;2;198;252;105m▤[0m[38;2;247;189;62m[48;2;211;246;100m▤[0m[38;2;251;180;93m[48;2;223;231;100m▤[0m[38;2;1;176;123m[48;2;233;214;104m▤[0m[38;2;4;183;147m[48;2;245;200;111m▤[0m[38;2;2;200;161m[48;2;4;194;119m▤[0m[38;2;249;227;166m[48;2;18;197;129m▤[0m[38;2;234;3;163m[48;2;29;207;140m▤[0m[38;2;214;34;155m[48;2;35;222;155m▤[0m[38;2;189;56;147m[48;2;32;239;173m▤[0m[38;2;163;65;141m[48;2;20;253;192m▤[0m[38;2;134;61;138m[48;2;1;7;211m▤[0m[38;2;104;43;137m[48;2;231;10;226m▤[0m[38;2;70;18;136m[48;2;207;8;233m▤[0m[38;2;35;245;134m[48;2;185;1;230m▤[0m[38;2;1;221;132m[48;2;168;245;219m▤[0m[38;2;225;205;131m[48;2;156;230;205m▤[0m[38;2;201;197;135m[48;2;147;211;193m▤[0m[38;2;188;199;145m[48;2;138;188;188m▤[0m[38;2;190;208;159m[48;2;128;162;192m▤[0m[38;2;206;219;178m[48;2;115;134;204m▤[0m[38;2;237;229;199m[48;2;98;108;220m▤[0m[38;2;25;231;223m[48;2;79;88;236m▤[0m[38;2;74;222;246m[48;2;58;79;246m▤[0m[38;2;123;200;12m[48;2;36;85;246m▤[0m[38;2;167;167;30m[48;2;16;105;237m▤[0m[38;2;199;129;41m[48;2;254;138;222m▤[0m[38;2;215;97;43m[48;2;244;176;205m▤[0m[38;2;214;79;35m[48;2;241;213;189m▤[0m[38;2;198;81;19m[48;2;247;240;178m▤[0m[38;2;170;103;253m[48;2;8;252;175m▤[0m[38;2;135;140;229m[48;2;32;246;179m▤[0m[38;2;100;184;210m[48;2;64;223;192m▤[0m[38;2;73;232;203m[48;2;108;194;220m▤[0m[38;2;44;5;195m[48;2;148;154;245m▤[0m[38;2;21;13;191m[48;2;185;118;15m▤[0m[38;2;5;2;195m[48;2;213;97;37m▤[0m[38;2;253;230;206m[48;2;230;95;53m▤[0m[38;2;1;193;222m[48;2;231;113;61m▤[0m[38;2;12;154;240m[48;2;216;145;59m▤[0m[38;2;28;121;0m[48;2;184;182;48m▤[0m[38;2;49;100;9m[48;2;140;216;31m▤[0m[38;2;71;95;8m[48;2;90;238;9m▤[0m[38;2;92;103;253m[48;2;40;248;241m▤[0m[38;2;112;123;237m[48;2;252;246;217m▤[0m[38;2;129;149;221m[48;2;220;236;195m▤[0m[38;2;142;177;209m[48;2;202;224;176m▤[0m[38;2;153;203;205m[48;2;201;216;161m▤[0m[38;2;162;227;210m[48;2;213;215;151m▤[0m[38;2;171;247;223m[48;2;236;222;148m▤[0m[38;2;184;7;237m[48;2;12;239;148m▤[0m[38;2;202;18;247m[48;2;46;8;150m▤[0m[38;2;224;26;250m[48;2;82;36;151m▤[0m[38;2;249;29;243m[48;2;116;62;152m▤[0m[38;2;18;25;228m[48;2;148;80;153m▤[0m[38;2;38;16;210m[48;2;177;85;156m▤[0m[38;2;50;2;190m[48;2;204;75;162m▤[0m[38;2;53;240;172m[48;2;230;52;171m▤[0m[38;2;47;225;157m[48;2;251;21;179m▤[0m[38;2;36;215;145m[48;2;11;245;182m▤[0m[38;2;22;212;135m[48;2;19;218;177m▤[0m[38;2;9;218;126m[48;2;21;201;162m▤[0m[38;2;252;232;119m[48;2;19;194;138m▤[0m[38;2;241;249;114m[48;2;14;197;108m▤[0m[38;2;229;8;114m[48;2;10;206;76m▤[0m[38;2;216;14;120m[48;2;7;217;48m▤[0m[38;2;200;8;131m[48;2;7;226;28m▤[0m[38;2;184;244;145m[48;2;6;233;16m▤[0m[38;2;169;213;159m[48;2;5;235;12m▤[0m[38;2;155;174;171m[48;2;2;234;12m▤[0m[38;2;144;136;179m[48;2;251;231;9m▤[0m[38;2;136;103;183m[48;2;242;230;1m▤[0m[38;2;131;83;183m[48;2;232;231;243m▤[0m[38;2;130;79;181m[48;2;225;238;227m▤[0m[38;2;131;90;175m[48;2;222;251;209m▤[0m[38;2;139;114;165m[48;2;223;14;195m▤[0m[38;2;150;147;150m[48;2;229;33;189m▤[0m[38;2;167;184;129m[48;2;237;50;192m▤[0m[38;2;188;222;102m[48;2;244;60;206m▤[0m[38;2;210;2;72m[48;2;247;62;229m▤[0m[38;2;231;34;40m[48;2;244;55;6m▤[0m
[38;2;253;65;14m[48;2;241;45;47m▤[0m[38;2;7;78;241m[48;2;225;19;83m▤[0m[38;2;6;78;218m[48;2;205;240;115m▤[0m[38;2;254;69;204m[48;2;184;202;142m▤[0m[38;2;247;52;200m[48;2;167;164;164m▤[0m[38;2;241;33;206m[48;2;155;130;180m▤[0m[38;2;240;15;220m[48;2;148;105;191m▤[0m[38;2;243;2;238m[48;2;146;94;197m▤[0m[38;2;250;250;0m[48;2;147;98;199m▤[0m[38;2;4;248;13m[48;2;151;118;199m▤[0m[38;2;13;250;20m[48;2;159;151;195m▤[0m[38;2;20;252;23m[48;2;170;190;187m▤[0m[38;2;23;253;25m[48;2;184;229;175m▤[0m[38;2;24;250;29m[48;2;200;6;161m▤[0m[38;2;25;244;41m[48;2;216;25;147m▤[0m[38;2;26;234;61m[48;2;232;32;136m▤[0m[38;2;29;223;90m[48;2;246;26;130m▤[0m[38;2;33;214;122m[48;2;3;11;130m▤[0m[38;2;38;211;152m[48;2;14;249;134m▤[0m[38;2;40;218;177m[48;2;27;236;141m▤[0m[38;2;38;236;192m[48;2;41;230;150m▤[0m[38;2;30;8;197m[48;2;55;232;160m▤[0m[38;2;14;40;195m[48;2;66;242;172m▤[0m[38;2;248;71;187m[48;2;72;3;188m▤[0m[38;2;222;94;179m[48;2;69;20;206m▤[0m[38;2;195;103;173m[48;2;57;34;226m▤[0m[38;2;165;99;170m[48;2;37;43;245m▤[0m[38;2;133;81;168m[48;2;12;47;5m▤[0m[38;2;98;55;167m[48;2;242;45;12m▤[0m[38;2;61;27;165m[48;2;219;37;9m▤[0m[38;2;26;3;163m[48;2;202;26;254m▤[0m[38;2;249;241;163m[48;2;189;10;240m▤[0m[38;2;225;233;167m[48;2;179;245;228m▤[0m[38;2;212;234;177m[48;2;169;221;223m▤[0m[38;2;214;243;192m[48;2;158;194;227m▤[0m[38;2;231;254;212m[48;2;144;165;239m▤[0m[38;2;8;8;234m[48;2;127;139;0m▤[0m[38;2;52;10;3m[48;2;107;119;16m▤[0m[38;2;102;0;27m[48;2;85;110;26m▤[0m[38;2;153;233;49m[48;2;63;116;26m▤[0m[38;2;198;199;67m[48;2;42;137;17m▤[0m[38;2;231;161;78m[48;2;25;170;2m▤[0m[38;2;247;129;80m[48;2;14;209;240m▤[0m[38;2;246;111;72m[48;2;11;246;224m▤[0m[38;2;230;113;56m[48;2;18;19;213m▤[0m[38;2;202;135;34m[48;2;34;31;209m▤[0m[38;2;166;172;10m[48;2;59;24;214m▤[0m[38;2;130;217;246m[48;2;93;1;227m▤[0m[38;2;102;11;238m[48;2;138;227;1m▤[0m[38;2;72;39;230m[48;2;179;187;27m▤[0m[38;2;48;48;226m[48;2;217;151;52m▤[0m[38;2;31;36;230m[48;2;246;129;75m▤[0m[38;2;24;9;241m[48;2;8;127;91m▤[0m[38;2;27;227;3m[48;2;9;145;99m▤[0m[38;2;38;187;21m[48;2;248;177;97m▤[0m[38;2;55;153;36m[48;2;215;215;86m▤[0m[38;2;76;132;45m[48;2;170;249;69m▤[0m[38;2;99;126;44m[48;2;119;17;46m▤[0m[38;2;121;135;34m[48;2;68;28;22m▤[0m[38;2;141;155;18m[48;2;23;26;252m▤[0m[38;2;159;181;2m[48;2;245;17;230m▤[0m[38;2;173;210;245m[48;2;227;5;210m▤[0m[38;2;185;237;241m[48;2;225;252;194m▤[0m[38;2;194;7;246m[48;2;237;251;184m▤[0m[38;2;205;28;4m[48;2;6;4;180m▤[0m[38;2;218;44;17m[48;2;38;21;180m▤[0m[38;2;237;55;27m[48;2;73;46;182m▤[0m[38;2;5;63;30m[48;2;110;74;183m▤[0m[38;2;30;66;23m[48;2;146;101;184m▤[0m[38;2;55;62;8m[48;2;179;119;185m▤[0m[38;2;76;53;244m[48;2;210;124;189m▤[0m[38;2;88;39;224m[48;2;238;114;195m▤[0m[38;2;91;22;205m[48;2;10;90;204m▤[0m[38;2;85;6;190m[48;2;32;59;211m▤[0m[38;2;74;251;177m[48;2;47;27;214m▤[0m[38;2;60;248;166m[48;2;56;0;208m▤[0m[38;2;47;254;157m[48;2;58;237;193m▤[0m[38;2;34;13;150m[48;2;56;230;168m▤[0m[38;2;22;30;145m[48;2;52;232;137m▤[0m[38;2;10;44;145m[48;2;48;241;105m▤[0m[38;2;251;50;151m[48;2;45;252;76m▤[0m[38;2;234;43;162m[48;2;44;6;55m▤[0m[38;2;218;24;177m[48;2;43;13;43m▤[0m[38;2;202;247;191m[48;2;42;15;38m▤[0m[38;2;187;207;203m[48;2;39;15;37m▤[0m[38;2;176;168;211m[48;2;32;12;33m▤[0m[38;2;168;135;216m[48;2;23;11;25m▤[0m[38;2;163;114;216m[48;2;13;13;12m▤[0m[38;2;161;110;214m[48;2;6;20;250m▤[0m[38;2;163;121;207m[48;2;3;34;232m▤[0m[38;2;171;146;197m[48;2;4;52;218m▤[0m[38;2;183;179;181m[48;2;10;71;212m▤[0m[38;2;200;218;159m[48;2;18;88;215m▤[0m[38;2;222;2;131m[48;2;25;98;230m▤[0m[38;2;244;38;99m[48;2;27;100;254m▤[0m[38;2;11;71;66m[48;2;24;93;31m▤[0m
[38;2;34;103;40m[48;2;21;83;74m▤[0m[38;2;43;117;11m[48;2;5;56;111m▤[0m[38;2;42;117;242m[48;2;239;21;144m▤[0m[38;2;36;108;228m[48;2;218;236;173m▤[0m[38;2;29;91;224m[48;2;200;197;196m▤[0m[38;2;23;72;230m[48;2;188;162;213m▤[0m[38;2;22;54;244m[48;2;180;137;224m▤[0m[38;2;25;40;7m[48;2;178;126;230m▤[0m[38;2;32;33;24m[48;2;179;130;233m▤[0m[38;2;41;30;37m[48;2;184;151;233m▤[0m[38;2;50;32;45m[48;2;192;184;228m▤[0m[38;2;57;34;49m[48;2;203;224;220m▤[0m[38;2;61;34;51m[48;2;218;9;208m▤[0m[38;2;62;31;56m[48;2;234;41;193m▤[0m[38;2;63;25;69m[48;2;251;61;179m▤[0m[38;2;65;15;90m[48;2;13;68;168m▤[0m[38;2;68;4;119m[48;2;27;63;162m▤[0m[38;2;72;250;152m[48;2;40;48;162m▤[0m[38;2;76;248;183m[48;2;52;31;166m▤[0m[38;2;78;0;208m[48;2;66;18;173m▤[0m[38;2;76;19;224m[48;2;80;12;182m▤[0m[38;2;67;46;230m[48;2;94;14;193m▤[0m[38;2;51;79;228m[48;2;105;24;206m▤[0m[38;2;29;110;221m[48;2;111;40;222m▤[0m[38;2;2;133;213m[48;2;108;57;241m▤[0m[38;2;229;143;206m[48;2;96;72;6m▤[0m[38;2;197;139;203m[48;2;75;81;26m▤[0m[38;2;163;121;201m[48;2;50;85;41m▤[0m[38;2;127;94;200m[48;2;24;83;48m▤[0m[38;2;89;66;198m[48;2;0;75;45m▤[0m[38;2;52;41;196m[48;2;237;63;35m▤[0m[38;2;19;24;196m[48;2;223;47;22m▤[0m[38;2;250;15;201m[48;2;212;26;10m▤[0m[38;2;237;16;211m[48;2;202;1;5m▤[0m[38;2;239;25;227m[48;2;190;228;9m▤[0m[38;2;2;36;247m[48;2;175;198;21m▤[0m[38;2;35;44;15m[48;2;157;171;37m▤[0m[38;2;80;46;40m[48;2;136;151;53m▤[0m[38;2;132;35;65m[48;2;114;142;63m▤[0m[38;2;184;12;88m[48;2;91;149;63m▤[0m[38;2;230;233;106m[48;2;69;170;54m▤[0m[38;2;9;194;117m[48;2;52;204;39m▤[0m[38;2;26;162;119m[48;2;41;243;22m▤[0m[38;2;25;144;111m[48;2;38;26;5m▤[0m[38;2;9;146;95m[48;2;45;54;249m▤[0m[38;2;235;168;72m[48;2;62;66;245m▤[0m[38;2;198;206;48m[48;2;88;59;250m▤[0m[38;2;161;252;28m[48;2;123;36;9m▤[0m[38;2;132;46;20m[48;2;170;7;39m▤[0m[38;2;101;75;12m[48;2;212;222;65m▤[0m[38;2;76;84;8m[48;2;251;185;91m▤[0m[38;2;59;72;12m[48;2;26;163;115m▤[0m[38;2;51;45;23m[48;2;43;161;131m▤[0m[38;2;54;7;40m[48;2;44;179;139m▤[0m[38;2;65;222;58m[48;2;27;211;137m▤[0m[38;2;83;187;74m[48;2;248;249;126m▤[0m[38;2;105;166;83m[48;2;202;29;108m▤[0m[38;2;128;159;82m[48;2;149;53;85m▤[0m[38;2;151;168;72m[48;2;97;64;60m▤[0m[38;2;172;188;56m[48;2;51;63;34m▤[0m[38;2;191;215;40m[48;2;17;54;11m▤[0m[38;2;206;245;28m[48;2;253;43;245m▤[0m[38;2;218;18;24m[48;2;250;35;229m▤[0m[38;2;228;44;29m[48;2;8;34;219m▤[0m[38;2;240;66;41m[48;2;32;43;214m▤[0m[38;2;254;82;54m[48;2;65;60;214m▤[0m[38;2;19;94;64m[48;2;101;86;215m▤[0m[38;2;43;102;67m[48;2;140;114;216m▤[0m[38;2;69;105;60m[48;2;177;141;217m▤[0m[38;2;94;101;45m[48;2;212;160;219m▤[0m[38;2;115;92;25m[48;2;244;164;223m▤[0m[38;2;128;77;5m[48;2;19;154;230m▤[0m[38;2;131;60;240m[48;2;47;130;238m▤[0m[38;2;125;44;224m[48;2;69;99;245m▤[0m[38;2;114;34;210m[48;2;85;66;247m▤[0m[38;2;100;31;199m[48;2;95;39;241m▤[0m[38;2;86;37;190m[48;2;97;20;225m▤[0m[38;2;73;51;182m[48;2;95;12;200m▤[0m[38;2;60;68;177m[48;2;92;14;168m▤[0m[38;2;47;82;178m[48;2;88;23;135m▤[0m[38;2;32;87;184m[48;2;85;34;106m▤[0m[38;2;15;80;195m[48;2;83;43;84m▤[0m[38;2;253;60;210m[48;2;82;50;71m▤[0m[38;2;236;27;225m[48;2;81;52;65m▤[0m[38;2;221;242;237m[48;2;77;52;63m▤[0m[38;2;210;202;245m[48;2;70;50;58m▤[0m[38;2;201;168;250m[48;2;61;49;50m▤[0m[38;2;196;147;251m[48;2;51;52;36m▤[0m[38;2;194;142;248m[48;2;44;59;19m▤[0m[38;2;196;154;241m[48;2;41;73;1m▤[0m[38;2;205;179;230m[48;2;42;92;242m▤[0m[38;2;217;213;213m[48;2;48;111;236m▤[0m[38;2;235;253;190m[48;2;56;128;240m▤[0m[38;2;2;38;161m[48;2;62;138;0m▤[0m[38;2;25;76;128m[48;2;64;140;25m▤[0m[38;2;47;110;94m[48;2;61;133;58m▤[0m
[38;2;71;143;67m[48;2;58;123;102m▤[0m[38;2;81;158;37m[48;2;42;95;140m▤[0m[38;2;80;158;13m[48;2;20;58;175m▤[0m[38;2;75;149;253m[48;2;254;17;205m▤[0m[38;2;68;132;249m[48;2;235;232;229m▤[0m[38;2;62;113;0m[48;2;222;196;247m▤[0m[38;2;61;94;14m[48;2;214;171;4m▤[0m[38;2;64;80;32m[48;2;212;159;10m▤[0m[38;2;71;72;49m[48;2;213;164;13m▤[0m[38;2;80;69;62m[48;2;218;185;13m▤[0m[38;2;89;70;71m[48;2;226;219;8m▤[0m[38;2;96;72;76m[48;2;238;4;0m▤[0m[38;2;100;72;78m[48;2;253;45;242m▤[0m[38;2;102;69;84m[48;2;15;78;227m▤[0m[38;2;103;63;98m[48;2;33;99;213m▤[0m[38;2;105;53;120m[48;2;50;106;202m▤[0m[38;2;108;42;150m[48;2;65;101;195m▤[0m[38;2;112;33;184m[48;2;79;87;195m▤[0m[38;2;116;31;216m[48;2;92;70;199m▤[0m[38;2;118;39;241m[48;2;106;57;206m▤[0m[38;2;116;58;3m[48;2;121;51;216m▤[0m[38;2;106;86;9m[48;2;135;53;227m▤[0m[38;2;89;119;8m[48;2;146;63;241m▤[0m[38;2;67;151;1m[48;2;152;79;3m▤[0m[38;2;39;174;248m[48;2;149;96;23m▤[0m[38;2;9;185;241m[48;2;136;112;43m▤[0m[38;2;231;181;238m[48;2;115;121;63m▤[0m[38;2;195;162;235m[48;2;89;125;79m▤[0m[38;2;157;135;234m[48;2;63;123;86m▤[0m[38;2;118;107;232m[48;2;38;115;83m▤[0m[38;2;80;81;231m[48;2;19;102;73m▤[0m[38;2;46;64;231m[48;2;4;86;60m▤[0m[38;2;21;54;236m[48;2;247;64;49m▤[0m[38;2;8;55;247m[48;2;236;38;44m▤[0m[38;2;10;63;8m[48;2;223;8;48m▤[0m[38;2;29;74;29m[48;2;208;233;60m▤[0m[38;2;63;82;53m[48;2;189;205;76m▤[0m[38;2;110;83;79m[48;2;167;185;92m▤[0m[38;2;163;72;105m[48;2;144;176;101m▤[0m[38;2;217;48;128m[48;2;120;183;102m▤[0m[38;2;9;13;147m[48;2;98;205;93m▤[0m[38;2;44;229;158m[48;2;80;239;78m▤[0m[38;2;61;197;160m[48;2;69;24;60m▤[0m[38;2;61;179;152m[48;2;66;63;43m▤[0m[38;2;44;181;136m[48;2;73;91;32m▤[0m[38;2;15;203;112m[48;2;91;103;28m▤[0m[38;2;232;242;88m[48;2;118;96;33m▤[0m[38;2;194;33;67m[48;2;154;72;48m▤[0m[38;2;164;83;59m[48;2;203;44;79m▤[0m[38;2;132;113;51m[48;2;247;3;106m▤[0m[38;2;106;122;47m[48;2;31;221;132m▤[0m[38;2;88;110;51m[48;2;62;199;156m▤[0m[38;2;80;82;62m[48;2;79;197;173m▤[0m[38;2;83;44;79m[48;2;80;215;181m▤[0m[38;2;94;3;98m[48;2;62;247;179m▤[0m[38;2;112;223;113m[48;2;28;30;168m▤[0m[38;2;135;201;122m[48;2;235;66;149m▤[0m[38;2;159;194;121m[48;2;181;90;126m▤[0m[38;2;183;203;112m[48;2;127;102;100m▤[0m[38;2;205;223;96m[48;2;80;102;73m▤[0m[38;2;224;251;80m[48;2;45;93;49m▤[0m[38;2;240;26;68m[48;2;25;83;27m▤[0m[38;2;253;56;64m[48;2;22;75;11m▤[0m[38;2;9;83;69m[48;2;35;74;0m▤[0m[38;2;22;105;80m[48;2;60;84;250m▤[0m[38;2;37;122;93m[48;2;93;101;249m▤[0m[38;2;58;135;103m[48;2;131;128;250m▤[0m[38;2;82;143;106m[48;2;171;156;251m▤[0m[38;2;109;146;99m[48;2;210;184;252m▤[0m[38;2;135;142;83m[48;2;246;202;0m▤[0m[38;2;156;133;63m[48;2;25;207;4m▤[0m[38;2;170;117;42m[48;2;57;196;11m▤[0m[38;2;173;100;22m[48;2;85;172;19m▤[0m[38;2;167;84;5m[48;2;108;141;26m▤[0m[38;2;156;74;245m[48;2;125;107;27m▤[0m[38;2;142;71;234m[48;2;135;79;21m▤[0m[38;2;127;77;224m[48;2;138;60;4m▤[0m[38;2;113;91;216m[48;2;136;51;233m▤[0m[38;2;100;108;211m[48;2;133;53;201m▤[0m[38;2;86;122;212m[48;2;129;62;167m▤[0m[38;2;70;126;218m[48;2;126;72;137m▤[0m[38;2;53;119;230m[48;2;124;82;114m▤[0m[38;2;35;98;245m[48;2;123;89;100m▤[0m[38;2;17;64;5m[48;2;121;91;93m▤[0m[38;2;2;23;17m[48;2;117;91;90m▤[0m[38;2;245;237;26m[48;2;110;90;85m▤[0m[38;2;236;203;31m[48;2;101;89;76m▤[0m[38;2;231;181;32m[48;2;91;92;62m▤[0m[38;2;229;176;29m[48;2;84;100;44m▤[0m[38;2;231;188;22m[48;2;81;114;26m▤[0m[38;2;240;214;10m[48;2;82;134;12m▤[0m[38;2;253;249;247m[48;2;88;153;6m▤[0m[38;2;17;35;223m[48;2;95;170;11m▤[0m[38;2;39;76;193m[48;2;101;180;26m▤[0m[38;2;63;116;158m[48;2;103;182;52m▤[0m[38;2;85;151;123m[48;2;100;174;86m▤[0m
[38;2;110;185;95m[48;2;97;164;131m▤[0m[38;2;120;201;65m[48;2;80;135;171m▤[0m[38;2;120;201;40m[48;2;58;97;207m▤[0m[38;2;115;192;24m[48;2;36;55;239m▤[0m[38;2;108;175;20m[48;2;17;14;9m▤[0m[38;2;103;156;26m[48;2;3;232;28m▤[0m[38;2;102;136;40m[48;2;250;206;40m▤[0m[38;2;105;122;58m[48;2;247;194;47m▤[0m[38;2;112;113;75m[48;2;249;199;50m▤[0m[38;2;121;110;89m[48;2;254;221;50m▤[0m[38;2;130;111;98m[48;2;7;0;45m▤[0m[38;2;137;112;104m[48;2;20;41;36m▤[0m[38;2;142;112;107m[48;2;35;83;23m▤[0m[38;2;144;109;114m[48;2;53;117;8m▤[0m[38;2;145;102;129m[48;2;72;139;248m▤[0m[38;2;147;92;152m[48;2;89;146;237m▤[0m[38;2;150;81;183m[48;2;105;142;230m▤[0m[38;2;154;73;217m[48;2;120;128;230m▤[0m[38;2;158;71;250m[48;2;134;111;234m▤[0m[38;2;160;80;21m[48;2;148;98;241m▤[0m[38;2;157;99;38m[48;2;164;92;251m▤[0m[38;2;147;128;45m[48;2;178;94;8m▤[0m[38;2;129;162;44m[48;2;189;104;23m▤[0m[38;2;106;194;38m[48;2;195;120;41m▤[0m[38;2;77;218;30m[48;2;192;138;61m▤[0m[38;2;46;229;23m[48;2;178;153;82m▤[0m[38;2;11;224;19m[48;2;157;163;102m▤[0m[38;2;229;206;16m[48;2;130;167;118m▤[0m[38;2;189;178;15m[48;2;103;165;126m▤[0m[38;2;148;150;13m[48;2;78;157;123m▤[0m[38;2;109;123;12m[48;2;58;144;113m▤[0m[38;2;74;105;13m[48;2;42;126;100m▤[0m[38;2;49;95;18m[48;2;29;103;89m▤[0m[38;2;36;96;29m[48;2;17;76;85m▤[0m[38;2;38;104;46m[48;2;3;45;89m▤[0m[38;2;58;114;68m[48;2;242;14;101m▤[0m[38;2;93;122;93m[48;2;222;241;117m▤[0m[38;2;141;122;120m[48;2;200;221;132m▤[0m[38;2;196;110;147m[48;2;176;212;142m▤[0m[38;2;251;86;171m[48;2;151;219;142m▤[0m[38;2;44;50;190m[48;2;128;241;133m▤[0m[38;2;80;11;201m[48;2;110;21;118m▤[0m[38;2;98;234;203m[48;2;98;62;100m▤[0m[38;2;98;216;195m[48;2;95;101;83m▤[0m[38;2;81;218;178m[48;2;103;130;72m▤[0m[38;2;51;240;154m[48;2;121;142;68m▤[0m[38;2;13;24;129m[48;2;149;135;73m▤[0m[38;2;228;71;108m[48;2;187;111;88m▤[0m[38;2;197;122;100m[48;2;238;82;120m▤[0m[38;2;164;152;92m[48;2;28;41;148m▤[0m[38;2;137;161;88m[48;2;68;4;175m▤[0m[38;2;119;150;92m[48;2;100;237;199m▤[0m[38;2;110;121;103m[48;2;117;235;217m▤[0m[38;2;113;83;120m[48;2;118;253;225m▤[0m[38;2;124;41;139m[48;2;99;30;223m▤[0m[38;2;143;6;154m[48;2;64;68;212m▤[0m[38;2;166;238;163m[48;2;15;104;193m▤[0m[38;2;191;231;163m[48;2;214;129;169m▤[0m[38;2;216;239;153m[48;2;159;142;142m▤[0m[38;2;239;5;138m[48;2;110;142;114m▤[0m[38;2;4;33;122m[48;2;74;134;89m▤[0m[38;2;21;64;110m[48;2;53;124;66m▤[0m[38;2;35;95;106m[48;2;50;117;49m▤[0m[38;2;47;123;110m[48;2;63;116;38m▤[0m[38;2;60;146;121m[48;2;89;126;32m▤[0m[38;2;77;164;134m[48;2;123;144;31m▤[0m[38;2;98;178;144m[48;2;162;171;32m▤[0m[38;2;123;186;147m[48;2;204;200;33m▤[0m[38;2;151;189;139m[48;2;244;228;34m▤[0m[38;2;178;185;123m[48;2;27;247;37m▤[0m[38;2;199;175;103m[48;2;63;252;42m▤[0m[38;2;214;159;81m[48;2;96;241;49m▤[0m[38;2;217;142;61m[48;2;125;216;57m▤[0m[38;2;211;126;43m[48;2;149;184;63m▤[0m[38;2;200;116;27m[48;2;167;150;64m▤[0m[38;2;186;113;15m[48;2;178;121;57m▤[0m[38;2;170;119;5m[48;2;181;102;40m▤[0m[38;2;156;133;252m[48;2;180;92;13m▤[0m[38;2;142;150;247m[48;2;176;94;235m▤[0m[38;2;127;163;248m[48;2;172;102;200m▤[0m[38;2;110;167;254m[48;2;169;112;169m▤[0m[38;2;92;160;11m[48;2;167;122;146m▤[0m[38;2;74;138;26m[48;2;166;129;131m▤[0m[38;2;55;103;42m[48;2;164;132;123m▤[0m[38;2;40;61;54m[48;2;159;132;119m▤[0m[38;2;27;19;64m[48;2;152;131;113m▤[0m[38;2;18;240;69m[48;2;143;131;103m▤[0m[38;2;12;217;70m[48;2;133;134;89m▤[0m[38;2;10;212;67m[48;2;126;143;71m▤[0m[38;2;13;224;59m[48;2;123;158;53m▤[0m[38;2;22;250;47m[48;2;124;178;39m▤[0m[38;2;36;32;28m[48;2;129;197;33m▤[0m[38;2;55;74;2m[48;2;136;214;38m▤[0m[38;2;78;116;226m[48;2;142;224;54m▤[0m[38;2;102;157;190m[48;2;144;226;80m▤[0m[38;2;125;194;154m[48;2;140;218;115m▤[0m
[38;2;151;230;125m[48;2;138;207;162m▤[0m[38;2;162;246;94m[48;2;121;177;203m▤[0m[38;2;162;246;68m[48;2;98;138;241m▤[0m[38;2;157;237;52m[48;2;75;95;19m▤[0m[38;2;151;220;47m[48;2;56;52;45m▤[0m[38;2;146;201;53m[48;2;41;15;65m▤[0m[38;2;145;181;67m[48;2;33;243;78m▤[0m[38;2;148;166;85m[48;2;29;231;86m▤[0m[38;2;155;157;103m[48;2;31;236;89m▤[0m[38;2;164;153;117m[48;2;36;3;89m▤[0m[38;2;173;153;127m[48;2;45;38;84m▤[0m[38;2;180;154;133m[48;2;58;80;74m▤[0m[38;2;185;154;137m[48;2;74;123;61m▤[0m[38;2;188;151;145m[48;2;93;158;45m▤[0m[38;2;189;144;161m[48;2;112;180;30m▤[0m[38;2;191;133;185m[48;2;130;188;19m▤[0m[38;2;194;122;217m[48;2;147;184;12m▤[0m[38;2;198;115;252m[48;2;163;171;11m▤[0m[38;2;202;113;31m[48;2;178;154;15m▤[0m[38;2;204;123;58m[48;2;193;141;23m▤[0m[38;2;201;143;75m[48;2;209;135;33m▤[0m[38;2;190;172;83m[48;2;223;137;46m▤[0m[38;2;171;207;82m[48;2;234;147;62m▤[0m[38;2;147;239;76m[48;2;240;163;80m▤[0m[38;2;117;9;69m[48;2;237;181;101m▤[0m[38;2;84;20;62m[48;2;222;197;123m▤[0m[38;2;48;15;57m[48;2;201;207;143m▤[0m[38;2;9;251;54m[48;2;173;211;159m▤[0m[38;2;223;224;53m[48;2;145;209;167m▤[0m[38;2;180;195;51m[48;2;120;201;165m▤[0m[38;2;140;167;50m[48;2;99;187;155m▤[0m[38;2;104;148;51m[48;2;82;168;142m▤[0m[38;2;78;138;57m[48;2;68;144;131m▤[0m[38;2;65;139;68m[48;2;55;116;127m▤[0m[38;2;67;146;86m[48;2;40;84;132m▤[0m[38;2;88;156;109m[48;2;23;52;144m▤[0m[38;2;124;164;135m[48;2;2;24;160m▤[0m[38;2;174;163;163m[48;2;234;3;175m▤[0m[38;2;230;150;191m[48;2;209;250;184m▤[0m[38;2;32;125;215m[48;2;183;2;184m▤[0m[38;2;81;89;235m[48;2;160;25;175m▤[0m[38;2;118;50;246m[48;2;141;60;160m▤[0m[38;2;137;17;248m[48;2;129;102;142m▤[0m[38;2;137;254;240m[48;2;126;141;125m▤[0m[38;2;120;1;222m[48;2;134;170;114m▤[0m[38;2;89;24;198m[48;2;153;183;110m▤[0m[38;2;50;63;173m[48;2;182;175;115m▤[0m[38;2;9;111;151m[48;2;221;151;131m▤[0m[38;2;232;163;143m[48;2;19;122;164m▤[0m[38;2;198;193;135m[48;2;66;81;193m▤[0m[38;2;170;203;131m[48;2;107;44;220m▤[0m[38;2;151;191;135m[48;2;139;21;245m▤[0m[38;2;142;162;146m[48;2;157;19;8m▤[0m[38;2;145;123;163m[48;2;157;37;16m▤[0m[38;2;156;81;182m[48;2;138;69;14m▤[0m[38;2;175;45;197m[48;2;102;108;3m▤[0m[38;2;199;22;206m[48;2;52;144;239m▤[0m[38;2;225;14;206m[48;2;249;170;214m▤[0m[38;2;251;22;197m[48;2;192;184;186m▤[0m[38;2;20;43;182m[48;2;142;185;157m▤[0m[38;2;41;72;166m[48;2;105;177;131m▤[0m[38;2;59;104;154m[48;2;83;168;107m▤[0m[38;2;73;136;150m[48;2;80;161;89m▤[0m[38;2;86;165;154m[48;2;93;160;78m▤[0m[38;2;101;189;164m[48;2;119;170;71m▤[0m[38;2;119;208;177m[48;2;154;189;70m▤[0m[38;2;141;223;187m[48;2;195;217;71m▤[0m[38;2;167;231;189m[48;2;238;247;72m▤[0m[38;2;195;234;181m[48;2;25;20;73m▤[0m[38;2;223;230;165m[48;2;65;39;76m▤[0m[38;2;245;220;145m[48;2;103;44;81m▤[0m[38;2;5;204;122m[48;2;137;33;89m▤[0m[38;2;8;186;101m[48;2;167;8;96m▤[0m[38;2;2;170;82m[48;2;192;230;102m▤[0m[38;2;246;160;66m[48;2;211;195;103m▤[0m[38;2;232;157;53m[48;2;222;166;95m▤[0m[38;2;216;163;43m[48;2;226;146;77m▤[0m[38;2;201;177;34m[48;2;225;136;50m▤[0m[38;2;186;194;30m[48;2;221;137;16m▤[0m[38;2;170;207;31m[48;2;217;144;235m▤[0m[38;2;152;210;37m[48;2;214;154;203m▤[0m[38;2;134;202;49m[48;2;212;165;179m▤[0m[38;2;115;180;64m[48;2;211;172;163m▤[0m[38;2;95;144;80m[48;2;208;175;154m▤[0m[38;2;79;101;93m[48;2;203;175;149m▤[0m[38;2;66;58;103m[48;2;196;175;142m▤[0m[38;2;56;23;109m[48;2;187;175;132m▤[0m[38;2;50;0;110m[48;2;177;179;117m▤[0m[38;2;48;250;106m[48;2;170;188;99m▤[0m[38;2;52;7;98m[48;2;167;204;81m▤[0m[38;2;61;34;85m[48;2;168;224;67m▤[0m[38;2;76;71;65m[48;2;173;243;61m▤[0m[38;2;95;115;38m[48;2;180;5;66m▤[0m[38;2;119;158;6m[48;2;185;15;83m▤[0m[38;2;144;201;223m[48;2;187;17;110m▤[0m[38;2;167;239;186m[48;2;183;9;146m▤[0m
[38;2;194;22;156m[48;2;181;253;194m▤[0m[38;2;206;38;124m[48;2;163;222;237m▤[0m[38;2;206;39;98m[48;2;140;181;22m▤[0m[38;2;202;29;81m[48;2;116;137;56m▤[0m[38;2;196;12;76m[48;2;96;93;83m▤[0m[38;2;191;248;81m[48;2;81;55;104m▤[0m[38;2;190;228;95m[48;2;72;27;118m▤[0m[38;2;193;212;114m[48;2;68;15;126m▤[0m[38;2;200;203;132m[48;2;70;20;130m▤[0m[38;2;209;198;147m[48;2;75;42;130m▤[0m[38;2;218;198;157m[48;2;85;78;124m▤[0m[38;2;226;198;164m[48;2;98;121;114m▤[0m[38;2;231;198;169m[48;2;115;165;100m▤[0m[38;2;234;195;178m[48;2;135;201;84m▤[0m[38;2;235;187;195m[48;2;154;224;69m▤[0m[38;2;237;176;220m[48;2;173;232;58m▤[0m[38;2;241;166;253m[48;2;191;229;51m▤[0m[38;2;245;159;34m[48;2;208;216;49m▤[0m[38;2;249;158;68m[48;2;224;199;53m▤[0m[38;2;250;168;96m[48;2;240;186;62m▤[0m[38;2;246;189;114m[48;2;1;180;72m▤[0m[38;2;235;218;123m[48;2;15;182;86m▤[0m[38;2;215;254;122m[48;2;26;192;102m▤[0m[38;2;190;32;116m[48;2;32;208;121m▤[0m[38;2;159;57;109m[48;2;29;227;143m▤[0m[38;2;125;68;102m[48;2;14;243;166m▤[0m[38;2;87;63;97m[48;2;247;253;186m▤[0m[38;2;46;44;94m[48;2;219;2;202m▤[0m[38;2;3;17;92m[48;2;190;0;211m▤[0m[38;2;214;242;91m[48;2;164;247;209m▤[0m[38;2;172;214;90m[48;2;142;232;199m▤[0m[38;2;135;194;91m[48;2;124;212;186m▤[0m[38;2;109;184;98m[48;2;108;187;176m▤[0m[38;2;95;184;110m[48;2;94;158;172m▤[0m[38;2;98;191;128m[48;2;79;125;177m▤[0m[38;2;119;200;152m[48;2;61;92;189m▤[0m[38;2;157;208;179m[48;2;39;63;205m▤[0m[38;2;208;206;208m[48;2;15;42;220m▤[0m[38;2;11;192;237m[48;2;244;34;229m▤[0m[38;2;69;166;7m[48;2;217;42;229m▤[0m[38;2;120;130;27m[48;2;193;65;220m▤[0m[38;2;158;90;38m[48;2;173;101;204m▤[0m[38;2;177;57;40m[48;2;161;144;186m▤[0m[38;2;178;39;32m[48;2;158;183;169m▤[0m[38;2;160;41;14m[48;2;167;213;158m▤[0m[38;2;129;65;244m[48;2;187;225;154m▤[0m[38;2;89;104;219m[48;2;217;217;159m▤[0m[38;2;47;152;196m[48;2;2;193;176m▤[0m[38;2;14;206;189m[48;2;57;164;210m▤[0m[38;2;234;236;180m[48;2;106;123;240m▤[0m[38;2;205;246;176m[48;2;148;86;12m▤[0m[38;2;185;235;180m[48;2;180;63;38m▤[0m[38;2;175;205;191m[48;2;199;60;56m▤[0m[38;2;178;166;208m[48;2;199;78;65m▤[0m[38;2;189;123;227m[48;2;179;111;63m▤[0m[38;2;209;86;243m[48;2;142;150;51m▤[0m[38;2;234;63;252m[48;2;90;186;32m▤[0m[38;2;6;54;252m[48;2;31;213;6m▤[0m[38;2;33;62;243m[48;2;227;228;232m▤[0m[38;2;57;83;228m[48;2;176;230;202m▤[0m[38;2;79;113;212m[48;2;137;223;175m▤[0m[38;2;98;146;200m[48;2;115;214;150m▤[0m[38;2;113;179;196m[48;2;111;207;132m▤[0m[38;2;128;209;200m[48;2;124;207;120m▤[0m[38;2;144;234;210m[48;2;151;217;112m▤[0m[38;2;163;254;222m[48;2;187;237;111m▤[0m[38;2;186;15;232m[48;2;229;10;112m▤[0m[38;2;213;24;234m[48;2;19;41;113m▤[0m[38;2;242;26;225m[48;2;63;69;114m▤[0m[38;2;15;22;209m[48;2;105;88;117m▤[0m[38;2;38;12;189m[48;2;144;93;122m▤[0m[38;2;53;251;165m[48;2;180;82;130m▤[0m[38;2;56;232;143m[48;2;211;57;137m▤[0m[38;2;51;216;124m[48;2;237;23;143m▤[0m[38;2;40;206;107m[48;2;2;243;144m▤[0m[38;2;25;203;93m[48;2;14;213;135m▤[0m[38;2;9;209;82m[48;2;18;192;116m▤[0m[38;2;248;223;73m[48;2;18;182;88m▤[0m[38;2;232;240;69m[48;2;14;182;53m▤[0m[38;2;215;252;70m[48;2;10;189;17m▤[0m[38;2;196;0;77m[48;2;7;199;239m▤[0m[38;2;177;247;89m[48;2;5;210;214m▤[0m[38;2;157;224;104m[48;2;3;217;197m▤[0m[38;2;137;187;120m[48;2;0;220;187m▤[0m[38;2;120;143;134m[48;2;250;221;181m▤[0m[38;2;107;99;144m[48;2;242;221;173m▤[0m[38;2;96;63;151m[48;2;233;221;162m▤[0m[38;2;90;40;152m[48;2;223;226;147m▤[0m[38;2;88;35;148m[48;2;216;235;128m▤[0m[38;2;92;47;139m[48;2;213;252;110m▤[0m[38;2;102;74;125m[48;2;214;17;96m▤[0m[38;2;117;113;104m[48;2;219;37;90m▤[0m[38;2;137;158;76m[48;2;226;54;96m▤[0m[38;2;162;203;42m[48;2;230;64;113m▤[0m[38;2;187;247;3m[48;2;232;65;141m▤[0m[38;2;211;31;220m[48;2;228;57;178m▤[0m
[38;2;240;71;189m[48;2;226;46;228m▤[0m[38;2;252;87;156m[48;2;208;14;18m▤[0m[38;2;253;89;129m[48;2;184;227;59m▤[0m[38;2;249;79;112m[48;2;159;181;94m▤[0m[38;2;243;62;106m[48;2;139;136;123m▤[0m[38;2;238;42;111m[48;2;123;96;145m▤[0m[38;2;237;22;125m[48;2;113;68;160m▤[0m[38;2;240;6;144m[48;2;109;56;169m▤[0m[38;2;247;251;162m[48;2;111;61;173m▤[0m[38;2;1;246;178m[48;2;117;83;172m▤[0m[38;2;11;245;189m[48;2;127;120;166m▤[0m[38;2;19;245;196m[48;2;141;164;156m▤[0m[38;2;24;244;202m[48;2;158;209;142m▤[0m[38;2;27;241;213m[48;2;178;246;125m▤[0m[38;2;29;233;231m[48;2;198;14;110m▤[0m[38;2;31;222;2m[48;2;218;23;98m▤[0m[38;2;35;212;35m[48;2;237;20;91m▤[0m[38;2;39;205;72m[48;2;0;8;89m▤[0m[38;2;43;205;107m[48;2;17;246;93m▤[0m[38;2;43;215;136m[48;2;34;233;102m▤[0m[38;2;39;237;155m[48;2;50;227;113m▤[0m[38;2;27;12;164m[48;2;65;229;128m▤[0m[38;2;7;48;164m[48;2;76;239;145m▤[0m[38;2;235;82;158m[48;2;82;1;164m▤[0m[38;2;203;107;151m[48;2;78;20;187m▤[0m[38;2;167;118;144m[48;2;63;36;211m▤[0m[38;2;128;113;139m[48;2;40;46;231m▤[0m[38;2;85;94;136m[48;2;12;51;248m▤[0m[38;2;40;67;134m[48;2;237;49;2m▤[0m[38;2;249;36;133m[48;2;210;40;0m▤[0m[38;2;206;8;132m[48;2;187;24;245m▤[0m[38;2;168;242;133m[48;2;167;4;233m▤[0m[38;2;141;232;141m[48;2;151;233;223m▤[0m[38;2;127;231;153m[48;2;135;202;219m▤[0m[38;2;130;238;172m[48;2;119;168;224m▤[0m[38;2;152;247;197m[48;2;100;134;236m▤[0m[38;2;191;254;225m[48;2;77;104;252m▤[0m[38;2;244;251;0m[48;2;52;83;12m▤[0m[38;2;49;236;30m[48;2;25;75;21m▤[0m[38;2;108;209;56m[48;2;253;84;21m▤[0m[38;2;161;173;76m[48;2;228;107;12m▤[0m[38;2;200;133;88m[48;2;207;144;251m▤[0m[38;2;220;99;90m[48;2;195;187;232m▤[0m[38;2;221;81;81m[48;2;192;227;215m▤[0m[38;2;203;84;63m[48;2;202;2;204m▤[0m[38;2;171;108;38m[48;2;222;14;200m▤[0m[38;2;130;147;12m[48;2;253;6;205m▤[0m[38;2;86;196;244m[48;2;40;237;223m▤[0m[38;2;53;251;237m[48;2;97;209;3m▤[0m[38;2;16;27;227m[48;2;147;167;34m▤[0m[38;2;241;37;223m[48;2;191;130;62m▤[0m[38;2;220;25;227m[48;2;224;106;88m▤[0m[38;2;210;250;238m[48;2;243;103;107m▤[0m[38;2;213;210;1m[48;2;242;121;116m▤[0m[38;2;224;167;20m[48;2;222;154;114m▤[0m[38;2;245;130;36m[48;2;183;194;102m▤[0m[38;2;15;106;45m[48;2;130;231;82m▤[0m[38;2;43;97;45m[48;2;70;3;55m▤[0m[38;2;71;104;36m[48;2;9;19;25m▤[0m[38;2;96;125;21m[48;2;211;22;249m▤[0m[38;2;119;156;5m[48;2;171;16;221m▤[0m[38;2;139;190;248m[48;2;148;7;196m▤[0m[38;2;155;224;244m[48;2;144;0;177m▤[0m[38;2;171;0;248m[48;2;157;1;164m▤[0m[38;2;188;27;3m[48;2;184;11;156m▤[0m[38;2;209;48;15m[48;2;222;32;154m▤[0m[38;2;233;64;24m[48;2;10;61;155m▤[0m[38;2;6;74;26m[48;2;57;92;156m▤[0m[38;2;36;76;17m[48;2;103;120;157m▤[0m[38;2;64;72;1m[48;2;147;139;160m▤[0m[38;2;88;61;235m[48;2;188;144;165m▤[0m[38;2;103;45;210m[48;2;225;133;173m▤[0m[38;2;107;26;187m[48;2;2;108;180m▤[0m[38;2;102;10;167m[48;2;30;74;186m▤[0m[38;2;91;254;150m[48;2;50;38;186m▤[0m[38;2;76;251;135m[48;2;63;7;177m▤[0m[38;2;59;3;123m[48;2;68;240;157m▤[0m[38;2;42;16;114m[48;2;68;230;128m▤[0m[38;2;25;33;110m[48;2;64;229;92m▤[0m[38;2;7;45;111m[48;2;60;236;55m▤[0m[38;2;243;48;119m[48;2;57;246;22m▤[0m[38;2;223;39;131m[48;2;55;2;250m▤[0m[38;2;202;15;146m[48;2;53;9;232m▤[0m[38;2;181;232;163m[48;2;49;12;221m▤[0m[38;2;164;187;177m[48;2;44;14;214m▤[0m[38;2;150;142;188m[48;2;36;14;206m▤[0m[38;2;139;105;194m[48;2;26;15;194m▤[0m[38;2;132;82;195m[48;2;16;20;178m▤[0m[38;2;130;77;191m[48;2;9;30;159m▤[0m[38;2;134;89;182m[48;2;6;47;141m▤[0m[38;2;145;117;167m[48;2;7;67;127m▤[0m[38;2;161;157;145m[48;2;12;88;121m▤[0m[38;2;181;203;116m[48;2;19;105;127m▤[0m[38;2;207;250;80m[48;2;23;115;145m▤[0m[38;2;233;40;40m[48;2;24;116;174m▤[0m[38;2;3;80;0m[48;2;20;107;212m▤[0m
[38;2;33;122;223m[48;2;18;96;9m▤[0m[38;2;45;139;189m[48;2;0;63;56m▤[0m[38;2;47;141;162m[48;2;230;20;98m▤[0m[38;2;43;131;144m[48;2;205;227;135m▤[0m[38;2;37;114;137m[48;2;184;181;165m▤[0m[38;2;32;94;142m[48;2;167;140;188m▤[0m[38;2;31;73;156m[48;2;157;111;204m▤[0m[38;2;34;57;175m[48;2;152;99;213m▤[0m[38;2;41;46;194m[48;2;154;104;218m▤[0m[38;2;51;41;210m[48;2;160;127;217m▤[0m[38;2;61;39;222m[48;2;171;164;211m▤[0m[38;2;69;39;230m[48;2;186;209;200m▤[0m[38;2;74;38;237m[48;2;203;0;185m▤[0m[38;2;78;34;249m[48;2;224;38;168m▤[0m[38;2;80;26;13m[48;2;245;62;153m▤[0m[38;2;82;15;40m[48;2;11;72;141m▤[0m[38;2;86;5;74m[48;2;31;69;133m▤[0m[38;2;90;253;112m[48;2;49;57;131m▤[0m[38;2;94;254;148m[48;2;67;41;135m▤[0m[38;2;94;10;178m[48;2;85;28;144m▤[0m[38;2;89;32;198m[48;2;102;22;156m▤[0m[38;2;76;63;208m[48;2;117;24;172m▤[0m[38;2;56;100;208m[48;2;128;34;189m▤[0m[38;2;28;134;203m[48;2;134;51;210m▤[0m[38;2;249;159;196m[48;2;130;70;233m▤[0m[38;2;212;171;188m[48;2;114;86;3m▤[0m[38;2;171;166;183m[48;2;91;97;24m▤[0m[38;2;126;147;180m[48;2;62;102;41m▤[0m[38;2;79;119;178m[48;2;31;100;50m▤[0m[38;2;31;88;177m[48;2;3;90;48m▤[0m[38;2;241;59;176m[48;2;234;74;39m▤[0m[38;2;202;38;178m[48;2;213;53;27m▤[0m[38;2;175;27;186m[48;2;195;26;17m▤[0m[38;2;161;26;199m[48;2;178;249;13m▤[0m[38;2;164;32;219m[48;2;161;213;18m▤[0m[38;2;187;41;244m[48;2;141;178;30m▤[0m[38;2;227;47;18m[48;2;117;148;46m▤[0m[38;2;27;43;49m[48;2;91;126;61m▤[0m[38;2;88;28;80m[48;2;63;119;70m▤[0m[38;2;149;0;107m[48;2;35;128;70m▤[0m[38;2;203;218;128m[48;2;9;152;61m▤[0m[38;2;243;177;140m[48;2;243;189;45m▤[0m[38;2;9;143;142m[48;2;231;233;26m▤[0m[38;2;11;125;133m[48;2;228;18;8m▤[0m[38;2;248;129;114m[48;2;238;49;252m▤[0m[38;2;215;153;89m[48;2;4;61;248m▤[0m[38;2;172;192;62m[48;2;36;53;254m▤[0m[38;2;128;242;39m[48;2;80;29;17m▤[0m[38;2;93;43;32m[48;2;139;1;54m▤[0m[38;2;55;75;22m[48;2;191;213;85m▤[0m[38;2;24;85;17m[48;2;236;176;114m▤[0m[38;2;2;73;21m[48;2;15;152;141m▤[0m[38;2;247;43;33m[48;2;34;149;160m▤[0m[38;2;249;2;51m[48;2;33;166;169m▤[0m[38;2;6;213;70m[48;2;12;200;167m▤[0m[38;2;27;176;86m[48;2;227;240;155m▤[0m[38;2;53;151;95m[48;2;172;23;134m▤[0m[38;2;82;142;95m[48;2;110;51;107m▤[0m[38;2;111;149;86m[48;2;48;67;76m▤[0m[38;2;137;170;71m[48;2;248;71;44m▤[0m[38;2;161;201;55m[48;2;207;66;14m▤[0m[38;2;182;236;43m[48;2;183;57;244m▤[0m[38;2;200;17;39m[48;2;178;51;224m▤[0m[38;2;217;49;43m[48;2;192;52;210m▤[0m[38;2;235;77;53m[48;2;219;63;202m▤[0m[38;2;2;99;65m[48;2;3;85;199m▤[0m[38;2;27;116;74m[48;2;48;114;200m▤[0m[38;2;56;126;75m[48;2;97;146;201m▤[0m[38;2;87;128;66m[48;2;145;174;202m▤[0m[38;2;116;124;50m[48;2;191;193;205m▤[0m[38;2;140;113;28m[48;2;234;198;211m▤[0m[38;2;156;96;3m[48;2;17;187;219m▤[0m[38;2;160;77;234m[48;2;51;161;226m▤[0m[38;2;155;61;213m[48;2;80;127;231m▤[0m[38;2;144;50;195m[48;2;101;90;231m▤[0m[38;2;129;47;179m[48;2;114;58;221m▤[0m[38;2;112;54;167m[48;2;120;36;200m▤[0m[38;2;94;67;157m[48;2;120;25;170m▤[0m[38;2;76;83;153m[48;2;117;24;133m▤[0m[38;2;57;95;155m[48;2;113;30;95m▤[0m[38;2;37;98;163m[48;2;109;40;61m▤[0m[38;2;16;88;175m[48;2;107;51;33m▤[0m[38;2;249;63;190m[48;2;105;58;14m▤[0m[38;2;227;24;207m[48;2;101;62;2m▤[0m[38;2;210;233;222m[48;2;95;64;249m▤[0m[38;2;195;187;233m[48;2;87;64;240m▤[0m[38;2;183;150;240m[48;2;77;66;227m▤[0m[38;2;176;126;241m[48;2;67;71;211m▤[0m[38;2;174;121;237m[48;2;60;82;192m▤[0m[38;2;179;133;227m[48;2;57;99;173m▤[0m[38;2;190;162;211m[48;2;58;120;159m▤[0m[38;2;207;203;188m[48;2;63;141;153m▤[0m[38;2;228;250;158m[48;2;69;158;160m▤[0m[38;2;254;44;120m[48;2;73;169;178m▤[0m[38;2;26;90;79m[48;2;73;169;208m▤[0m[38;2;52;132;37m[48;2;69;160;248m▤[0m
[38;2;83;175;4m[48;2;67;148;47m▤[0m[38;2;95;193;224m[48;2;49;114;95m▤[0m[38;2;98;196;196m[48;2;23;70;139m▤[0m[38;2;94;186;177m[48;2;253;21;178m▤[0m[38;2;89;169;170m[48;2;231;228;209m▤[0m[38;2;84;148;175m[48;2;213;186;233m▤[0m[38;2;83;127;189m[48;2;203;156;250m▤[0m[38;2;86;110;208m[48;2;198;144;5m▤[0m[38;2;93;99;227m[48;2;199;149;10m▤[0m[38;2;103;93;244m[48;2;206;173;9m▤[0m[38;2;113;91;2m[48;2;217;210;2m▤[0m[38;2;121;90;11m[48;2;233;1;246m▤[0m[38;2;127;89;19m[48;2;251;48;231m▤[0m[38;2;131;84;32m[48;2;17;87;214m▤[0m[38;2;133;76;52m[48;2;39;112;198m▤[0m[38;2;136;65;80m[48;2;61;123;186m▤[0m[38;2;140;55;115m[48;2;82;120;178m▤[0m[38;2;144;49;154m[48;2;101;109;176m▤[0m[38;2;147;50;191m[48;2;120;93;180m▤[0m[38;2;147;62;222m[48;2;139;80;189m▤[0m[38;2;141;85;243m[48;2;156;74;201m▤[0m[38;2;128;117;254m[48;2;172;76;218m▤[0m[38;2;107;154;254m[48;2;183;86;236m▤[0m[38;2;78;189;250m[48;2;188;103;3m▤[0m[38;2;43;214;243m[48;2;184;122;27m▤[0m[38;2;4;226;235m[48;2;168;139;52m▤[0m[38;2;216;221;229m[48;2;144;150;74m▤[0m[38;2;169;202;226m[48;2;114;155;91m▤[0m[38;2;120;174;224m[48;2;83;153;100m▤[0m[38;2;70;142;223m[48;2;53;143;99m▤[0m[38;2;23;113;222m[48;2;28;126;90m▤[0m[38;2;238;91;225m[48;2;6;104;78m▤[0m[38;2;210;79;233m[48;2;242;76;68m▤[0m[38;2;196;78;247m[48;2;224;43;65m▤[0m[38;2;200;84;13m[48;2;205;6;70m▤[0m[38;2;224;92;39m[48;2;184;225;82m▤[0m[38;2;10;97;69m[48;2;159;194;98m▤[0m[38;2;66;93;101m[48;2;132;172;113m▤[0m[38;2;129;77;133m[48;2;103;165;121m▤[0m[38;2;192;48;161m[48;2;74;174;121m▤[0m[38;2;248;10;182m[48;2;47;199;112m▤[0m[38;2;34;224;195m[48;2;26;236;96m▤[0m[38;2;56;190;197m[48;2;13;26;77m▤[0m[38;2;58;172;187m[48;2;11;67;59m▤[0m[38;2;40;176;168m[48;2;21;98;47m▤[0m[38;2;6;200;142m[48;2;43;110;44m▤[0m[38;2;217;240;115m[48;2;76;102;50m▤[0m[38;2;171;35;91m[48;2;122;78;69m▤[0m[38;2;135;92;84m[48;2;183;50;107m▤[0m[38;2;96;125;74m[48;2;237;7;139m▤[0m[38;2;64;135;69m[48;2;28;224;169m▤[0m[38;2;41;123;73m[48;2;63;200;196m▤[0m[38;2;31;93;85m[48;2;82;197;216m▤[0m[38;2;32;51;103m[48;2;81;214;225m▤[0m[38;2;45;7;122m[48;2;59;248;223m▤[0m[38;2;66;224;139m[48;2;18;34;211m▤[0m[38;2;93;198;148m[48;2;216;72;189m▤[0m[38;2;123;189;148m[48;2;152;101;161m▤[0m[38;2;153;196;139m[48;2;88;118;129m▤[0m[38;2;180;217;124m[48;2;32;123;96m▤[0m[38;2;205;249;108m[48;2;244;118;65m▤[0m[38;2;227;30;96m[48;2;220;110;39m▤[0m[38;2;247;67;92m[48;2;214;104;18m▤[0m[38;2;10;100;96m[48;2;228;106;3m▤[0m[38;2;29;129;105m[48;2;1;118;250m▤[0m[38;2;52;152;117m[48;2;41;140;246m▤[0m[38;2;78;170;126m[48;2;88;170;247m▤[0m[38;2;109;180;127m[48;2;139;202;248m▤[0m[38;2;140;183;118m[48;2;189;231;249m▤[0m[38;2;170;178;101m[48;2;237;250;253m▤[0m[38;2;195;167;78m[48;2;27;0;4m▤[0m[38;2;211;150;53m[48;2;67;243;12m▤[0m[38;2;216;131;28m[48;2;102;217;19m▤[0m[38;2;211;114;6m[48;2;132;182;24m▤[0m[38;2;200;103;242m[48;2;154;145;23m▤[0m[38;2;185;101;225m[48;2;168;112;12m▤[0m[38;2;167;107;213m[48;2;174;89;245m▤[0m[38;2;148;120;203m[48;2;175;77;214m▤[0m[38;2;129;136;199m[48;2;172;76;176m▤[0m[38;2;109;148;201m[48;2;168;82;137m▤[0m[38;2;88;150;209m[48;2;164;92;102m▤[0m[38;2;66;139;221m[48;2;162;102;73m▤[0m[38;2;43;113;237m[48;2;159;110;53m▤[0m[38;2;21;74;254m[48;2;155;114;40m▤[0m[38;2;3;27;14m[48;2;149;116;31m▤[0m[38;2;242;235;26m[48;2;140;117;21m▤[0m[38;2;230;197;33m[48;2;130;119;7m▤[0m[38;2;223;172;34m[48;2;120;125;245m▤[0m[38;2;221;167;30m[48;2;113;137;226m▤[0m[38;2;226;179;19m[48;2;110;154;207m▤[0m[38;2;237;209;2m[48;2;111;175;193m▤[0m[38;2;0;251;233m[48;2;116;197;187m▤[0m[38;2;22;45;201m[48;2;122;214;194m▤[0m[38;2;48;95;162m[48;2;125;225;213m▤[0m[38;2;76;143;119m[48;2;125;225;244m▤[0m[38;2;103;186;76m[48;2;120;215;30m▤[0m
[38;2;135;231;42m[48;2;119;203;86m▤[0m[38;2;148;250;6m[48;2;100;168;136m▤[0m[38;2;151;253;232m[48;2;74;122;182m▤[0m[38;2;148;243;212m[48;2;48;72;222m▤[0m[38;2;143;226;205m[48;2;25;22;0m▤[0m[38;2;138;205;210m[48;2;7;234;25m▤[0m[38;2;137;183;224m[48;2;251;204;43m▤[0m[38;2;140;166;243m[48;2;246;191;54m▤[0m[38;2;148;154;7m[48;2;247;196;59m▤[0m[38;2;158;148;25m[48;2;254;221;58m▤[0m[38;2;168;145;38m[48;2;11;4;51m▤[0m[38;2;176;144;48m[48;2;27;51;39m▤[0m[38;2;182;142;58m[48;2;46;99;24m▤[0m[38;2;187;137;72m[48;2;68;138;7m▤[0m[38;2;189;129;93m[48;2;91;165;245m▤[0m[38;2;192;118;122m[48;2;113;176;233m▤[0m[38;2;196;108;158m[48;2;135;174;225m▤[0m[38;2;200;102;198m[48;2;155;163;223m▤[0m[38;2;203;104;236m[48;2;175;148;227m▤[0m[38;2;203;116;13m[48;2;195;135;236m▤[0m[38;2;196;140;35m[48;2;213;129;249m▤[0m[38;2;182;173;47m[48;2;229;131;11m▤[0m[38;2;160;211;48m[48;2;240;141;30m▤[0m[38;2;130;246;44m[48;2;245;158;53m▤[0m[38;2;94;17;37m[48;2;240;177;78m▤[0m[38;2;53;29;29m[48;2;224;194;104m▤[0m[38;2;8;24;23m[48;2;199;206;126m▤[0m[38;2;214;5;19m[48;2;169;211;144m▤[0m[38;2;163;231;17m[48;2;137;209;153m▤[0m[38;2;111;199;16m[48;2;106;198;152m▤[0m[38;2;62;169;16m[48;2;79;181;143m▤[0m[38;2;21;147;19m[48;2;56;158;132m▤[0m[38;2;247;134;27m[48;2;36;128;122m▤[0m[38;2;233;132;42m[48;2;17;94;119m▤[0m[38;2;238;138;64m[48;2;252;56;124m▤[0m[38;2;7;146;91m[48;2;229;19;136m▤[0m[38;2;50;150;122m[48;2;203;242;152m▤[0m[38;2;107;145;155m[48;2;175;220;167m▤[0m[38;2;172;128;188m[48;2;145;213;175m▤[0m[38;2;237;98;217m[48;2;115;222;175m▤[0m[38;2;40;60;239m[48;2;87;248;166m▤[0m[38;2;82;18;252m[48;2;66;31;150m▤[0m[38;2;105;239;254m[48;2;52;76;130m▤[0m[38;2;107;221;244m[48;2;51;118;112m▤[0m[38;2;89;225;225m[48;2;61;149;100m▤[0m[38;2;54;249;198m[48;2;84;161;97m▤[0m[38;2;9;35;170m[48;2;118;153;104m▤[0m[38;2;217;86;146m[48;2;166;129;123m▤[0m[38;2;180;144;139m[48;2;229;101;162m▤[0m[38;2;139;177;129m[48;2;30;58;195m▤[0m[38;2;106;187;124m[48;2;77;19;226m▤[0m[38;2;82;175;128m[48;2;113;250;254m▤[0m[38;2;71;145;140m[48;2;132;247;19m▤[0m[38;2;72;103;158m[48;2;131;9;29m▤[0m[38;2;86;58;177m[48;2;108;43;27m▤[0m[38;2;107;19;194m[48;2;66;85;14m▤[0m[38;2;135;248;203m[48;2;7;124;247m▤[0m[38;2;166;238;203m[48;2;196;154;218m▤[0m[38;2;197;245;194m[48;2;131;171;185m▤[0m[38;2;225;12;179m[48;2;73;177;151m▤[0m[38;2;251;44;164m[48;2;29;173;119m▤[0m[38;2;20;81;152m[48;2;3;165;91m▤[0m[38;2;41;119;147m[48;2;252;160;69m▤[0m[38;2;60;154;151m[48;2;11;162;54m▤[0m[38;2;81;184;160m[48;2;40;175;45m▤[0m[38;2;105;208;172m[48;2;81;198;41m▤[0m[38;2;132;226;180m[48;2;130;228;41m▤[0m[38;2;164;237;181m[48;2;183;6;42m▤[0m[38;2;196;240;172m[48;2;235;35;44m▤[0m[38;2;227;235;154m[48;2;30;54;48m▤[0m[38;2;253;224;131m[48;2;77;59;54m▤[0m[38;2;14;207;105m[48;2;119;47;62m▤[0m[38;2;19;187;79m[48;2;156;21;69m▤[0m[38;2;15;170;56m[48;2;187;240;74m▤[0m[38;2;4;159;36m[48;2;210;202;72m▤[0m[38;2;243;157;19m[48;2;224;169;60m▤[0m[38;2;225;163;6m[48;2;231;145;38m▤[0m[38;2;205;176;251m[48;2;232;132;5m▤[0m[38;2;185;192;247m[48;2;230;130;221m▤[0m[38;2;164;203;249m[48;2;226;136;181m▤[0m[38;2;142;205;2m[48;2;222;146;145m▤[0m[38;2;119;193;14m[48;2;219;156;115m▤[0m[38;2;95;166;31m[48;2;216;164;94m▤[0m[38;2;72;126;48m[48;2;212;169;80m▤[0m[38;2;53;78;64m[48;2;205;171;69m▤[0m[38;2;37;30;76m[48;2;196;172;58m▤[0m[38;2;24;246;83m[48;2;186;175;44m▤[0m[38;2;17;221;84m[48;2;176;182;26m▤[0m[38;2;15;215;80m[48;2;169;194;7m▤[0m[38;2;20;228;68m[48;2;166;212;242m▤[0m[38;2;32;3;50m[48;2;167;233;228m▤[0m[38;2;50;46;25m[48;2;171;0;223m▤[0m[38;2;73;97;247m[48;2;177;18;230m▤[0m[38;2;100;149;206m[48;2;180;29;250m▤[0m[38;2;129;198;161m[48;2;179;28;27m▤[0m[38;2;157;243;117m[48;2;174;18;69m▤[0m
[38;2;138;233;46m[48;2;122;206;89m▤[0m[38;2;145;246;6m[48;2;97;164;134m▤[0m[38;2;147;248;231m[48;2;71;118;179m▤[0m[38;2;145;238;212m[48;2;45;69;218m▤[0m[38;2;140;222;205m[48;2;23;20;251m▤[0m[38;2;135;201;209m[48;2;5;233;21m▤[0m[38;2;134;180;223m[48;2;249;204;39m▤[0m[38;2;138;163;241m[48;2;244;191;50m▤[0m[38;2;145;152;5m[48;2;245;196;55m▤[0m[38;2;155;145;22m[48;2;252;220;54m▤[0m[38;2;164;142;35m[48;2;9;3;47m▤[0m[38;2;172;141;46m[48;2;25;49;35m▤[0m[38;2;179;138;56m[48;2;44;95;21m▤[0m[38;2;183;133;71m[48;2;65;133;4m▤[0m[38;2;186;125;92m[48;2;88;159;243m▤[0m[38;2;189;115;121m[48;2;110;171;231m▤[0m[38;2;193;105;156m[48;2;132;169;223m▤[0m[38;2;197;100;195m[48;2;152;159;221m▤[0m[38;2;199;102;232m[48;2;172;145;225m▤[0m[38;2;199;115;9m[48;2;192;133;234m▤[0m[38;2;192;138;31m[48;2;209;127;247m▤[0m[38;2;178;171;42m[48;2;225;129;8m▤[0m[38;2;155;207;44m[48;2;236;139;28m▤[0m[38;2;126;241;40m[48;2;240;155;50m▤[0m[38;2;90;11;34m[48;2;235;174;75m▤[0m[38;2;49;23;26m[48;2;219;190;100m▤[0m[38;2;4;18;20m[48;2;195;202;122m▤[0m[38;2;210;0;16m[48;2;165;207;140m▤[0m[38;2;160;227;14m[48;2;134;204;148m▤[0m[38;2;109;196;13m[48;2;103;194;148m▤[0m[38;2;60;167;13m[48;2;76;177;140m▤[0m[38;2;20;145;17m[48;2;53;153;129m▤[0m[38;2;247;132;25m[48;2;33;124;120m▤[0m[38;2;234;130;40m[48;2;14;90;117m▤[0m[38;2;239;135;62m[48;2;249;53;122m▤[0m[38;2;8;142;89m[48;2;226;17;133m▤[0m[38;2;50;145;119m[48;2;200;241;149m▤[0m[38;2;106;140;152m[48;2;172;219;163m▤[0m[38;2;170;123;184m[48;2;142;213;171m▤[0m[38;2;234;94;213m[48;2;112;222;170m▤[0m[38;2;35;56;234m[48;2;85;247;162m▤[0m[38;2;76;16;247m[48;2;64;29;146m▤[0m[38;2;99;238;249m[48;2;51;73;127m▤[0m[38;2;101;221;239m[48;2;50;113;110m▤[0m[38;2;83;225;220m[48;2;60;143;98m▤[0m[38;2;49;249;194m[48;2;83;155;95m▤[0m[38;2;5;33;167m[48;2;117;147;102m▤[0m[38;2;214;82;143m[48;2;164;123;121m▤[0m[38;2;172;131;130m[48;2;221;90;152m▤[0m[38;2;131;162;119m[48;2;19;48;183m▤[0m[38;2;98;172;114m[48;2;65;11;213m▤[0m[38;2;75;160;118m[48;2;100;243;240m▤[0m[38;2;64;131;130m[48;2;118;240;5m▤[0m[38;2;65;91;147m[48;2;116;1;14m▤[0m[38;2;79;48;165m[48;2;94;34;12m▤[0m[38;2;99;10;181m[48;2;52;74;0m▤[0m[38;2;127;240;190m[48;2;250;112;233m▤[0m[38;2;157;231;190m[48;2;186;141;205m▤[0m[38;2;187;237;181m[48;2;123;158;173m▤[0m[38;2;215;3;167m[48;2;66;164;139m▤[0m[38;2;241;34;153m[48;2;23;161;108m▤[0m[38;2;9;70;141m[48;2;253;154;81m▤[0m[38;2;30;107;137m[48;2;247;149;59m▤[0m[38;2;50;142;140m[48;2;6;152;44m▤[0m[38;2;71;171;149m[48;2;34;165;35m▤[0m[38;2;94;195;160m[48;2;74;187;31m▤[0m[38;2;121;213;167m[48;2;122;216;31m▤[0m[38;2;153;224;168m[48;2;174;248;32m▤[0m[38;2;184;227;159m[48;2;225;21;34m▤[0m[38;2;214;222;141m[48;2;19;39;38m▤[0m[38;2;239;211;119m[48;2;66;43;44m▤[0m[38;2;0;194;94m[48;2;107;32;51m▤[0m[38;2;5;175;68m[48;2;144;7;58m▤[0m[38;2;1;159;46m[48;2;174;227;62m▤[0m[38;2;246;149;26m[48;2;197;191;60m▤[0m[38;2;230;147;9m[48;2;211;158;48m▤[0m[38;2;212;153;251m[48;2;218;135;26m▤[0m[38;2;193;165;242m[48;2;219;122;249m▤[0m[38;2;173;179;238m[48;2;217;120;211m▤[0m[38;2;152;189;240m[48;2;214;125;172m▤[0m[38;2;130;191;248m[48;2;210;134;137m▤[0m[38;2;107;179;5m[48;2;207;144;107m▤[0m[38;2;84;152;21m[48;2;204;152;86m▤[0m[38;2;62;113;37m[48;2;199;157;72m▤[0m[38;2;43;67;53m[48;2;192;159;60m▤[0m[38;2;27;21;64m[48;2;184;161;49m▤[0m[38;2;14;238;71m[48;2;174;164;35m▤[0m[38;2;7;214;72m[48;2;165;171;18m▤[0m[38;2;6;208;68m[48;2;158;183;254m▤[0m[38;2;11;221;56m[48;2;155;200;235m▤[0m[38;2;23;250;38m[48;2;156;221;222m▤[0m[38;2;40;37;13m[48;2;160;242;217m▤[0m[38;2;63;86;235m[48;2;165;4;224m▤[0m[38;2;89;137;195m[48;2;167;14;244m▤[0m[38;2;117;185;151m[48;2;166;13;20m▤[0m[38;2;139;223;104m[48;2;156;252;58m▤[0m
[38;2;135;229;45m[48;2;119;202;88m▤[0m[38;2;140;240;5m[48;2;93;159;131m▤[0m[38;2;142;242;230m[48;2;67;113;175m▤[0m[38;2;140;232;211m[48;2;41;65;213m▤[0m[38;2;136;216;204m[48;2;19;17;246m▤[0m[38;2;131;196;208m[48;2;2;231;16m▤[0m[38;2;130;176;221m[48;2;246;203;34m▤[0m[38;2;134;159;238m[48;2;241;190;45m▤[0m[38;2;141;148;2m[48;2;242;195;50m▤[0m[38;2;150;141;18m[48;2;249;218;49m▤[0m[38;2;159;138;32m[48;2;6;0;42m▤[0m[38;2;167;136;43m[48;2;22;45;31m▤[0m[38;2;174;133;54m[48;2;40;90;16m▤[0m[38;2;178;128;69m[48;2;61;127;0m▤[0m[38;2;181;120;90m[48;2;84;153;240m▤[0m[38;2;185;111;119m[48;2;106;165;228m▤[0m[38;2;189;102;153m[48;2;128;163;220m▤[0m[38;2;192;97;191m[48;2;148;154;218m▤[0m[38;2;194;99;228m[48;2;168;141;222m▤[0m[38;2;193;112;4m[48;2;187;129;231m▤[0m[38;2;186;135;25m[48;2;204;124;244m▤[0m[38;2;172;167;37m[48;2;220;126;5m▤[0m[38;2;150;202;39m[48;2;230;136;24m▤[0m[38;2;121;235;36m[48;2;234;151;46m▤[0m[38;2;85;4;30m[48;2;229;169;71m▤[0m[38;2;44;16;22m[48;2;213;185;95m▤[0m[38;2;254;11;16m[48;2;189;196;117m▤[0m[38;2;206;249;12m[48;2;160;201;134m▤[0m[38;2;156;222;10m[48;2;129;198;142m▤[0m[38;2;106;192;9m[48;2;99;188;142m▤[0m[38;2;58;163;10m[48;2;72;171;135m▤[0m[38;2;19;142;14m[48;2;49;148;125m▤[0m[38;2;246;129;22m[48;2;29;119;117m▤[0m[38;2;234;127;37m[48;2;10;85;114m▤[0m[38;2;239;131;59m[48;2;244;49;119m▤[0m[38;2;8;137;85m[48;2;221;14;129m▤[0m[38;2;49;139;115m[48;2;196;238;144m▤[0m[38;2;104;134;148m[48;2;168;217;157m▤[0m[38;2;167;117;179m[48;2;138;211;165m▤[0m[38;2;229;88;207m[48;2;109;221;164m▤[0m[38;2;29;51;228m[48;2;82;245;156m▤[0m[38;2;69;13;241m[48;2;62;26;141m▤[0m[38;2;92;236;242m[48;2;49;68;123m▤[0m[38;2;94;220;233m[48;2;48;107;106m▤[0m[38;2;76;224;214m[48;2;59;136;95m▤[0m[38;2;43;247;189m[48;2;81;147;92m▤[0m[38;2;0;30;162m[48;2;115;140;99m▤[0m[38;2;209;77;139m[48;2;161;116;117m▤[0m[38;2;165;120;122m[48;2;213;80;144m▤[0m[38;2;124;149;110m[48;2;9;39;173m▤[0m[38;2;91;158;105m[48;2;54;4;202m▤[0m[38;2;69;147;109m[48;2;87;237;228m▤[0m[38;2;58;119;120m[48;2;105;234;247m▤[0m[38;2;59;80;137m[48;2;103;249;1m▤[0m[38;2;72;39;154m[48;2;81;26;254m▤[0m[38;2;92;2;169m[48;2;40;64;242m▤[0m[38;2;119;233;178m[48;2;239;101;221m▤[0m[38;2;149;224;178m[48;2;177;129;193m▤[0m[38;2;178;230;169m[48;2;115;146;162m▤[0m[38;2;206;250;156m[48;2;60;152;129m▤[0m[38;2;232;25;143m[48;2;18;150;98m▤[0m[38;2;0;60;132m[48;2;249;144;72m▤[0m[38;2;21;97;128m[48;2;243;140;50m▤[0m[38;2;41;131;130m[48;2;1;143;35m▤[0m[38;2;61;160;139m[48;2;29;156;26m▤[0m[38;2;84;183;149m[48;2;68;177;22m▤[0m[38;2;111;201;155m[48;2;115;205;22m▤[0m[38;2;142;212;156m[48;2;166;236;23m▤[0m[38;2;173;215;147m[48;2;216;8;25m▤[0m[38;2;202;210;130m[48;2;9;25;29m▤[0m[38;2;226;199;108m[48;2;55;29;34m▤[0m[38;2;242;183;84m[48;2;96;18;41m▤[0m[38;2;247;165;59m[48;2;133;249;48m▤[0m[38;2;244;149;37m[48;2;162;215;51m▤[0m[38;2;234;140;17m[48;2;185;180;49m▤[0m[38;2;218;138;0m[48;2;199;149;37m▤[0m[38;2;201;143;242m[48;2;206;126;15m▤[0m[38;2;182;155;234m[48;2;207;113;239m▤[0m[38;2;162;168;230m[48;2;206;111;202m▤[0m[38;2;141;177;232m[48;2;203;115;164m▤[0m[38;2;119;178;239m[48;2;199;124;129m▤[0m[38;2;97;166;251m[48;2;196;133;100m▤[0m[38;2;74;139;12m[48;2;193;141;79m▤[0m[38;2;53;102;28m[48;2;188;146;64m▤[0m[38;2;34;57;43m[48;2;181;148;52m▤[0m[38;2;18;12;54m[48;2;173;151;41m▤[0m[38;2;5;231;60m[48;2;163;154;27m▤[0m[38;2;254;208;61m[48;2;155;161;10m▤[0m[38;2;253;202;57m[48;2;148;173;247m▤[0m[38;2;3;215;45m[48;2;145;190;229m▤[0m[38;2;14;243;27m[48;2;146;210;216m▤[0m[38;2;31;29;2m[48;2;150;230;212m▤[0m[38;2;54;77;225m[48;2;154;246;219m▤[0m[38;2;79;126;185m[48;2;156;1;239m▤[0m[38;2;106;173;142m[48;2;154;254;14m▤[0m[38;2;126;208;95m[48;2;142;236;50m▤[0m
[38;2;129;222;42m[48;2;113;195;85m▤[0m[38;2;134;233;3m[48;2;88;153;127m▤[0m[38;2;136;235;228m[48;2;62;107;170m▤[0m[38;2;134;225;209m[48;2;37;60;208m▤[0m[38;2;131;210;202m[48;2;15;13;240m▤[0m[38;2;127;190;206m[48;2;253;228;10m▤[0m[38;2;126;171;218m[48;2;242;201;28m▤[0m[38;2;129;154;235m[48;2;237;188;39m▤[0m[38;2;136;143;253m[48;2;238;193;44m▤[0m[38;2;145;136;14m[48;2;245;216;43m▤[0m[38;2;154;133;28m[48;2;2;252;36m▤[0m[38;2;162;130;39m[48;2;18;40;26m▤[0m[38;2;168;127;51m[48;2;36;84;11m▤[0m[38;2;173;122;66m[48;2;56;120;250m▤[0m[38;2;176;115;87m[48;2;79;146;236m▤[0m[38;2;180;106;116m[48;2;101;158;224m▤[0m[38;2;183;97;149m[48;2;123;157;216m▤[0m[38;2;186;93;186m[48;2;143;148;214m▤[0m[38;2;188;96;223m[48;2;163;136;218m▤[0m[38;2;187;108;253m[48;2;181;125;227m▤[0m[38;2;179;131;19m[48;2;198;120;240m▤[0m[38;2;165;162;31m[48;2;214;122;1m▤[0m[38;2;143;196;33m[48;2;224;131;20m▤[0m[38;2;115;228;31m[48;2;227;146;42m▤[0m[38;2;79;252;25m[48;2;222;163;66m▤[0m[38;2;38;8;17m[48;2;206;179;90m▤[0m[38;2;249;3;12m[48;2;183;190;111m▤[0m[38;2;201;242;8m[48;2;154;194;128m▤[0m[38;2;152;216;6m[48;2;124;191;136m▤[0m[38;2;102;186;5m[48;2;94;181;136m▤[0m[38;2;55;159;6m[48;2;67;164;129m▤[0m[38;2;17;138;10m[48;2;44;142;120m▤[0m[38;2;245;125;18m[48;2;24;113;112m▤[0m[38;2;233;123;33m[48;2;5;79;110m▤[0m[38;2;238;126;55m[48;2;239;44;115m▤[0m[38;2;7;131;81m[48;2;216;10;125m▤[0m[38;2;47;133;110m[48;2;191;235;138m▤[0m[38;2;101;127;143m[48;2;163;215;151m▤[0m[38;2;163;110;173m[48;2;134;209;158m▤[0m[38;2;223;82;201m[48;2;105;219;158m▤[0m[38;2;22;46;221m[48;2;79;242;150m▤[0m[38;2;62;9;233m[48;2;59;22;135m▤[0m[38;2;84;234;235m[48;2;47;63;118m▤[0m[38;2;86;219;226m[48;2;46;101;102m▤[0m[38;2;69;222;207m[48;2;57;128;91m▤[0m[38;2;36;245;183m[48;2;79;139;88m▤[0m[38;2;249;26;157m[48;2;112;132;95m▤[0m[38;2;204;70;133m[48;2;157;108;112m▤[0m[38;2;159;110;114m[48;2;206;71;136m▤[0m[38;2;118;137;102m[48;2;0;31;164m▤[0m[38;2;85;145;97m[48;2;43;252;192m▤[0m[38;2;63;135;101m[48;2;76;231;217m▤[0m[38;2;53;108;111m[48;2;93;228;235m▤[0m[38;2;54;70;127m[48;2;91;243;244m▤[0m[38;2;66;30;144m[48;2;69;18;242m▤[0m[38;2;86;250;158m[48;2;29;55;230m▤[0m[38;2;112;227;167m[48;2;229;90;209m▤[0m[38;2;141;218;167m[48;2;169;118;182m▤[0m[38;2;170;224;158m[48;2;108;135;152m▤[0m[38;2;198;243;146m[48;2;55;141;119m▤[0m[38;2;223;17;133m[48;2;14;139;89m▤[0m[38;2;246;51;123m[48;2;245;134;63m▤[0m[38;2;12;87;119m[48;2;239;131;42m▤[0m[38;2;32;121;121m[48;2;252;135;27m▤[0m[38;2;52;149;129m[48;2;24;147;18m▤[0m[38;2;75;172;138m[48;2;62;168;14m▤[0m[38;2;102;190;144m[48;2;108;195;13m▤[0m[38;2;132;200;145m[48;2;158;225;14m▤[0m[38;2;163;203;136m[48;2;208;251;16m▤[0m[38;2;191;199;119m[48;2;0;12;20m▤[0m[38;2;214;188;98m[48;2;45;16;25m▤[0m[38;2;230;172;74m[48;2;86;5;32m▤[0m[38;2;235;155;50m[48;2;122;237;38m▤[0m[38;2;232;140;28m[48;2;151;204;41m▤[0m[38;2;223;131;9m[48;2;174;170;38m▤[0m[38;2;207;129;247m[48;2;188;140;26m▤[0m[38;2;190;134;234m[48;2;195;118;5m▤[0m[38;2;172;145;226m[48;2;196;105;230m▤[0m[38;2;152;157;222m[48;2;195;102;193m▤[0m[38;2;131;166;224m[48;2;192;106;156m▤[0m[38;2;109;166;231m[48;2;189;114;122m▤[0m[38;2;87;154;243m[48;2;186;123;94m▤[0m[38;2;65;128;3m[48;2;182;131;73m▤[0m[38;2;44;91;19m[48;2;177;136;57m▤[0m[38;2;26;48;33m[48;2;171;138;45m▤[0m[38;2;10;4;44m[48;2;163;141;34m▤[0m[38;2;252;224;50m[48;2;153;145;20m▤[0m[38;2;246;202;51m[48;2;145;152;3m▤[0m[38;2;245;197;47m[48;2;139;164;240m▤[0m[38;2;250;209;35m[48;2;136;180;223m▤[0m[38;2;6;236;17m[48;2;137;200;211m▤[0m[38;2;23;21;247m[48;2;140;219;207m▤[0m[38;2;45;68;215m[48;2;144;234;215m▤[0m[38;2;70;116;176m[48;2;145;244;234m▤[0m[38;2;96;161;134m[48;2;143;241;8m▤[0m[38;2;115;196;87m[48;2;131;223;44m▤[0m
[38;2;122;214;38m[48;2;106;187;81m▤[0m[38;2;128;225;0m[48;2;82;146;123m▤[0m[38;2;130;227;226m[48;2;56;101;164m▤[0m[38;2;128;218;207m[48;2;32;54;202m▤[0m[38;2;125;203;200m[48;2;10;8;234m▤[0m[38;2;122;184;203m[48;2;249;225;4m▤[0m[38;2;121;165;215m[48;2;238;198;22m▤[0m[38;2;124;149;231m[48;2;233;186;33m▤[0m[38;2;130;138;249m[48;2;234;191;38m▤[0m[38;2;139;131;10m[48;2;240;213;37m▤[0m[38;2;148;127;23m[48;2;252;248;30m▤[0m[38;2;156;124;35m[48;2;13;35;20m▤[0m[38;2;162;121;47m[48;2;31;77;5m▤[0m[38;2;167;116;62m[48;2;51;113;245m▤[0m[38;2;170;109;84m[48;2;73;138;231m▤[0m[38;2;174;100;112m[48;2;95;150;219m▤[0m[38;2;177;92;145m[48;2;117;150;212m▤[0m[38;2;180;88;181m[48;2;137;142;210m▤[0m[38;2;181;92;217m[48;2;157;130;214m▤[0m[38;2;180;104;246m[48;2;175;120;222m▤[0m[38;2;172;126;12m[48;2;192;115;235m▤[0m[38;2;158;156;24m[48;2;207;117;251m▤[0m[38;2;136;189;27m[48;2;217;126;15m▤[0m[38;2;108;221;25m[48;2;219;140;37m▤[0m[38;2;72;244;19m[48;2;214;157;60m▤[0m[38;2;32;254;12m[48;2;199;172;84m▤[0m[38;2;243;250;7m[48;2;176;183;105m▤[0m[38;2;196;234;3m[48;2;148;187;121m▤[0m[38;2;147;209;1m[48;2;118;184;129m▤[0m[38;2;98;180;0m[48;2;89;174;129m▤[0m[38;2;52;154;1m[48;2;62;157;123m▤[0m[38;2;14;133;5m[48;2;39;135;114m▤[0m[38;2;243;121;14m[48;2;19;106;107m▤[0m[38;2;231;118;29m[48;2;254;73;105m▤[0m[38;2;237;120;50m[48;2;233;38;110m▤[0m[38;2;5;125;76m[48;2;210;5;120m▤[0m[38;2;45;126;105m[48;2;185;231;132m▤[0m[38;2;98;120;137m[48;2;158;212;144m▤[0m[38;2;158;103;167m[48;2;129;206;151m▤[0m[38;2;217;75;194m[48;2;101;216;151m▤[0m[38;2;15;40;214m[48;2;75;239;143m▤[0m[38;2;54;5;225m[48;2;56;18;129m▤[0m[38;2;75;231;227m[48;2;44;57;112m▤[0m[38;2;77;217;218m[48;2;43;94;97m▤[0m[38;2;61;220;200m[48;2;54;120;87m▤[0m[38;2;29;242;177m[48;2;76;130;84m▤[0m[38;2;243;22;151m[48;2;109;123;91m▤[0m[38;2;198;63;127m[48;2;152;99;106m▤[0m[38;2;153;100;107m[48;2;199;63;128m▤[0m[38;2;112;125;95m[48;2;246;24;155m▤[0m[38;2;80;133;90m[48;2;33;246;182m▤[0m[38;2;58;123;93m[48;2;65;226;206m▤[0m[38;2;48;97;103m[48;2;81;223;224m▤[0m[38;2;49;61;118m[48;2;79;237;232m▤[0m[38;2;60;22;134m[48;2;57;11;230m▤[0m[38;2;80;244;148m[48;2;18;46;219m▤[0m[38;2;105;221;156m[48;2;220;80;198m▤[0m[38;2;134;212;156m[48;2;161;107;172m▤[0m[38;2;162;218;148m[48;2;102;124;142m▤[0m[38;2;190;236;137m[48;2;50;130;110m▤[0m[38;2;215;10;124m[48;2;10;129;81m▤[0m[38;2;238;43;115m[48;2;241;125;55m▤[0m[38;2;4;78;111m[48;2;236;123;34m▤[0m[38;2;24;111;113m[48;2;248;127;19m▤[0m[38;2;44;139;120m[48;2;19;139;10m▤[0m[38;2;67;162;128m[48;2;57;160;6m▤[0m[38;2;94;179;134m[48;2;102;186;5m▤[0m[38;2;123;189;134m[48;2;151;215;6m▤[0m[38;2;153;192;126m[48;2;200;240;8m▤[0m[38;2;181;188;109m[48;2;247;0;12m▤[0m[38;2;203;178;89m[48;2;36;4;17m▤[0m[38;2;219;162;65m[48;2;77;248;24m▤[0m[38;2;224;146;42m[48;2;112;226;29m▤[0m[38;2;221;132;20m[48;2;141;194;32m▤[0m[38;2;212;123;1m[48;2;163;161;28m▤[0m[38;2;197;121;239m[48;2;177;132;16m▤[0m[38;2;180;126;227m[48;2;184;110;250m▤[0m[38;2;162;136;219m[48;2;186;98;221m▤[0m[38;2;142;147;215m[48;2;185;94;185m▤[0m[38;2;122;155;217m[48;2;182;98;149m▤[0m[38;2;100;155;224m[48;2;179;105;116m▤[0m[38;2;78;143;235m[48;2;176;114;88m▤[0m[38;2;56;117;250m[48;2;172;121;67m▤[0m[38;2;36;81;10m[48;2;167;126;51m▤[0m[38;2;18;39;24m[48;2;161;129;39m▤[0m[38;2;2;252;35m[48;2;153;132;27m▤[0m[38;2;245;218;41m[48;2;144;136;13m▤[0m[38;2;239;197;42m[48;2;136;143;252m▤[0m[38;2;238;192;37m[48;2;130;155;234m▤[0m[38;2;243;204;26m[48;2;127;171;218m▤[0m[38;2;254;230;8m[48;2;128;190;206m▤[0m[38;2;15;14;238m[48;2;131;209;203m▤[0m[38;2;37;60;206m[48;2;134;223;211m▤[0m[38;2;61;107;168m[48;2;135;232;230m▤[0m[38;2;86;150;126m[48;2;132;229;3m▤[0m[38;2;105;185;80m[48;2;121;211;38m▤[0m
[38;2;114;205;34m[48;2;99;178;76m▤[0m[38;2;121;217;252m[48;2;75;139;118m▤[0m[38;2;123;219;223m[48;2;50;95;158m▤[0m[38;2;122;210;205m[48;2;26;48;196m▤[0m[38;2;119;196;197m[48;2;5;3;227m▤[0m[38;2;116;177;200m[48;2;244;221;252m▤[0m[38;2;115;159;211m[48;2;233;195;15m▤[0m[38;2;118;143;227m[48;2;228;183;26m▤[0m[38;2;124;132;244m[48;2;229;188;31m▤[0m[38;2;133;125;5m[48;2;235;209;30m▤[0m[38;2;141;121;18m[48;2;247;243;24m▤[0m[38;2;149;118;30m[48;2;8;29;13m▤[0m[38;2;155;114;43m[48;2;26;70;254m▤[0m[38;2;160;109;58m[48;2;45;105;239m▤[0m[38;2;164;102;80m[48;2;67;130;226m▤[0m[38;2;167;94;108m[48;2;89;142;214m▤[0m[38;2;170;86;140m[48;2;110;142;207m▤[0m[38;2;173;83;176m[48;2;130;135;205m▤[0m[38;2;174;87;211m[48;2;150;124;209m▤[0m[38;2;172;99;239m[48;2;168;114;217m▤[0m[38;2;164;121;5m[48;2;185;110;230m▤[0m[38;2;150;150;17m[48;2;200;112;246m▤[0m[38;2;129;182;20m[48;2;209;121;10m▤[0m[38;2;101;213;18m[48;2;211;134;31m▤[0m[38;2;65;235;13m[48;2;206;150;54m▤[0m[38;2;25;245;6m[48;2;191;165;78m▤[0m[38;2;237;241;1m[48;2;169;175;98m▤[0m[38;2;190;226;253m[48;2;141;179;114m▤[0m[38;2;142;202;251m[48;2;112;176;122m▤[0m[38;2;93;174;250m[48;2;83;166;122m▤[0m[38;2;48;148;251m[48;2;56;150;116m▤[0m[38;2;11;128;0m[48;2;33;128;108m▤[0m[38;2;241;116;9m[48;2;13;99;102m▤[0m[38;2;229;112;24m[48;2;248;67;100m▤[0m[38;2;235;114;45m[48;2;227;32;104m▤[0m[38;2;3;118;70m[48;2;204;0;114m▤[0m[38;2;42;119;99m[48;2;179;227;126m▤[0m[38;2;94;112;130m[48;2;152;209;137m▤[0m[38;2;153;95;160m[48;2;124;203;144m▤[0m[38;2;211;68;186m[48;2;96;212;143m▤[0m[38;2;7;34;206m[48;2;71;235;136m▤[0m[38;2;45;0;217m[48;2;52;13;122m▤[0m[38;2;66;228;219m[48;2;41;51;106m▤[0m[38;2;68;214;210m[48;2;40;86;92m▤[0m[38;2;53;217;193m[48;2;51;111;82m▤[0m[38;2;22;238;170m[48;2;73;121;79m▤[0m[38;2;236;17;145m[48;2;105;114;86m▤[0m[38;2;192;56;121m[48;2;147;90;100m▤[0m[38;2;147;90;100m[48;2;192;55;121m▤[0m[38;2;107;114;88m[48;2;238;17;147m▤[0m[38;2;75;122;83m[48;2;24;240;173m▤[0m[38;2;53;112;86m[48;2;55;221;196m▤[0m[38;2;43;87;95m[48;2;70;218;213m▤[0m[38;2;44;52;109m[48;2;68;232;221m▤[0m[38;2;55;15;125m[48;2;46;4;219m▤[0m[38;2;74;238;138m[48;2;8;38;208m▤[0m[38;2;99;215;146m[48;2;211;71;188m▤[0m[38;2;127;207;146m[48;2;154;97;162m▤[0m[38;2;155;212;139m[48;2;96;114;133m▤[0m[38;2;182;230;128m[48;2;45;120;102m▤[0m[38;2;207;3;116m[48;2;6;120;73m▤[0m[38;2;230;35;107m[48;2;238;117;48m▤[0m[38;2;251;69;103m[48;2;233;115;27m▤[0m[38;2;16;102;105m[48;2;244;119;12m▤[0m[38;2;36;130;111m[48;2;15;131;3m▤[0m[38;2;59;152;119m[48;2;52;152;254m▤[0m[38;2;86;169;124m[48;2;96;177;253m▤[0m[38;2;115;179;124m[48;2;144;205;253m▤[0m[38;2;144;182;116m[48;2;192;229;0m▤[0m[38;2;171;178;100m[48;2;239;244;4m▤[0m[38;2;193;168;80m[48;2;28;247;9m▤[0m[38;2;208;153;57m[48;2;68;237;16m▤[0m[38;2;213;137;34m[48;2;103;215;21m▤[0m[38;2;211;124;12m[48;2;131;184;23m▤[0m[38;2;202;115;248m[48;2;153;153;19m▤[0m[38;2;187;113;232m[48;2;167;124;7m▤[0m[38;2;171;118;220m[48;2;174;103;241m▤[0m[38;2;153;127;212m[48;2;176;91;212m▤[0m[38;2;133;138;208m[48;2;176;87;178m▤[0m[38;2;113;145;210m[48;2;173;90;142m▤[0m[38;2;91;144;217m[48;2;170;97;110m▤[0m[38;2;70;132;228m[48;2;167;105;82m▤[0m[38;2;48;107;242m[48;2;163;112;61m▤[0m[38;2;28;72;2m[48;2;158;117;45m▤[0m[38;2;10;31;16m[48;2;152;120;33m▤[0m[38;2;250;245;26m[48;2;144;123;20m▤[0m[38;2;238;212;32m[48;2;135;128;7m▤[0m[38;2;232;192;33m[48;2;127;135;246m▤[0m[38;2;231;187;28m[48;2;122;147;228m▤[0m[38;2;236;199;17m[48;2;119;162;213m▤[0m[38;2;247;224;254m[48;2;120;181;202m▤[0m[38;2;8;7;229m[48;2;122;199;199m▤[0m[38;2;29;52;198m[48;2;125;213;207m▤[0m[38;2;53;98;160m[48;2;126;221;226m▤[0m[38;2;77;140;119m[48;2;122;218;253m▤[0m[38;2;96;175;74m[48;2;111;200;33m▤[0m
[38;2;106;196;30m[48;2;91;169;71m▤[0m[38;2;113;208;248m[48;2;68;131;112m▤[0m[38;2;116;210;220m[48;2;44;88;152m▤[0m[38;2;115;202;202m[48;2;20;42;189m▤[0m[38;2;112;188;194m[48;2;0;253;220m▤[0m[38;2;110;170;197m[48;2;239;217;245m▤[0m[38;2;109;152;207m[48;2;228;191;8m▤[0m[38;2;112;137;223m[48;2;223;180;19m▤[0m[38;2;118;126;239m[48;2;224;185;24m▤[0m[38;2;126;119;0m[48;2;230;205;23m▤[0m[38;2;134;114;13m[48;2;242;238;17m▤[0m[38;2;142;111;25m[48;2;2;23;6m▤[0m[38;2;148;107;38m[48;2;20;63;248m▤[0m[38;2;153;102;54m[48;2;39;97;233m▤[0m[38;2;157;95;76m[48;2;61;121;220m▤[0m[38;2;160;87;103m[48;2;82;133;209m▤[0m[38;2;163;80;135m[48;2;103;134;202m▤[0m[38;2;166;78;170m[48;2;123;128;200m▤[0m[38;2;167;82;204m[48;2;143;117;204m▤[0m[38;2;164;94;232m[48;2;161;108;212m▤[0m[38;2;156;115;253m[48;2;178;104;225m▤[0m[38;2;142;144;10m[48;2;192;106;240m▤[0m[38;2;121;175;13m[48;2;201;115;4m▤[0m[38;2;93;205;11m[48;2;203;128;25m▤[0m[38;2;58;226;7m[48;2;197;143;48m▤[0m[38;2;18;236;0m[48;2;183;157;71m▤[0m[38;2;230;232;250m[48;2;161;167;91m▤[0m[38;2;184;217;247m[48;2;134;171;106m▤[0m[38;2;136;194;245m[48;2;105;168;114m▤[0m[38;2;88;167;244m[48;2;77;158;114m▤[0m[38;2;44;142;245m[48;2;50;142;109m▤[0m[38;2;8;122;250m[48;2;27;120;102m▤[0m[38;2;238;110;4m[48;2;7;92;96m▤[0m[38;2;227;106;19m[48;2;242;60;94m▤[0m[38;2;233;108;39m[48;2;221;26;98m▤[0m[38;2;1;111;64m[48;2;198;250;108m▤[0m[38;2;39;111;93m[48;2;173;223;119m▤[0m[38;2;90;104;123m[48;2;146;205;130m▤[0m[38;2;147;87;153m[48;2;119;200;136m▤[0m[38;2;204;61;178m[48;2;91;208;135m▤[0m[38;2;254;28;198m[48;2;67;231;128m▤[0m[38;2;36;250;208m[48;2;48;8;115m▤[0m[38;2;57;224;210m[48;2;38;44;100m▤[0m[38;2;59;211;202m[48;2;37;78;86m▤[0m[38;2;44;214;185m[48;2;48;102;77m▤[0m[38;2;14;234;163m[48;2;69;112;74m▤[0m[38;2;229;11;138m[48;2;101;105;80m▤[0m[38;2;186;49;114m[48;2;142;81;94m▤[0m[38;2;141;81;93m[48;2;185;47;114m▤[0m[38;2;102;104;81m[48;2;230;10;139m▤[0m[38;2;70;111;76m[48;2;15;234;164m▤[0m[38;2;49;101;79m[48;2;45;216;186m▤[0m[38;2;39;77;88m[48;2;59;213;203m▤[0m[38;2;39;44;101m[48;2;57;227;210m▤[0m[38;2;50;8;116m[48;2;36;253;208m▤[0m[38;2;69;232;129m[48;2;253;30;198m▤[0m[38;2;93;210;136m[48;2;203;62;178m▤[0m[38;2;120;202;136m[48;2;147;87;153m▤[0m[38;2;148;207;130m[48;2;90;104;124m▤[0m[38;2;175;224;119m[48;2;40;111;94m▤[0m[38;2;199;251;108m[48;2;2;111;65m▤[0m[38;2;222;28;99m[48;2;235;109;41m▤[0m[38;2;243;61;96m[48;2;230;107;20m▤[0m[38;2;8;93;97m[48;2;240;112;5m▤[0m[38;2;29;121;103m[48;2;11;124;251m▤[0m[38;2;52;143;110m[48;2;47;144;247m▤[0m[38;2;78;159;115m[48;2;90;169;246m▤[0m[38;2;107;169;114m[48;2;137;196;246m▤[0m[38;2;135;172;106m[48;2;185;219;248m▤[0m[38;2;162;168;91m[48;2;231;233;252m▤[0m[38;2;183;158;71m[48;2;20;236;2m▤[0m[38;2;198;144;49m[48;2;59;226;8m▤[0m[38;2;203;129;26m[48;2;94;205;13m▤[0m[38;2;201;116;5m[48;2;122;175;14m▤[0m[38;2;192;108;241m[48;2;143;145;10m▤[0m[38;2;178;106;225m[48;2;157;117;253m▤[0m[38;2;162;110;213m[48;2;164;96;232m▤[0m[38;2;144;119;205m[48;2;167;84;204m▤[0m[38;2;124;129;202m[48;2;167;80;171m▤[0m[38;2;104;135;204m[48;2;164;82;136m▤[0m[38;2;83;134;210m[48;2;161;89;104m▤[0m[38;2;62;122;221m[48;2;158;97;77m▤[0m[38;2;40;97;235m[48;2;154;103;56m▤[0m[38;2;21;63;249m[48;2;149;108;39m▤[0m[38;2;3;23;8m[48;2;143;112;27m▤[0m[38;2;243;239;18m[48;2;135;115;14m▤[0m[38;2;231;207;24m[48;2;127;120;1m▤[0m[38;2;225;187;24m[48;2;119;127;240m▤[0m[38;2;224;182;19m[48;2;114;139;223m▤[0m[38;2;229;194;8m[48;2;111;154;208m▤[0m[38;2;240;219;245m[48;2;112;172;198m▤[0m[38;2;1;1;221m[48;2;114;189;195m▤[0m[38;2;22;44;190m[48;2;116;203;203m▤[0m[38;2;45;89;153m[48;2;117;210;222m▤[0m[38;2;68;131;112m[48;2;113;207;249m▤[0m[38;2;87;165;68m[48;2;102;190;28m▤[0m
[38;2;98;186;25m[48;2;83;160;66m▤[0m[38;2;105;199;244m[48;2;61;123;106m▤[0m[38;2;108;201;217m[48;2;37;81;146m▤[0m[38;2;108;194;199m[48;2;14;36;182m▤[0m[38;2;105;180;191m[48;2;249;248;213m▤[0m[38;2;103;163;194m[48;2;234;212;238m▤[0m[38;2;103;145;203m[48;2;223;187;1m▤[0m[38;2;106;131;218m[48;2;218;177;12m▤[0m[38;2;111;120;234m[48;2;219;182;17m▤[0m[38;2;119;112;250m[48;2;225;201;16m▤[0m[38;2;127;107;8m[48;2;236;233;10m▤[0m[38;2;135;104;20m[48;2;251;17;0m▤[0m[38;2;141;100;33m[48;2;14;56;242m▤[0m[38;2;146;95;50m[48;2;33;89;227m▤[0m[38;2;150;88;72m[48;2;54;112;214m▤[0m[38;2;153;80;98m[48;2;75;124;204m▤[0m[38;2;156;74;130m[48;2;96;126;197m▤[0m[38;2;159;72;164m[48;2;116;120;195m▤[0m[38;2;159;77;197m[48;2;136;110;199m▤[0m[38;2;156;89;225m[48;2;154;102;207m▤[0m[38;2;148;109;245m[48;2;170;98;219m▤[0m[38;2;134;137;2m[48;2;184;100;234m▤[0m[38;2;113;168;6m[48;2;193;109;253m▤[0m[38;2;85;196;4m[48;2;194;121;19m▤[0m[38;2;51;217;0m[48;2;188;136;42m▤[0m[38;2;11;226;249m[48;2;174;149;64m▤[0m[38;2;223;223;244m[48;2;153;159;83m▤[0m[38;2;178;208;241m[48;2;127;163;98m▤[0m[38;2;130;186;239m[48;2;98;160;106m▤[0m[38;2;83;160;238m[48;2;70;150;106m▤[0m[38;2;40;136;239m[48;2;44;134;102m▤[0m[38;2;5;116;244m[48;2;21;112;95m▤[0m[38;2;235;104;254m[48;2;1;85;90m▤[0m[38;2;225;100;13m[48;2;236;53;88m▤[0m[38;2;231;101;33m[48;2;215;20;92m▤[0m[38;2;253;104;58m[48;2;192;244;101m▤[0m[38;2;36;103;86m[48;2;167;218;112m▤[0m[38;2;86;96;116m[48;2;140;201;122m▤[0m[38;2;141;79;145m[48;2;113;196;128m▤[0m[38;2;197;53;170m[48;2;86;204;127m▤[0m[38;2;246;22;189m[48;2;63;226;120m▤[0m[38;2;27;245;199m[48;2;44;2;108m▤[0m[38;2;48;220;201m[48;2;34;37;93m▤[0m[38;2;50;207;193m[48;2;34;70;80m▤[0m[38;2;35;210;177m[48;2;44;93;71m▤[0m[38;2;6;230;155m[48;2;65;103;69m▤[0m[38;2;222;5;131m[48;2;97;96;75m▤[0m[38;2;180;41;107m[48;2;137;73;88m▤[0m[38;2;135;72;87m[48;2;179;39;107m▤[0m[38;2;97;94;74m[48;2;222;4;131m▤[0m[38;2;65;101;69m[48;2;6;229;155m▤[0m[38;2;45;91;72m[48;2;35;211;177m▤[0m[38;2;35;68;81m[48;2;49;208;193m▤[0m[38;2;35;36;93m[48;2;46;222;200m▤[0m[38;2;45;1;108m[48;2;26;247;198m▤[0m[38;2;64;226;120m[48;2;244;23;188m▤[0m[38;2;87;205;127m[48;2;195;53;169m▤[0m[38;2;114;197;127m[48;2;140;78;144m▤[0m[38;2;141;202;121m[48;2;85;95;116m▤[0m[38;2;168;218;111m[48;2;36;102;86m▤[0m[38;2;192;244;100m[48;2;254;103;58m▤[0m[38;2;215;21;92m[48;2;232;101;34m▤[0m[38;2;236;53;89m[48;2;227;100;13m▤[0m[38;2;1;84;90m[48;2;237;105;254m▤[0m[38;2;22;112;95m[48;2;7;117;244m▤[0m[38;2;45;134;102m[48;2;42;136;240m▤[0m[38;2;71;150;106m[48;2;84;161;239m▤[0m[38;2;99;159;105m[48;2;131;187;239m▤[0m[38;2;127;162;97m[48;2;178;209;241m▤[0m[38;2;153;158;82m[48;2;223;222;245m▤[0m[38;2;174;149;63m[48;2;12;225;250m▤[0m[38;2;188;135;41m[48;2;51;215;0m▤[0m[38;2;193;121;19m[48;2;85;195;5m▤[0m[38;2;191;109;253m[48;2;113;166;6m▤[0m[38;2;183;101;234m[48;2;134;137;1m▤[0m[38;2;169;99;218m[48;2;148;110;244m▤[0m[38;2;153;103;207m[48;2;155;89;224m▤[0m[38;2;135;111;199m[48;2;158;77;196m▤[0m[38;2;116;120;196m[48;2;158;73;164m▤[0m[38;2;96;126;198m[48;2;155;75;130m▤[0m[38;2;75;124;204m[48;2;153;81;98m▤[0m[38;2;54;112;214m[48;2;150;89;72m▤[0m[38;2;33;88;228m[48;2;146;95;51m▤[0m[38;2;14;54;242m[48;2;141;100;34m▤[0m[38;2;251;16;0m[48;2;134;104;21m▤[0m[38;2;236;233;10m[48;2;127;107;8m▤[0m[38;2;225;202;16m[48;2;119;112;250m▤[0m[38;2;219;182;16m[48;2;111;120;234m▤[0m[38;2;218;178;11m[48;2;106;131;218m▤[0m[38;2;223;189;0m[48;2;103;146;203m▤[0m[38;2;234;214;237m[48;2;104;163;194m▤[0m[38;2;249;250;213m[48;2;106;180;191m▤[0m[38;2;15;37;182m[48;2;108;193;199m▤[0m[38;2;37;81;146m[48;2;108;200;218m▤[0m[38;2;60;122;105m[48;2;104;196;244m▤[0m[38;2;79;155;62m[48;2;93;180;23m▤[0m
[38;2;90;177;20m[48;2;75;151;60m▤[0m[38;2;97;190;240m[48;2;54;115;100m▤[0m[38;2;101;192;214m[48;2;30;74;140m▤[0m[38;2;101;185;196m[48;2;8;30;175m▤[0m[38;2;98;172;188m[48;2;243;243;206m▤[0m[38;2;96;155;190m[48;2;228;208;231m▤[0m[38;2;96;138;199m[48;2;218;183;249m▤[0m[38;2;99;124;214m[48;2;213;173;5m▤[0m[38;2;104;113;229m[48;2;214;178;10m▤[0m[38;2;112;105;245m[48;2;220;197;9m▤[0m[38;2;120;100;3m[48;2;230;228;3m▤[0m[38;2;128;97;15m[48;2;245;11;248m▤[0m[38;2;134;93;29m[48;2;8;48;235m▤[0m[38;2;139;88;46m[48;2;27;81;221m▤[0m[38;2;143;81;67m[48;2;47;104;208m▤[0m[38;2;146;74;93m[48;2;68;116;198m▤[0m[38;2;149;68;125m[48;2;89;118;192m▤[0m[38;2;151;66;158m[48;2;109;112;190m▤[0m[38;2;151;71;190m[48;2;129;103;194m▤[0m[38;2;148;83;218m[48;2;146;96;202m▤[0m[38;2;140;103;237m[48;2;162;92;213m▤[0m[38;2;126;130;249m[48;2;176;94;228m▤[0m[38;2;105;160;254m[48;2;184;103;247m▤[0m[38;2;77;187;252m[48;2;185;114;13m▤[0m[38;2;43;207;248m[48;2;179;129;35m▤[0m[38;2;4;216;243m[48;2;166;141;57m▤[0m[38;2;216;213;238m[48;2;145;151;76m▤[0m[38;2;172;199;235m[48;2;119;155;90m▤[0m[38;2;125;178;233m[48;2;91;152;98m▤[0m[38;2;78;153;232m[48;2;64;142;98m▤[0m[38;2;36;129;233m[48;2;38;126;95m▤[0m[38;2;2;110;238m[48;2;15;104;88m▤[0m[38;2;233;98;248m[48;2;250;77;83m▤[0m[38;2;223;94;7m[48;2;230;46;82m▤[0m[38;2;229;94;27m[48;2;209;14;86m▤[0m[38;2;251;96;52m[48;2;186;238;94m▤[0m[38;2;33;95;79m[48;2;161;213;105m▤[0m[38;2;81;88;109m[48;2;134;197;114m▤[0m[38;2;135;71;137m[48;2;108;192;120m▤[0m[38;2;190;46;162m[48;2;81;200;119m▤[0m[38;2;238;15;180m[48;2;58;221;112m▤[0m[38;2;18;240;190m[48;2;40;251;101m▤[0m[38;2;38;216;192m[48;2;30;30;86m▤[0m[38;2;41;203;184m[48;2;30;62;74m▤[0m[38;2;26;206;169m[48;2;40;84;65m▤[0m[38;2;253;225;147m[48;2;61;93;63m▤[0m[38;2;215;254;124m[48;2;93;86;69m▤[0m[38;2;173;34;101m[48;2;132;64;82m▤[0m[38;2;130;63;80m[48;2;173;31;100m▤[0m[38;2;92;84;68m[48;2;214;252;123m▤[0m[38;2;61;91;63m[48;2;252;224;146m▤[0m[38;2;41;81;65m[48;2;25;206;168m▤[0m[38;2;31;59;74m[48;2;39;204;183m▤[0m[38;2;31;28;86m[48;2;36;217;190m▤[0m[38;2;40;249;100m[48;2;16;241;188m▤[0m[38;2;59;220;111m[48;2;235;15;178m▤[0m[38;2;81;200;118m[48;2;187;45;160m▤[0m[38;2;108;192;118m[48;2;133;69;135m▤[0m[38;2;134;197;112m[48;2;80;86;108m▤[0m[38;2;161;213;103m[48;2;32;93;78m▤[0m[38;2;185;238;93m[48;2;251;95;51m▤[0m[38;2;208;14;85m[48;2;229;93;27m▤[0m[38;2;229;45;82m[48;2;224;93;7m▤[0m[38;2;249;76;83m[48;2;234;98;247m▤[0m[38;2;15;103;87m[48;2;3;110;238m▤[0m[38;2;38;125;94m[48;2;37;129;233m▤[0m[38;2;64;141;97m[48;2;79;153;232m▤[0m[38;2;91;150;96m[48;2;125;178;232m▤[0m[38;2;119;153;88m[48;2;171;199;234m▤[0m[38;2;144;149;74m[48;2;216;212;238m▤[0m[38;2;165;140;55m[48;2;4;214;243m▤[0m[38;2;178;127;33m[48;2;43;205;248m▤[0m[38;2;183;113;12m[48;2;76;185;252m▤[0m[38;2;182;102;246m[48;2;104;158;253m▤[0m[38;2;174;94;227m[48;2;125;129;248m▤[0m[38;2;160;92;212m[48;2;139;103;236m▤[0m[38;2;144;96;201m[48;2;146;82;216m▤[0m[38;2;127;103;193m[48;2;149;70;188m▤[0m[38;2;108;111;190m[48;2;149;66;157m▤[0m[38;2;88;117;192m[48;2;147;68;124m▤[0m[38;2;67;114;198m[48;2;145;74;93m▤[0m[38;2;46;102;208m[48;2;142;81;67m▤[0m[38;2;26;79;221m[48;2;138;87;46m▤[0m[38;2;7;46;235m[48;2;133;92;29m▤[0m[38;2;244;9;247m[48;2;126;96;15m▤[0m[38;2;229;227;2m[48;2;119;99;2m▤[0m[38;2;219;197;8m[48;2;111;104;244m▤[0m[38;2;213;178;8m[48;2;103;112;228m▤[0m[38;2;212;174;3m[48;2;98;123;213m▤[0m[38;2;217;184;247m[48;2;96;138;199m▤[0m[38;2;228;209;229m[48;2;96;155;190m▤[0m[38;2;243;244;205m[48;2;98;171;188m▤[0m[38;2;8;30;174m[48;2;100;184;196m▤[0m[38;2;30;73;139m[48;2;100;190;214m▤[0m[38;2;52;113;98m[48;2;95;186;240m▤[0m[38;2;71;146;56m[48;2;85;170;18m▤[0m
[38;2;82;167;15m[48;2;67;142;55m▤[0m[38;2;89;180;236m[48;2;47;107;94m▤[0m[38;2;93;183;210m[48;2;24;67;134m▤[0m[38;2;93;177;193m[48;2;2;24;168m▤[0m[38;2;91;164;185m[48;2;237;238;199m▤[0m[38;2;89;148;187m[48;2;222;203;224m▤[0m[38;2;89;131;195m[48;2;212;179;241m▤[0m[38;2;92;117;209m[48;2;208;169;252m▤[0m[38;2;97;106;224m[48;2;209;174;2m▤[0m[38;2;105;98;240m[48;2;214;193;2m▤[0m[38;2;113;93;253m[48;2;224;223;251m▤[0m[38;2;120;90;10m[48;2;239;4;241m▤[0m[38;2;127;86;24m[48;2;2;41;229m▤[0m[38;2;132;81;41m[48;2;21;73;215m▤[0m[38;2;136;74;62m[48;2;40;95;202m▤[0m[38;2;139;67;88m[48;2;61;107;192m▤[0m[38;2;141;62;119m[48;2;82;110;186m▤[0m[38;2;143;60;152m[48;2;102;104;185m▤[0m[38;2;143;65;183m[48;2;121;96;188m▤[0m[38;2;140;77;210m[48;2;138;89;196m▤[0m[38;2;132;97;230m[48;2;154;86;207m▤[0m[38;2;118;123;242m[48;2;168;88;222m▤[0m[38;2;97;152;247m[48;2;175;96;241m▤[0m[38;2;69;178;245m[48;2;176;107;7m▤[0m[38;2;36;198;241m[48;2;170;121;28m▤[0m[38;2;252;206;237m[48;2;157;133;50m▤[0m[38;2;210;204;232m[48;2;137;143;68m▤[0m[38;2;166;190;229m[48;2;112;147;82m▤[0m[38;2;119;170;227m[48;2;84;144;90m▤[0m[38;2;73;146;226m[48;2;57;134;90m▤[0m[38;2;32;123;227m[48;2;32;118;87m▤[0m[38;2;254;104;232m[48;2;9;96;81m▤[0m[38;2;230;92;242m[48;2;244;69;77m▤[0m[38;2;221;88;1m[48;2;224;39;76m▤[0m[38;2;227;87;21m[48;2;203;8;80m▤[0m[38;2;248;89;46m[48;2;180;233;87m▤[0m[38;2;29;87;73m[48;2;155;208;98m▤[0m[38;2;76;79;102m[48;2;128;192;106m▤[0m[38;2;129;63;129m[48;2;102;188;112m▤[0m[38;2;183;38;154m[48;2;76;196;111m▤[0m[38;2;230;8;171m[48;2;54;216;104m▤[0m[38;2;9;234;181m[48;2;36;245;93m▤[0m[38;2;29;211;183m[48;2;26;23;79m▤[0m[38;2;32;199;175m[48;2;26;54;68m▤[0m[38;2;17;202;160m[48;2;36;75;59m▤[0m[38;2;245;220;139m[48;2;57;84;57m▤[0m[38;2;208;248;117m[48;2;88;77;63m▤[0m[38;2;167;26;94m[48;2;126;55;76m▤[0m[38;2;124;54;74m[48;2;166;23;93m▤[0m[38;2;87;74;62m[48;2;207;246;115m▤[0m[38;2;57;81;56m[48;2;243;219;138m▤[0m[38;2;37;72;58m[48;2;15;202;159m▤[0m[38;2;27;50;67m[48;2;29;199;173m▤[0m[38;2;27;20;79m[48;2;26;212;180m▤[0m[38;2;36;243;92m[48;2;6;235;178m▤[0m[38;2;54;214;103m[48;2;226;8;168m▤[0m[38;2;76;195;109m[48;2;179;37;151m▤[0m[38;2;102;187;109m[48;2;127;60;127m▤[0m[38;2;128;192;104m[48;2;75;77;100m▤[0m[38;2;154;208;95m[48;2;28;84;71m▤[0m[38;2;178;232;85m[48;2;248;87;44m▤[0m[38;2;201;7;78m[48;2;226;85;20m▤[0m[38;2;222;38;75m[48;2;221;86;0m▤[0m[38;2;242;68;76m[48;2;231;91;241m▤[0m[38;2;8;94;80m[48;2;254;103;232m▤[0m[38;2;31;116;86m[48;2;32;122;227m▤[0m[38;2;56;132;89m[48;2;73;145;225m▤[0m[38;2;83;141;87m[48;2;119;169;225m▤[0m[38;2;111;144;79m[48;2;164;189;227m▤[0m[38;2;135;140;66m[48;2;209;202;231m▤[0m[38;2;155;131;47m[48;2;251;204;236m▤[0m[38;2;168;119;26m[48;2;35;195;241m▤[0m[38;2;174;105;5m[48;2;68;176;244m▤[0m[38;2;173;95;239m[48;2;95;150;245m▤[0m[38;2;165;87;221m[48;2;116;121;240m▤[0m[38;2;152;85;206m[48;2;130;96;228m▤[0m[38;2;136;89;195m[48;2;137;76;208m▤[0m[38;2;119;95;187m[48;2;140;64;181m▤[0m[38;2;100;103;184m[48;2;141;59;150m▤[0m[38;2;80;108;186m[48;2;139;61;118m▤[0m[38;2;59;105;192m[48;2;137;66;87m▤[0m[38;2;39;93;202m[48;2;134;73;62m▤[0m[38;2;19;70;214m[48;2;130;79;41m▤[0m[38;2;0;38;228m[48;2;125;84;24m▤[0m[38;2;237;2;240m[48;2;118;88;9m▤[0m[38;2;223;221;249m[48;2;111;91;251m▤[0m[38;2;213;192;0m[48;2;103;97;238m▤[0m[38;2;207;174;0m[48;2;96;105;223m▤[0m[38;2;206;169;250m[48;2;91;116;208m▤[0m[38;2;211;179;239m[48;2;88;130;194m▤[0m[38;2;222;204;221m[48;2;88;147;186m▤[0m[38;2;237;238;197m[48;2;90;162;184m▤[0m[38;2;1;23;167m[48;2;92;175;192m▤[0m[38;2;23;65;132m[48;2;91;180;210m▤[0m[38;2;44;104;92m[48;2;86;176;236m▤[0m[38;2;63;137;51m[48;2;77;160;13m▤[0m
[38;2;74;158;11m[48;2;59;133;50m▤[0m[38;2;81;171;232m[48;2;39;99;88m▤[0m[38;2;85;174;207m[48;2;17;59;127m▤[0m[38;2;86;168;190m[48;2;251;17;161m▤[0m[38;2;84;156;182m[48;2;231;232;192m▤[0m[38;2;82;140;183m[48;2;216;198;216m▤[0m[38;2;82;124;191m[48;2;207;175;234m▤[0m[38;2;85;110;204m[48;2;202;165;245m▤[0m[38;2;90;99;219m[48;2;203;170;250m▤[0m[38;2;98;91;235m[48;2;208;188;250m▤[0m[38;2;106;86;248m[48;2;218;217;244m▤[0m[38;2;113;83;5m[48;2;233;253;234m▤[0m[38;2;119;79;19m[48;2;251;33;222m▤[0m[38;2;124;74;36m[48;2;14;64;209m▤[0m[38;2;128;67;57m[48;2;33;86;196m▤[0m[38;2;131;60;83m[48;2;54;98;186m▤[0m[38;2;133;55;114m[48;2;75;101;181m▤[0m[38;2;135;54;146m[48;2;95;96;180m▤[0m[38;2;135;59;176m[48;2;113;89;183m▤[0m[38;2;132;71;203m[48;2;130;83;190m▤[0m[38;2;124;91;222m[48;2;146;80;201m▤[0m[38;2;110;116;234m[48;2;159;82;216m▤[0m[38;2;89;144;239m[48;2;166;89;235m▤[0m[38;2;61;170;238m[48;2;167;100;0m▤[0m[38;2;28;189;235m[48;2;161;113;21m▤[0m[38;2;245;197;231m[48;2;148;125;42m▤[0m[38;2;203;195;226m[48;2;129;135;60m▤[0m[38;2;159;181;223m[48;2;104;138;74m▤[0m[38;2;113;162;221m[48;2;77;135;82m▤[0m[38;2;68;139;220m[48;2;50;126;82m▤[0m[38;2;28;116;221m[48;2;26;110;79m▤[0m[38;2;250;98;226m[48;2;3;88;74m▤[0m[38;2;227;86;236m[48;2;237;62;70m▤[0m[38;2;218;81;250m[48;2;217;32;70m▤[0m[38;2;224;80;15m[48;2;196;2;73m▤[0m[38;2;245;81;39m[48;2;173;227;80m▤[0m[38;2;25;79;66m[48;2;149;203;90m▤[0m[38;2;71;71;95m[48;2;122;188;98m▤[0m[38;2;123;55;121m[48;2;96;184;104m▤[0m[38;2;176;30;145m[48;2;71;192;103m▤[0m[38;2;222;2;162m[48;2;49;211;96m▤[0m[38;2;0;229;172m[48;2;32;239;85m▤[0m[38;2;20;207;174m[48;2;22;16;72m▤[0m[38;2;23;195;166m[48;2;22;46;61m▤[0m[38;2;8;198;152m[48;2;33;66;53m▤[0m[38;2;237;215;131m[48;2;53;75;51m▤[0m[38;2;201;242;109m[48;2;84;68;57m▤[0m[38;2;161;19;87m[48;2;121;47;70m▤[0m[38;2;119;45;68m[48;2;160;16;86m▤[0m[38;2;82;65;55m[48;2;200;240;107m▤[0m[38;2;53;71;50m[48;2;235;214;130m▤[0m[38;2;33;62;52m[48;2;6;197;150m▤[0m[38;2;23;41;60m[48;2;19;195;164m▤[0m[38;2;23;12;71m[48;2;16;207;171m▤[0m[38;2;32;236;84m[48;2;252;229;169m▤[0m[38;2;49;209;94m[48;2;217;1;159m▤[0m[38;2;71;190;100m[48;2;172;29;142m▤[0m[38;2;96;182;101m[48;2;121;52;119m▤[0m[38;2;122;187;96m[48;2;70;68;92m▤[0m[38;2;147;202;87m[48;2;24;76;64m▤[0m[38;2;171;226;78m[48;2;244;79;37m▤[0m[38;2;194;0;71m[48;2;223;78;13m▤[0m[38;2;215;30;68m[48;2;218;79;249m▤[0m[38;2;235;60;69m[48;2;228;84;235m▤[0m[38;2;1;86;73m[48;2;250;96;226m▤[0m[38;2;24;107;78m[48;2;28;115;220m▤[0m[38;2;49;123;80m[48;2;68;137;218m▤[0m[38;2;76;132;79m[48;2;113;160;218m▤[0m[38;2;103;135;71m[48;2;158;179;220m▤[0m[38;2;127;131;58m[48;2;202;192;224m▤[0m[38;2;146;123;39m[48;2;243;194;229m▤[0m[38;2;159;111;19m[48;2;27;185;234m▤[0m[38;2;165;98;253m[48;2;59;167;237m▤[0m[38;2;164;88;233m[48;2;86;141;237m▤[0m[38;2;156;80;215m[48;2;107;114;232m▤[0m[38;2;143;78;200m[48;2;121;89;220m▤[0m[38;2;128;82;189m[48;2;129;70;200m▤[0m[38;2;111;88;181m[48;2;132;58;174m▤[0m[38;2;92;95;178m[48;2;133;53;143m▤[0m[38;2;72;99;180m[48;2;131;54;112m▤[0m[38;2;52;96;186m[48;2;129;59;82m▤[0m[38;2;32;84;195m[48;2;126;65;57m▤[0m[38;2;12;61;207m[48;2;122;71;36m▤[0m[38;2;248;30;221m[48;2;117;76;19m▤[0m[38;2;231;250;233m[48;2;110;80;4m▤[0m[38;2;217;215;242m[48;2;103;84;246m▤[0m[38;2;207;187;247m[48;2;95;90;233m▤[0m[38;2;201;169;247m[48;2;88;98;218m▤[0m[38;2;200;165;242m[48;2;83;109;203m▤[0m[38;2;205;175;231m[48;2;81;123;190m▤[0m[38;2;216;199;213m[48;2;81;139;182m▤[0m[38;2;231;232;189m[48;2;82;154;181m▤[0m[38;2;249;16;159m[48;2;84;166;189m▤[0m[38;2;16;57;125m[48;2;83;171;206m▤[0m[38;2;36;96;86m[48;2;78;166;232m▤[0m[38;2;55;128;46m[48;2;69;151;9m▤[0m
[38;2;66;149;7m[48;2;51;124;45m▤[0m[38;2;73;162;228m[48;2;32;91;83m▤[0m[38;2;77;165;203m[48;2;10;52;121m▤[0m[38;2;78;159;187m[48;2;244;11;155m▤[0m[38;2;77;148;179m[48;2;225;227;185m▤[0m[38;2;75;133;179m[48;2;211;194;209m▤[0m[38;2;75;117;187m[48;2;201;171;226m▤[0m[38;2;78;103;200m[48;2;196;161;237m▤[0m[38;2;83;92;214m[48;2;197;166;242m▤[0m[38;2;91;84;230m[48;2;202;184;242m▤[0m[38;2;99;79;243m[48;2;212;212;237m▤[0m[38;2;105;76;0m[48;2;227;246;227m▤[0m[38;2;111;72;14m[48;2;244;26;215m▤[0m[38;2;116;67;31m[48;2;7;56;203m▤[0m[38;2;120;60;52m[48;2;27;78;190m▤[0m[38;2;123;53;78m[48;2;47;90;181m▤[0m[38;2;126;49;108m[48;2;68;93;176m▤[0m[38;2;127;48;140m[48;2;87;89;174m▤[0m[38;2;127;53;169m[48;2;105;82;177m▤[0m[38;2;124;65;195m[48;2;122;76;184m▤[0m[38;2;116;85;214m[48;2;138;74;195m▤[0m[38;2;102;109;226m[48;2;151;76;210m▤[0m[38;2;81;136;232m[48;2;158;83;229m▤[0m[38;2;53;161;231m[48;2;158;93;249m▤[0m[38;2;21;179;228m[48;2;152;106;14m▤[0m[38;2;238;188;224m[48;2;140;117;35m▤[0m[38;2;196;185;220m[48;2;121;126;53m▤[0m[38;2;153;172;217m[48;2;97;129;66m▤[0m[38;2;108;154;215m[48;2;70;127;74m▤[0m[38;2;63;131;214m[48;2;44;118;74m▤[0m[38;2;24;109;215m[48;2;19;102;72m▤[0m[38;2;246;92;220m[48;2;252;80;67m▤[0m[38;2;224;80;230m[48;2;231;54;64m▤[0m[38;2;215;75;244m[48;2;210;25;63m▤[0m[38;2;221;73;9m[48;2;189;250;66m▤[0m[38;2;242;74;33m[48;2;167;221;73m▤[0m[38;2;21;71;59m[48;2;143;198;82m▤[0m[38;2;66;63;87m[48;2;116;183;90m▤[0m[38;2;117;47;113m[48;2;91;179;96m▤[0m[38;2;169;23;136m[48;2;66;187;95m▤[0m[38;2;213;250;153m[48;2;44;206;88m▤[0m[38;2;246;223;163m[48;2;28;233;78m▤[0m[38;2;11;202;165m[48;2;18;9;65m▤[0m[38;2;13;191;157m[48;2;19;37;54m▤[0m[38;2;0;194;143m[48;2;29;57;47m▤[0m[38;2;229;210;123m[48;2;49;65;45m▤[0m[38;2;194;236;102m[48;2;79;59;51m▤[0m[38;2;155;11;80m[48;2;115;39;63m▤[0m[38;2;113;37;61m[48;2;154;9;79m▤[0m[38;2;77;56;49m[48;2;193;234;100m▤[0m[38;2;48;61;44m[48;2;227;209;122m▤[0m[38;2;29;53;46m[48;2;252;193;141m▤[0m[38;2;19;33;53m[48;2;9;190;155m▤[0m[38;2;19;5;64m[48;2;6;202;162m▤[0m[38;2;28;230;76m[48;2;242;223;160m▤[0m[38;2;44;204;86m[48;2;209;249;150m▤[0m[38;2;65;185;92m[48;2;165;21;133m▤[0m[38;2;90;177;93m[48;2;115;44;110m▤[0m[38;2;115;182;88m[48;2;65;59;84m▤[0m[38;2;140;197;79m[48;2;20;68;57m▤[0m[38;2;164;220;71m[48;2;241;71;30m▤[0m[38;2;187;248;64m[48;2;220;71;7m▤[0m[38;2;208;23;61m[48;2;215;72;243m▤[0m[38;2;228;52;62m[48;2;224;78;229m▤[0m[38;2;249;78;66m[48;2;246;90;219m▤[0m[38;2;17;99;70m[48;2;23;108;214m▤[0m[38;2;42;114;72m[48;2;63;129;212m▤[0m[38;2;68;123;71m[48;2;107;151;212m▤[0m[38;2;95;126;63m[48;2;151;170;214m▤[0m[38;2;118;123;50m[48;2;195;182;217m▤[0m[38;2;137;115;32m[48;2;236;184;222m▤[0m[38;2;150;103;12m[48;2;19;175;227m▤[0m[38;2;156;91;246m[48;2;51;158;230m▤[0m[38;2;155;81;226m[48;2;78;133;229m▤[0m[38;2;147;73;209m[48;2;98;106;224m▤[0m[38;2;135;71;194m[48;2;112;82;212m▤[0m[38;2;120;75;183m[48;2;120;63;192m▤[0m[38;2;103;80;175m[48;2;124;52;167m▤[0m[38;2;84;87;172m[48;2;125;47;137m▤[0m[38;2;65;90;174m[48;2;123;47;106m▤[0m[38;2;45;87;180m[48;2;121;52;77m▤[0m[38;2;25;75;189m[48;2;118;58;52m▤[0m[38;2;5;52;201m[48;2;114;64;31m▤[0m[38;2;241;22;214m[48;2;109;69;14m▤[0m[38;2;225;243;226m[48;2;102;73;254m▤[0m[38;2;211;209;234m[48;2;95;77;241m▤[0m[38;2;201;182;239m[48;2;88;83;228m▤[0m[38;2;195;165;239m[48;2;81;91;213m▤[0m[38;2;194;161;234m[48;2;76;102;198m▤[0m[38;2;199;171;223m[48;2;74;115;186m▤[0m[38;2;210;194;205m[48;2;74;131;178m▤[0m[38;2;224;226;182m[48;2;75;146;177m▤[0m[38;2;242;9;152m[48;2;76;157;185m▤[0m[38;2;8;49;118m[48;2;75;161;202m▤[0m[38;2;29;87;80m[48;2;70;157;228m▤[0m[38;2;47;119;41m[48;2;61;142;4m▤[0m
[38;2;58;140;2m[48;2;44;115;40m▤[0m[38;2;65;153;224m[48;2;25;83;77m▤[0m[38;2;69;156;199m[48;2;3;45;114m▤[0m[38;2;71;151;183m[48;2;238;4;148m▤[0m[38;2;70;140;175m[48;2;219;221;178m▤[0m[38;2;68;125;175m[48;2;205;189;201m▤[0m[38;2;68;110;183m[48;2;195;167;218m▤[0m[38;2;71;96;195m[48;2;190;157;229m▤[0m[38;2;76;85;209m[48;2;191;162;234m▤[0m[38;2;84;77;225m[48;2;196;179;234m▤[0m[38;2;91;72;238m[48;2;206;206;230m▤[0m[38;2;98;69;250m[48;2;221;239;220m▤[0m[38;2;104;65;9m[48;2;237;18;209m▤[0m[38;2;109;60;26m[48;2;1;48;197m▤[0m[38;2;113;53;47m[48;2;20;69;184m▤[0m[38;2;116;47;73m[48;2;40;81;175m▤[0m[38;2;118;43;103m[48;2;61;85;170m▤[0m[38;2;119;42;134m[48;2;80;81;168m▤[0m[38;2;119;47;162m[48;2;98;75;171m▤[0m[38;2;116;59;188m[48;2;115;70;178m▤[0m[38;2;108;78;207m[48;2;130;67;189m▤[0m[38;2;94;102;219m[48;2;142;69;204m▤[0m[38;2;73;128;224m[48;2;149;76;223m▤[0m[38;2;45;152;224m[48;2;150;86;242m▤[0m[38;2;13;170;221m[48;2;144;98;7m▤[0m[38;2;231;178;217m[48;2;131;109;28m▤[0m[38;2;190;176;213m[48;2;113;118;45m▤[0m[38;2;147;164;210m[48;2;89;121;58m▤[0m[38;2;102;146;209m[48;2;63;118;66m▤[0m[38;2;58;124;208m[48;2;37;109;67m▤[0m[38;2;20;103;209m[48;2;13;94;65m▤[0m[38;2;243;86;214m[48;2;245;72;60m▤[0m[38;2;221;74;224m[48;2;224;47;57m▤[0m[38;2;212;68;238m[48;2;204;18;56m▤[0m[38;2;218;66;3m[48;2;183;243;59m▤[0m[38;2;239;66;26m[48;2;160;215;66m▤[0m[38;2;17;63;52m[48;2;136;193;75m▤[0m[38;2;61;55;79m[48;2;110;178;83m▤[0m[38;2;111;39;105m[48;2;85;174;88m▤[0m[38;2;162;16;128m[48;2;61;182;87m▤[0m[38;2;205;244;144m[48;2;40;201;80m▤[0m[38;2;237;218;154m[48;2;24;227;70m▤[0m[38;2;1;197;156m[48;2;15;2;58m▤[0m[38;2;4;187;149m[48;2;15;29;48m▤[0m[38;2;246;190;135m[48;2;25;48;41m▤[0m[38;2;221;205;116m[48;2;45;56;39m▤[0m[38;2;187;230;95m[48;2;74;50;45m▤[0m[38;2;149;4;73m[48;2;110;31;57m▤[0m[38;2;108;29;55m[48;2;148;2;72m▤[0m[38;2;72;47;43m[48;2;186;228;93m▤[0m[38;2;44;52;38m[48;2;219;204;114m▤[0m[38;2;25;44;39m[48;2;243;188;132m▤[0m[38;2;15;25;46m[48;2;0;186;146m▤[0m[38;2;15;253;57m[48;2;252;197;153m▤[0m[38;2;23;224;68m[48;2;233;217;151m▤[0m[38;2;39;198;78m[48;2;201;242;141m▤[0m[38;2;60;180;84m[48;2;158;13;124m▤[0m[38;2;84;172;85m[48;2;109;36;102m▤[0m[38;2;109;177;80m[48;2;60;51;76m▤[0m[38;2;134;192;72m[48;2;16;60;50m▤[0m[38;2;158;214;64m[48;2;238;63;23m▤[0m[38;2;180;241;57m[48;2;217;64;1m▤[0m[38;2;201;16;54m[48;2;212;65;237m▤[0m[38;2;221;44;55m[48;2;221;71;223m▤[0m[38;2;242;70;58m[48;2;242;83;213m▤[0m[38;2;10;91;62m[48;2;19;101;208m▤[0m[38;2;35;105;64m[48;2;58;121;206m▤[0m[38;2;61;114;63m[48;2;101;143;206m▤[0m[38;2;87;117;55m[48;2;145;161;208m▤[0m[38;2;110;114;42m[48;2;188;172;211m▤[0m[38;2;128;106;25m[48;2;229;174;215m▤[0m[38;2;141;95;5m[48;2;11;166;220m▤[0m[38;2;147;84;239m[48;2;43;149;222m▤[0m[38;2;146;74;220m[48;2;70;125;221m▤[0m[38;2;138;66;203m[48;2;90;99;216m▤[0m[38;2;127;64;188m[48;2;104;75;204m▤[0m[38;2;112;68;177m[48;2;112;57;185m▤[0m[38;2;95;73;169m[48;2;116;46;160m▤[0m[38;2;77;79;166m[48;2;117;40;131m▤[0m[38;2;58;82;168m[48;2;115;40;100m▤[0m[38;2;38;78;174m[48;2;113;45;72m▤[0m[38;2;18;66;183m[48;2;110;51;47m▤[0m[38;2;253;44;195m[48;2;106;57;26m▤[0m[38;2;234;14;207m[48;2;101;62;9m▤[0m[38;2;218;236;218m[48;2;94;66;249m▤[0m[38;2;205;203;227m[48;2;87;70;236m▤[0m[38;2;195;177;231m[48;2;80;76;223m▤[0m[38;2;189;160;231m[48;2;74;84;208m▤[0m[38;2;188;157;226m[48;2;69;95;193m▤[0m[38;2;193;166;215m[48;2;67;108;182m▤[0m[38;2;204;189;198m[48;2;67;123;174m▤[0m[38;2;218;220;175m[48;2;68;137;173m▤[0m[38;2;236;2;145m[48;2;68;148;181m▤[0m[38;2;1;42;111m[48;2;67;152;198m▤[0m[38;2;22;79;74m[48;2;62;148;223m▤[0m[38;2;39;110;36m[48;2;53;133;254m▤[0m
[38;2;50;131;252m[48;2;36;106;34m▤[0m[38;2;57;144;220m[48;2;18;75;71m▤[0m[38;2;62;147;195m[48;2;252;37;108m▤[0m[38;2;63;142;179m[48;2;232;253;141m▤[0m[38;2;63;132;171m[48;2;213;215;171m▤[0m[38;2;61;118;171m[48;2;199;184;194m▤[0m[38;2;61;103;179m[48;2;189;163;211m▤[0m[38;2;64;89;190m[48;2;184;153;222m▤[0m[38;2;69;78;204m[48;2;185;158;227m▤[0m[38;2;77;70;220m[48;2;190;174;227m▤[0m[38;2;84;65;233m[48;2;200;200;223m▤[0m[38;2;90;62;245m[48;2;215;233;213m▤[0m[38;2;96;58;4m[48;2;231;11;202m▤[0m[38;2;101;53;21m[48;2;249;40;190m▤[0m[38;2;105;46;42m[48;2;13;61;178m▤[0m[38;2;108;40;68m[48;2;33;73;169m▤[0m[38;2;110;36;97m[48;2;54;77;164m▤[0m[38;2;111;36;128m[48;2;73;74;162m▤[0m[38;2;111;41;156m[48;2;91;68;165m▤[0m[38;2;108;53;181m[48;2;107;63;172m▤[0m[38;2;100;72;200m[48;2;122;60;183m▤[0m[38;2;86;95;211m[48;2;134;62;198m▤[0m[38;2;65;120;217m[48;2;141;69;216m▤[0m[38;2;37;144;217m[48;2;141;79;235m▤[0m[38;2;5;161;214m[48;2;135;91;0m▤[0m[38;2;224;169;210m[48;2;123;101;21m▤[0m[38;2;183;167;207m[48;2;105;110;37m▤[0m[38;2;141;155;204m[48;2;81;113;50m▤[0m[38;2;96;138;203m[48;2;56;110;58m▤[0m[38;2;53;117;202m[48;2;30;101;59m▤[0m[38;2;16;96;203m[48;2;6;86;57m▤[0m[38;2;239;79;208m[48;2;238;64;53m▤[0m[38;2;218;68;218m[48;2;217;39;50m▤[0m[38;2;209;61;232m[48;2;197;11;50m▤[0m[38;2;215;59;252m[48;2;176;237;53m▤[0m[38;2;236;58;20m[48;2;154;209;59m▤[0m[38;2;13;55;45m[48;2;130;188;68m▤[0m[38;2;57;47;72m[48;2;104;173;75m▤[0m[38;2;106;31;97m[48;2;80;169;80m▤[0m[38;2;155;8;119m[48;2;56;177;79m▤[0m[38;2;197;237;135m[48;2;35;196;72m▤[0m[38;2;228;212;145m[48;2;20;221;63m▤[0m[38;2;247;192;147m[48;2;11;250;51m▤[0m[38;2;250;183;140m[48;2;11;21;41m▤[0m[38;2;237;185;127m[48;2;21;39;35m▤[0m[38;2;213;200;108m[48;2;41;47;33m▤[0m[38;2;180;224;88m[48;2;69;41;39m▤[0m[38;2;143;252;67m[48;2;105;23;51m▤[0m[38;2;103;21;49m[48;2;142;250;65m▤[0m[38;2;67;38;37m[48;2;179;222;85m▤[0m[38;2;40;43;32m[48;2;211;198;106m▤[0m[38;2;21;35;33m[48;2;234;183;124m▤[0m[38;2;11;17;39m[48;2;246;181;137m▤[0m[38;2;11;246;50m[48;2;243;192;144m▤[0m[38;2;19;218;60m[48;2;224;211;142m▤[0m[38;2;34;193;70m[48;2;193;235;132m▤[0m[38;2;55;175;76m[48;2;151;5;115m▤[0m[38;2;78;167;77m[48;2;103;28;94m▤[0m[38;2;103;172;72m[48;2;55;43;69m▤[0m[38;2;128;186;65m[48;2;12;52;43m▤[0m[38;2;151;208;57m[48;2;235;55;17m▤[0m[38;2;173;235;50m[48;2;214;56;250m▤[0m[38;2;194;9;47m[48;2;209;58;231m▤[0m[38;2;214;36;48m[48;2;218;65;217m▤[0m[38;2;235;62;51m[48;2;238;77;207m▤[0m[38;2;3;82;54m[48;2;15;94;202m▤[0m[38;2;28;97;56m[48;2;53;114;200m▤[0m[38;2;54;106;55m[48;2;95;135;200m▤[0m[38;2;79;109;47m[48;2;139;152;202m▤[0m[38;2;102;106;34m[48;2;181;163;205m▤[0m[38;2;120;98;17m[48;2;222;165;208m▤[0m[38;2;132;87;253m[48;2;3;157;213m▤[0m[38;2;138;77;232m[48;2;35;140;215m▤[0m[38;2;137;67;213m[48;2;62;117;214m▤[0m[38;2;130;59;196m[48;2;82;92;208m▤[0m[38;2;119;57;182m[48;2;96;69;196m▤[0m[38;2;104;61;171m[48;2;104;51;178m▤[0m[38;2;87;66;163m[48;2;108;39;153m▤[0m[38;2;69;71;160m[48;2;109;34;125m▤[0m[38;2;51;74;162m[48;2;107;34;94m▤[0m[38;2;31;69;168m[48;2;105;38;66m▤[0m[38;2;11;57;177m[48;2;102;44;42m▤[0m[38;2;246;36;188m[48;2;98;50;21m▤[0m[38;2;228;7;200m[48;2;93;55;4m▤[0m[38;2;212;229;211m[48;2;86;59;244m▤[0m[38;2;199;197;220m[48;2;80;63;231m▤[0m[38;2;189;172;224m[48;2;73;69;218m▤[0m[38;2;183;156;224m[48;2;67;77;203m▤[0m[38;2;182;152;218m[48;2;62;88;189m▤[0m[38;2;187;162;207m[48;2;60;101;178m▤[0m[38;2;198;184;190m[48;2;60;115;170m▤[0m[38;2;212;214;167m[48;2;60;129;169m▤[0m[38;2;230;251;138m[48;2;60;139;177m▤[0m[38;2;249;34;105m[48;2;59;143;194m▤[0m[38;2;14;71;68m[48;2;54;139;219m▤[0m[38;2;31;101;30m[48;2;45;124;249m▤[0m
[38;2;42;122;247m[48;2;29;98;29m▤[0m[38;2;50;135;216m[48;2;11;67;65m▤[0m[38;2;54;138;191m[48;2;245;30;102m▤[0m[38;2;56;134;175m[48;2;226;246;134m▤[0m[38;2;56;124;167m[48;2;207;209;164m▤[0m[38;2;54;110;167m[48;2;193;179;187m▤[0m[38;2;54;96;175m[48;2;183;159;204m▤[0m[38;2;57;82;186m[48;2;179;149;214m▤[0m[38;2;62;71;200m[48;2;179;154;220m▤[0m[38;2;70;63;215m[48;2;184;169;220m▤[0m[38;2;77;58;228m[48;2;194;195;216m▤[0m[38;2;83;55;240m[48;2;209;226;206m▤[0m[38;2;89;51;254m[48;2;225;4;195m▤[0m[38;2;94;46;16m[48;2;242;32;184m▤[0m[38;2;98;39;37m[48;2;6;53;172m▤[0m[38;2;101;33;63m[48;2;26;65;163m▤[0m[38;2;103;30;91m[48;2;47;69;158m▤[0m[38;2;104;30;122m[48;2;66;66;157m▤[0m[38;2;103;35;149m[48;2;83;61;159m▤[0m[38;2;100;47;174m[48;2;99;56;166m▤[0m[38;2;92;65;192m[48;2;114;54;177m▤[0m[38;2;78;88;204m[48;2;126;56;192m▤[0m[38;2;57;112;210m[48;2;132;62;210m▤[0m[38;2;29;135;210m[48;2;132;72;229m▤[0m[38;2;253;152;208m[48;2;127;83;249m▤[0m[38;2;217;160;204m[48;2;115;93;13m▤[0m[38;2;177;158;201m[48;2;97;102;29m▤[0m[38;2;135;147;198m[48;2;74;105;42m▤[0m[38;2;91;130;197m[48;2;49;102;50m▤[0m[38;2;49;109;196m[48;2;23;93;51m▤[0m[38;2;12;89;197m[48;2;254;78;50m▤[0m[38;2;236;73;202m[48;2;232;56;46m▤[0m[38;2;215;61;212m[48;2;211;31;43m▤[0m[38;2;206;54;226m[48;2;190;4;43m▤[0m[38;2;212;52;246m[48;2;169;231;46m▤[0m[38;2;233;51;13m[48;2;147;204;52m▤[0m[38;2;10;47;38m[48;2;124;183;61m▤[0m[38;2;52;39;65m[48;2;99;168;68m▤[0m[38;2;100;23;89m[48;2;74;164;72m▤[0m[38;2;148;1;111m[48;2;51;172;71m▤[0m[38;2;189;231;127m[48;2;31;190;65m▤[0m[38;2;220;206;136m[48;2;16;215;55m▤[0m[38;2;238;187;138m[48;2;7;243;44m▤[0m[38;2;241;178;131m[48;2;7;13;35m▤[0m[38;2;229;181;119m[48;2;17;30;29m▤[0m[38;2;205;195;101m[48;2;37;38;27m▤[0m[38;2;173;218;81m[48;2;65;32;33m▤[0m[38;2;137;245;60m[48;2;100;15;44m▤[0m[38;2;98;13;42m[48;2;136;243;58m▤[0m[38;2;63;29;31m[48;2;172;216;78m▤[0m[38;2;36;34;26m[48;2;203;193;98m▤[0m[38;2;17;26;27m[48;2;226;179;116m▤[0m[38;2;7;9;33m[48;2;237;177;128m▤[0m[38;2;7;239;43m[48;2;234;187;135m▤[0m[38;2;15;212;53m[48;2;215;205;133m▤[0m[38;2;29;187;62m[48;2;185;228;123m▤[0m[38;2;50;170;68m[48;2;144;253;107m▤[0m[38;2;72;162;69m[48;2;97;20;86m▤[0m[38;2;97;167;64m[48;2;50;35;61m▤[0m[38;2;122;181;57m[48;2;8;44;36m▤[0m[38;2;145;202;50m[48;2;231;47;10m▤[0m[38;2;166;229;43m[48;2;211;49;243m▤[0m[38;2;187;2;40m[48;2;206;51;225m▤[0m[38;2;208;29;41m[48;2;214;58;211m▤[0m[38;2;229;54;44m[48;2;235;70;201m▤[0m[38;2;251;74;47m[48;2;11;87;196m▤[0m[38;2;21;89;48m[48;2;48;106;194m▤[0m[38;2;47;98;47m[48;2;89;127;194m▤[0m[38;2;71;101;39m[48;2;133;143;196m▤[0m[38;2;94;98;26m[48;2;174;154;198m▤[0m[38;2;111;90;10m[48;2;214;156;202m▤[0m[38;2;123;80;246m[48;2;250;148;206m▤[0m[38;2;129;70;226m[48;2;27;131;208m▤[0m[38;2;128;60;207m[48;2;54;109;207m▤[0m[38;2;122;53;190m[48;2;74;85;201m▤[0m[38;2;111;51;176m[48;2;88;62;189m▤[0m[38;2;96;54;165m[48;2;96;45;171m▤[0m[38;2;79;59;157m[48;2;100;33;146m▤[0m[38;2;62;63;154m[48;2;101;28;118m▤[0m[38;2;44;65;156m[48;2;99;28;88m▤[0m[38;2;24;61;162m[48;2;97;31;61m▤[0m[38;2;4;49;171m[48;2;94;37;37m▤[0m[38;2;239;28;182m[48;2;90;43;16m▤[0m[38;2;222;0;193m[48;2;85;48;254m▤[0m[38;2;206;222;204m[48;2;79;52;239m▤[0m[38;2;193;191;213m[48;2;73;56;226m▤[0m[38;2;183;167;217m[48;2;66;62;213m▤[0m[38;2;177;152;216m[48;2;60;70;198m▤[0m[38;2;176;148;210m[48;2;55;81;184m▤[0m[38;2;181;158;200m[48;2;53;94;173m▤[0m[38;2;192;179;183m[48;2;53;107;166m▤[0m[38;2;206;208;160m[48;2;53;121;165m▤[0m[38;2;223;244;131m[48;2;53;130;173m▤[0m[38;2;242;27;98m[48;2;51;134;190m▤[0m[38;2;7;63;62m[48;2;46;130;215m▤[0m[38;2;23;92;25m[48;2;37;115;245m▤[0m
[38;2;34;113;243m[48;2;21;89;24m▤[0m[38;2;42;126;212m[48;2;4;59;59m▤[0m[38;2;47;129;188m[48;2;238;23;95m▤[0m[38;2;49;125;171m[48;2;219;240;128m▤[0m[38;2;49;116;163m[48;2;201;204;157m▤[0m[38;2;47;103;164m[48;2;187;174;180m▤[0m[38;2;48;89;171m[48;2;178;154;196m▤[0m[38;2;50;75;182m[48;2;173;145;207m▤[0m[38;2;55;64;195m[48;2;173;149;212m▤[0m[38;2;63;56;210m[48;2;179;164;213m▤[0m[38;2;70;51;223m[48;2;189;189;209m▤[0m[38;2;76;48;235m[48;2;203;220;199m▤[0m[38;2;81;44;249m[48;2;219;252;189m▤[0m[38;2;86;39;11m[48;2;236;24;178m▤[0m[38;2;90;32;33m[48;2;0;45;166m▤[0m[38;2;93;27;58m[48;2;19;57;158m▤[0m[38;2;95;24;86m[48;2;40;61;153m▤[0m[38;2;96;24;115m[48;2;58;58;151m▤[0m[38;2;95;29;142m[48;2;75;54;154m▤[0m[38;2;92;41;167m[48;2;91;49;161m▤[0m[38;2;84;59;185m[48;2;106;47;172m▤[0m[38;2;70;81;197m[48;2;118;49;186m▤[0m[38;2;49;104;203m[48;2;124;55;204m▤[0m[38;2;22;127;203m[48;2;124;65;223m▤[0m[38;2;246;143;201m[48;2;118;76;242m▤[0m[38;2;210;151;198m[48;2;106;86;6m▤[0m[38;2;170;149;195m[48;2;89;94;22m▤[0m[38;2;129;138;192m[48;2;66;97;34m▤[0m[38;2;85;122;191m[48;2;42;94;42m▤[0m[38;2;44;102;190m[48;2;16;85;44m▤[0m[38;2;8;82;191m[48;2;247;70;43m▤[0m[38;2;232;66;196m[48;2;225;49;39m▤[0m[38;2;212;54;206m[48;2;204;24;36m▤[0m[38;2;203;48;220m[48;2;184;252;36m▤[0m[38;2;209;45;240m[48;2;163;225;39m▤[0m[38;2;230;43;7m[48;2;141;198;45m▤[0m[38;2;6;39;31m[48;2;118;178;54m▤[0m[38;2;47;31;57m[48;2;93;163;60m▤[0m[38;2;94;15;81m[48;2;69;159;64m▤[0m[38;2;141;249;103m[48;2;46;167;63m▤[0m[38;2;181;224;118m[48;2;26;185;57m▤[0m[38;2;211;200;127m[48;2;12;209;48m▤[0m[38;2;229;182;129m[48;2;3;236;37m▤[0m[38;2;232;174;123m[48;2;3;5;29m▤[0m[38;2;221;176;111m[48;2;13;22;23m▤[0m[38;2;197;190;93m[48;2;33;29;21m▤[0m[38;2;166;212;74m[48;2;60;23;27m▤[0m[38;2;131;238;53m[48;2;94;7;38m▤[0m[38;2;92;5;36m[48;2;130;236;52m▤[0m[38;2;58;20;25m[48;2;165;210;71m▤[0m[38;2;32;25;20m[48;2;195;188;90m▤[0m[38;2;13;18;21m[48;2;217;174;107m▤[0m[38;2;3;1;27m[48;2;228;172;119m▤[0m[38;2;3;232;36m[48;2;225;182;126m▤[0m[38;2;10;206;46m[48;2;207;199;124m▤[0m[38;2;24;182;54m[48;2;177;222;114m▤[0m[38;2;44;165;60m[48;2;137;246;99m▤[0m[38;2;67;158;61m[48;2;91;12;78m▤[0m[38;2;91;162;56m[48;2;45;27;54m▤[0m[38;2;116;176;50m[48;2;4;36;29m▤[0m[38;2;138;196;43m[48;2;228;40;4m▤[0m[38;2;160;222;36m[48;2;208;42;237m▤[0m[38;2;181;250;33m[48;2;203;45;219m▤[0m[38;2;201;22;34m[48;2;211;52;205m▤[0m[38;2;222;46;37m[48;2;231;63;195m▤[0m[38;2;244;66;40m[48;2;7;80;190m▤[0m[38;2;14;81;41m[48;2;43;99;188m▤[0m[38;2;39;90;39m[48;2;84;119;188m▤[0m[38;2;63;93;31m[48;2;127;134;189m▤[0m[38;2;86;90;18m[48;2;167;145;192m▤[0m[38;2;103;82;3m[48;2;207;147;195m▤[0m[38;2;114;73;239m[48;2;243;139;199m▤[0m[38;2;120;63;219m[48;2;19;123;201m▤[0m[38;2;120;53;201m[48;2;46;101;200m▤[0m[38;2;114;46;184m[48;2;66;78;194m▤[0m[38;2;103;44;170m[48;2;80;56;182m▤[0m[38;2;88;47;159m[48;2;88;39;164m▤[0m[38;2;72;52;151m[48;2;92;27;139m▤[0m[38;2;55;55;148m[48;2;93;22;112m▤[0m[38;2;37;57;150m[48;2;91;21;83m▤[0m[38;2;17;53;156m[48;2;89;24;56m▤[0m[38;2;252;41;165m[48;2;86;30;32m▤[0m[38;2;233;20;176m[48;2;82;36;11m▤[0m[38;2;216;247;186m[48;2;77;41;249m▤[0m[38;2;200;216;197m[48;2;72;45;234m▤[0m[38;2;187;186;206m[48;2;66;49;221m▤[0m[38;2;177;162;210m[48;2;59;55;208m▤[0m[38;2;171;147;209m[48;2;53;63;193m▤[0m[38;2;170;144;203m[48;2;48;74;180m▤[0m[38;2;175;153;192m[48;2;46;86;169m▤[0m[38;2;186;174;176m[48;2;46;100;162m▤[0m[38;2;200;202;153m[48;2;46;113;162m▤[0m[38;2;217;237;124m[48;2;46;122;170m▤[0m[38;2;235;20;92m[48;2;43;125;186m▤[0m[38;2;0;55;56m[48;2;38;121;211m▤[0m[38;2;16;84;20m[48;2;29;106;240m▤[0m
[38;2;26;104;239m[48;2;14;81;19m▤[0m[38;2;34;117;208m[48;2;252;51;54m▤[0m[38;2;39;120;184m[48;2;232;16;89m▤[0m[38;2;42;117;168m[48;2;213;234;121m▤[0m[38;2;42;108;160m[48;2;195;198;150m▤[0m[38;2;41;95;160m[48;2;182;169;173m▤[0m[38;2;41;82;167m[48;2;172;150;189m▤[0m[38;2;43;68;178m[48;2;167;141;200m▤[0m[38;2;48;57;190m[48;2;168;145;205m▤[0m[38;2;56;50;205m[48;2;173;159;206m▤[0m[38;2;63;44;218m[48;2;183;184;202m▤[0m[38;2;69;41;230m[48;2;197;214;193m▤[0m[38;2;74;37;244m[48;2;213;244;183m▤[0m[38;2;79;32;7m[48;2;230;16;172m▤[0m[38;2;82;25;28m[48;2;248;37;160m▤[0m[38;2;85;20;53m[48;2;12;49;152m▤[0m[38;2;87;17;80m[48;2;33;53;147m▤[0m[38;2;88;18;109m[48;2;51;51;145m▤[0m[38;2;87;23;136m[48;2;68;47;148m▤[0m[38;2;84;35;160m[48;2;84;42;155m▤[0m[38;2;76;53;178m[48;2;98;40;166m▤[0m[38;2;62;74;190m[48;2;110;42;180m▤[0m[38;2;41;97;196m[48;2;116;49;198m▤[0m[38;2;14;119;196m[48;2;116;58;216m▤[0m[38;2;238;134;194m[48;2;110;69;235m▤[0m[38;2;203;142;191m[48;2;98;78;254m▤[0m[38;2;163;140;188m[48;2;81;86;14m▤[0m[38;2;123;129;186m[48;2;59;89;26m▤[0m[38;2;80;114;185m[48;2;35;86;34m▤[0m[38;2;39;95;184m[48;2;9;77;36m▤[0m[38;2;4;75;185m[48;2;240;62;35m▤[0m[38;2;229;59;190m[48;2;218;41;32m▤[0m[38;2;209;48;200m[48;2;198;17;29m▤[0m[38;2;200;41;214m[48;2;178;245;29m▤[0m[38;2;206;38;234m[48;2;157;218;32m▤[0m[38;2;226;36;1m[48;2;135;192;38m▤[0m[38;2;2;31;25m[48;2;112;172;46m▤[0m[38;2;42;23;50m[48;2;87;158;52m▤[0m[38;2;88;7;74m[48;2;63;155;56m▤[0m[38;2;134;242;95m[48;2;41;162;55m▤[0m[38;2;173;218;110m[48;2;21;180;49m▤[0m[38;2;203;195;119m[48;2;7;203;41m▤[0m[38;2;220;177;120m[48;2;254;229;31m▤[0m[38;2;223;169;114m[48;2;254;252;23m▤[0m[38;2;212;171;103m[48;2;9;14;17m▤[0m[38;2;189;185;85m[48;2;29;20;15m▤[0m[38;2;159;206;66m[48;2;56;15;21m▤[0m[38;2;125;231;47m[48;2;89;254;32m▤[0m[38;2;87;252;30m[48;2;124;229;45m▤[0m[38;2;54;11;19m[48;2;158;204;64m▤[0m[38;2;28;16;14m[48;2;187;183;82m▤[0m[38;2;9;9;15m[48;2;209;169;99m▤[0m[38;2;254;248;20m[48;2;219;167;111m▤[0m[38;2;254;225;29m[48;2;216;176;117m▤[0m[38;2;6;200;38m[48;2;199;193;115m▤[0m[38;2;19;177;46m[48;2;169;215;106m▤[0m[38;2;39;160;52m[48;2;130;239;91m▤[0m[38;2;61;153;53m[48;2;85;4;70m▤[0m[38;2;85;157;49m[48;2;40;19;47m▤[0m[38;2;109;170;43m[48;2;0;28;22m▤[0m[38;2;132;190;36m[48;2;224;32;253m▤[0m[38;2;154;216;29m[48;2;205;35;231m▤[0m[38;2;175;243;26m[48;2;200;38;213m▤[0m[38;2;195;14;27m[48;2;208;45;199m▤[0m[38;2;215;38;30m[48;2;228;56;189m▤[0m[38;2;237;58;32m[48;2;3;73;184m▤[0m[38;2;7;73;33m[48;2;38;92;182m▤[0m[38;2;32;82;31m[48;2;78;111;182m▤[0m[38;2;56;85;23m[48;2;120;126;183m▤[0m[38;2;78;82;11m[48;2;160;136;185m▤[0m[38;2;95;74;251m[48;2;200;138;188m▤[0m[38;2;106;65;232m[48;2;235;130;192m▤[0m[38;2;112;55;213m[48;2;11;114;194m▤[0m[38;2;112;46;195m[48;2;38;93;193m▤[0m[38;2;106;39;178m[48;2;58;71;187m▤[0m[38;2;95;37;164m[48;2;72;50;175m▤[0m[38;2;80;40;153m[48;2;80;33;157m▤[0m[38;2;64;44;145m[48;2;84;21;133m▤[0m[38;2;48;48;142m[48;2;85;16;106m▤[0m[38;2;30;49;144m[48;2;83;15;77m▤[0m[38;2;10;45;150m[48;2;81;17;51m▤[0m[38;2;245;33;159m[48;2;78;23;27m▤[0m[38;2;227;12;169m[48;2;75;29;6m▤[0m[38;2;210;240;180m[48;2;70;34;244m▤[0m[38;2;194;210;190m[48;2;65;38;229m▤[0m[38;2;181;181;199m[48;2;59;42;216m▤[0m[38;2;171;157;203m[48;2;52;48;203m▤[0m[38;2;165;143;202m[48;2;46;56;188m▤[0m[38;2;164;140;196m[48;2;41;67;175m▤[0m[38;2;169;149;185m[48;2;39;79;165m▤[0m[38;2;180;169;169m[48;2;39;92;158m▤[0m[38;2;194;196;146m[48;2;39;105;158m▤[0m[38;2;210;231;117m[48;2;38;113;166m▤[0m[38;2;229;13;85m[48;2;35;116;182m▤[0m[38;2;248;47;50m[48;2;30;112;207m▤[0m[38;2;8;76;15m[48;2;21;97;236m▤[0m
[38;2;18;95;234m[48;2;6;73;14m▤[0m[38;2;26;108;204m[48;2;245;43;48m▤[0m[38;2;31;111;180m[48;2;225;9;83m▤[0m[38;2;34;108;164m[48;2;207;227;114m▤[0m[38;2;35;100;156m[48;2;189;192;143m▤[0m[38;2;34;88;156m[48;2;176;164;166m▤[0m[38;2;34;75;163m[48;2;166;145;182m▤[0m[38;2;36;61;173m[48;2;161;137;193m▤[0m[38;2;41;51;186m[48;2;162;140;198m▤[0m[38;2;49;43;200m[48;2;167;154;199m▤[0m[38;2;56;37;213m[48;2;177;178;195m▤[0m[38;2;62;34;225m[48;2;191;207;186m▤[0m[38;2;67;30;240m[48;2;207;237;176m▤[0m[38;2;71;25;2m[48;2;224;8;165m▤[0m[38;2;75;18;23m[48;2;241;29;154m▤[0m[38;2;78;13;48m[48;2;5;41;146m▤[0m[38;2;79;11;75m[48;2;26;45;141m▤[0m[38;2;80;12;103m[48;2;44;44;139m▤[0m[38;2;79;17;130m[48;2;61;40;142m▤[0m[38;2;76;29;153m[48;2;76;35;149m▤[0m[38;2;68;46;171m[48;2;90;33;160m▤[0m[38;2;54;67;183m[48;2;102;36;174m▤[0m[38;2;33;89;189m[48;2;108;42;192m▤[0m[38;2;6;110;189m[48;2;108;51;210m▤[0m[38;2;231;125;187m[48;2;102;61;228m▤[0m[38;2;196;133;184m[48;2;90;70;247m▤[0m[38;2;157;131;182m[48;2;73;78;7m▤[0m[38;2;117;121;180m[48;2;52;81;19m▤[0m[38;2;75;106;179m[48;2;28;78;26m▤[0m[38;2;34;87;178m[48;2;3;69;29m▤[0m[38;2;0;68;179m[48;2;234;54;28m▤[0m[38;2;225;53;184m[48;2;212;33;25m▤[0m[38;2;206;42;194m[48;2;192;10;23m▤[0m[38;2;197;35;209m[48;2;172;238;23m▤[0m[38;2;203;31;228m[48;2;151;212;26m▤[0m[38;2;223;29;250m[48;2;129;186;31m▤[0m[38;2;253;24;18m[48;2;106;167;39m▤[0m[38;2;37;15;43m[48;2;81;154;45m▤[0m[38;2;82;0;66m[48;2;58;150;48m▤[0m[38;2;127;235;87m[48;2;36;157;47m▤[0m[38;2;165;211;102m[48;2;16;174;42m▤[0m[38;2;195;189;110m[48;2;3;197;34m▤[0m[38;2;211;172;111m[48;2;250;222;24m▤[0m[38;2;214;164;106m[48;2;250;244;16m▤[0m[38;2;204;166;95m[48;2;5;5;11m▤[0m[38;2;182;180;78m[48;2;25;11;9m▤[0m[38;2;152;200;59m[48;2;51;6;15m▤[0m[38;2;119;224;40m[48;2;84;246;26m▤[0m[38;2;82;244;24m[48;2;118;222;39m▤[0m[38;2;49;3;13m[48;2;151;198;57m▤[0m[38;2;23;7;8m[48;2;179;178;75m▤[0m[38;2;5;1;9m[48;2;201;164;91m▤[0m[38;2;250;240;14m[48;2;210;162;103m▤[0m[38;2;250;218;22m[48;2;207;171;108m▤[0m[38;2;2;194;31m[48;2;190;187;106m▤[0m[38;2;15;171;39m[48;2;161;209;98m▤[0m[38;2;34;155;44m[48;2;123;232;83m▤[0m[38;2;56;148;45m[48;2;79;251;62m▤[0m[38;2;79;152;41m[48;2;35;11;39m▤[0m[38;2;103;165;36m[48;2;251;20;15m▤[0m[38;2;126;184;29m[48;2;221;25;246m▤[0m[38;2;148;209;23m[48;2;202;28;225m▤[0m[38;2;169;236;20m[48;2;197;31;207m▤[0m[38;2;189;7;20m[48;2;205;38;193m▤[0m[38;2;209;30;23m[48;2;224;50;183m▤[0m[38;2;231;50;25m[48;2;253;66;178m▤[0m[38;2;0;65;26m[48;2;33;84;176m▤[0m[38;2;25;74;23m[48;2;73;103;176m▤[0m[38;2;49;77;15m[48;2;114;118;177m▤[0m[38;2;70;74;4m[48;2;154;127;179m▤[0m[38;2;87;66;244m[48;2;193;129;182m▤[0m[38;2;98;57;225m[48;2;228;121;185m▤[0m[38;2;104;48;207m[48;2;3;106;187m▤[0m[38;2;104;39;189m[48;2;30;85;186m▤[0m[38;2;98;33;172m[48;2;50;64;180m▤[0m[38;2;87;31;158m[48;2;64;43;168m▤[0m[38;2;72;33;147m[48;2;72;27;150m▤[0m[38;2;57;37;139m[48;2;76;15;126m▤[0m[38;2;41;40;136m[48;2;77;10;100m▤[0m[38;2;23;41;138m[48;2;76;8;72m▤[0m[38;2;3;37;144m[48;2;74;10;46m▤[0m[38;2;238;25;153m[48;2;71;16;22m▤[0m[38;2;220;4;163m[48;2;67;22;1m▤[0m[38;2;204;233;173m[48;2;63;27;239m▤[0m[38;2;188;204;183m[48;2;58;31;224m▤[0m[38;2;175;175;192m[48;2;52;35;211m▤[0m[38;2;165;152;196m[48;2;45;41;198m▤[0m[38;2;159;138;195m[48;2;39;49;183m▤[0m[38;2;159;135;189m[48;2;34;60;171m▤[0m[38;2;164;144;178m[48;2;32;72;161m▤[0m[38;2;174;163;162m[48;2;32;85;154m▤[0m[38;2;188;190;139m[48;2;32;97;154m▤[0m[38;2;204;225;110m[48;2;31;105;162m▤[0m[38;2;222;6;79m[48;2;28;107;178m▤[0m[38;2;241;39;44m[48;2;22;103;203m▤[0m[38;2;1;67;10m[48;2;13;88;232m▤[0m
[38;2;11;86;230m[48;2;254;64;9m▤[0m[38;2;19;99;200m[48;2;238;35;42m▤[0m[38;2;24;103;176m[48;2;219;2;77m▤[0m[38;2;27;100;160m[48;2;201;221;108m▤[0m[38;2;28;92;152m[48;2;184;187;136m▤[0m[38;2;27;80;152m[48;2;170;159;159m▤[0m[38;2;27;68;159m[48;2;160;141;175m▤[0m[38;2;29;55;169m[48;2;156;133;186m▤[0m[38;2;34;44;181m[48;2;156;136;191m▤[0m[38;2;42;36;195m[48;2;161;149;192m▤[0m[38;2;49;30;208m[48;2;171;172;188m▤[0m[38;2;55;27;220m[48;2;185;201;179m▤[0m[38;2;60;23;235m[48;2;201;230;169m▤[0m[38;2;64;18;252m[48;2;217;0;159m▤[0m[38;2;68;11;18m[48;2;234;21;148m▤[0m[38;2;70;6;43m[48;2;254;33;140m▤[0m[38;2;72;4;69m[48;2;19;37;135m▤[0m[38;2;73;6;97m[48;2;37;36;134m▤[0m[38;2;72;11;123m[48;2;54;33;136m▤[0m[38;2;68;23;146m[48;2;69;29;143m▤[0m[38;2;60;40;164m[48;2;82;27;154m▤[0m[38;2;46;60;176m[48;2;94;29;168m▤[0m[38;2;25;81;182m[48;2;100;35;186m▤[0m[38;2;254;102;182m[48;2;100;44;204m▤[0m[38;2;224;116;181m[48;2;94;54;222m▤[0m[38;2;189;124;178m[48;2;82;63;240m▤[0m[38;2;151;122;176m[48;2;65;70;0m▤[0m[38;2;111;113;174m[48;2;44;73;11m▤[0m[38;2;69;98;173m[48;2;21;70;18m▤[0m[38;2;30;80;172m[48;2;251;61;21m▤[0m[38;2;250;61;173m[48;2;228;46;21m▤[0m[38;2;221;46;179m[48;2;206;26;18m▤[0m[38;2;203;35;189m[48;2;186;3;16m▤[0m[38;2;194;28;203m[48;2;166;232;16m▤[0m[38;2;200;24;222m[48;2;145;206;19m▤[0m[38;2;219;22;243m[48;2;123;181;25m▤[0m[38;2;249;16;11m[48;2;100;162;32m▤[0m[38;2;33;7;36m[48;2;76;149;37m▤[0m[38;2;76;247;58m[48;2;53;145;40m▤[0m[38;2;120;228;79m[48;2;31;152;39m▤[0m[38;2;158;205;94m[48;2;12;169;34m▤[0m[38;2;186;183;102m[48;2;254;191;27m▤[0m[38;2;202;167;103m[48;2;246;215;17m▤[0m[38;2;205;159;98m[48;2;246;236;10m▤[0m[38;2;196;161;87m[48;2;1;252;5m▤[0m[38;2;174;175;70m[48;2;21;3;4m▤[0m[38;2;145;194;52m[48;2;47;253;9m▤[0m[38;2;113;217;34m[48;2;79;238;20m▤[0m[38;2;77;236;18m[48;2;112;215;32m▤[0m[38;2;44;250;7m[48;2;144;192;50m▤[0m[38;2;19;254;2m[48;2;172;172;67m▤[0m[38;2;1;248;3m[48;2;193;159;83m▤[0m[38;2;246;232;7m[48;2;202;157;94m▤[0m[38;2;246;211;15m[48;2;198;166;99m▤[0m[38;2;253;188;24m[48;2;182;181;98m▤[0m[38;2;10;166;31m[48;2;153;203;90m▤[0m[38;2;29;150;36m[48;2;116;225;75m▤[0m[38;2;51;143;37m[48;2;73;244;54m▤[0m[38;2;73;147;34m[48;2;30;3;32m▤[0m[38;2;97;160;29m[48;2;247;12;8m▤[0m[38;2;120;179;22m[48;2;217;18;240m▤[0m[38;2;142;203;16m[48;2;199;21;219m▤[0m[38;2;163;229;13m[48;2;194;25;201m▤[0m[38;2;183;0;13m[48;2;202;32;187m▤[0m[38;2;203;23;16m[48;2;220;43;177m▤[0m[38;2;225;42;18m[48;2;249;59;172m▤[0m[38;2;248;57;18m[48;2;28;77;170m▤[0m[38;2;18;66;15m[48;2;67;95;170m▤[0m[38;2;41;69;7m[48;2;108;109;171m▤[0m[38;2;62;66;251m[48;2;148;118;173m▤[0m[38;2;79;59;236m[48;2;186;120;176m▤[0m[38;2;90;50;218m[48;2;221;112;178m▤[0m[38;2;96;41;200m[48;2;251;98;180m▤[0m[38;2;96;32;183m[48;2;22;78;179m▤[0m[38;2;90;26;166m[48;2;42;57;173m▤[0m[38;2;79;24;152m[48;2;56;37;161m▤[0m[38;2;65;26;141m[48;2;64;21;143m▤[0m[38;2;50;30;134m[48;2;68;9;120m▤[0m[38;2;34;33;131m[48;2;69;4;94m▤[0m[38;2;16;33;133m[48;2;68;2;66m▤[0m[38;2;251;29;138m[48;2;66;4;41m▤[0m[38;2;231;17;147m[48;2;64;9;17m▤[0m[38;2;214;251;157m[48;2;60;15;251m▤[0m[38;2;198;226;167m[48;2;56;20;234m▤[0m[38;2;182;197;176m[48;2;51;24;219m▤[0m[38;2;169;169;185m[48;2;45;28;206m▤[0m[38;2;159;147;189m[48;2;38;34;193m▤[0m[38;2;154;134;188m[48;2;32;42;179m▤[0m[38;2;154;131;182m[48;2;27;53;167m▤[0m[38;2;158;139;171m[48;2;25;65;157m▤[0m[38;2;168;158;155m[48;2;25;77;150m▤[0m[38;2;182;185;132m[48;2;25;89;150m▤[0m[38;2;198;219;104m[48;2;24;97;158m▤[0m[38;2;216;254;73m[48;2;21;99;174m▤[0m[38;2;234;31;39m[48;2;15;94;199m▤[0m[38;2;249;59;5m[48;2;6;79;227m▤[0m
[38;2;4;77;225m[48;2;247;56;4m▤[0m[38;2;12;90;196m[48;2;231;27;37m▤[0m[38;2;17;94;172m[48;2;212;250;71m▤[0m[38;2;20;92;156m[48;2;195;215;102m▤[0m[38;2;21;84;148m[48;2;178;182;129m▤[0m[38;2;20;73;148m[48;2;164;154;152m▤[0m[38;2;20;61;155m[48;2;155;136;168m▤[0m[38;2;23;48;165m[48;2;151;129;179m▤[0m[38;2;28;37;177m[48;2;151;132;184m▤[0m[38;2;35;29;190m[48;2;156;144;185m▤[0m[38;2;42;24;203m[48;2;165;167;181m▤[0m[38;2;48;20;215m[48;2;179;195;172m▤[0m[38;2;53;16;230m[48;2;195;223;163m▤[0m[38;2;57;11;247m[48;2;211;248;153m▤[0m[38;2;60;4;13m[48;2;228;13;142m▤[0m[38;2;63;0;38m[48;2;247;25;134m▤[0m[38;2;65;253;64m[48;2;12;29;130m▤[0m[38;2;65;0;91m[48;2;30;29;128m▤[0m[38;2;64;5;117m[48;2;47;26;131m▤[0m[38;2;60;17;139m[48;2;61;22;138m▤[0m[38;2;52;33;157m[48;2;75;21;148m▤[0m[38;2;38;53;169m[48;2;86;23;162m▤[0m[38;2;17;74;175m[48;2;92;29;180m▤[0m[38;2;247;94;176m[48;2;92;37;197m▤[0m[38;2;217;108;174m[48;2;86;47;215m▤[0m[38;2;182;115;172m[48;2;74;55;233m▤[0m[38;2;144;113;170m[48;2;57;62;248m▤[0m[38;2;105;104;168m[48;2;37;65;4m▤[0m[38;2;64;90;167m[48;2;14;62;11m▤[0m[38;2;25;73;166m[48;2;244;53;14m▤[0m[38;2;246;54;168m[48;2;221;38;14m▤[0m[38;2;218;39;173m[48;2;200;19;11m▤[0m[38;2;200;29;183m[48;2;180;251;9m▤[0m[38;2;191;22;197m[48;2;160;225;9m▤[0m[38;2;197;17;216m[48;2;139;200;12m▤[0m[38;2;216;14;237m[48;2;117;176;18m▤[0m[38;2;245;8;4m[48;2;94;157;25m▤[0m[38;2;28;254;29m[48;2;70;144;30m▤[0m[38;2;70;240;51m[48;2;48;140;32m▤[0m[38;2;113;221;71m[48;2;26;147;31m▤[0m[38;2;150;199;86m[48;2;8;163;27m▤[0m[38;2;178;178;94m[48;2;250;185;20m▤[0m[38;2;194;162;95m[48;2;242;208;11m▤[0m[38;2;197;154;90m[48;2;242;229;4m▤[0m[38;2;188;157;79m[48;2;252;244;254m▤[0m[38;2;167;170;63m[48;2;17;250;253m▤[0m[38;2;139;188;45m[48;2;42;245;3m▤[0m[38;2;107;210;27m[48;2;74;230;13m▤[0m[38;2;72;228;11m[48;2;106;208;26m▤[0m[38;2;40;242;1m[48;2;137;186;43m▤[0m[38;2;15;246;251m[48;2;164;167;60m▤[0m[38;2;252;240;252m[48;2;185;154;75m▤[0m[38;2;242;225;1m[48;2;193;152;86m▤[0m[38;2;242;204;8m[48;2;190;160;91m▤[0m[38;2;248;182;17m[48;2;174;176;90m▤[0m[38;2;6;160;24m[48;2;146;197;82m▤[0m[38;2;24;145;28m[48;2;109;218;67m▤[0m[38;2;45;138;29m[48;2;67;236;47m▤[0m[38;2;67;142;27m[48;2;25;250;25m▤[0m[38;2;91;155;22m[48;2;243;4;1m▤[0m[38;2;114;173;15m[48;2;214;10;234m▤[0m[38;2;136;197;9m[48;2;196;14;213m▤[0m[38;2;157;222;6m[48;2;191;18;195m▤[0m[38;2;177;248;6m[48;2;199;26;181m▤[0m[38;2;197;15;9m[48;2;217;37;171m▤[0m[38;2;218;34;11m[48;2;245;52;166m▤[0m[38;2;241;49;11m[48;2;23;70;164m▤[0m[38;2;11;58;7m[48;2;62;87;164m▤[0m[38;2;34;61;0m[48;2;102;101;165m▤[0m[38;2;54;58;244m[48;2;141;109;167m▤[0m[38;2;71;51;229m[48;2;179;111;169m▤[0m[38;2;82;43;211m[48;2;214;104;171m▤[0m[38;2;88;34;194m[48;2;244;90;173m▤[0m[38;2;88;25;177m[48;2;14;70;172m▤[0m[38;2;82;20;160m[48;2;34;50;166m▤[0m[38;2;71;18;146m[48;2;48;30;154m▤[0m[38;2;57;19;135m[48;2;56;14;136m▤[0m[38;2;43;23;128m[48;2;60;3;113m▤[0m[38;2;27;26;126m[48;2;61;253;88m▤[0m[38;2;9;25;127m[48;2;61;251;61m▤[0m[38;2;244;21;132m[48;2;59;253;36m▤[0m[38;2;225;9;141m[48;2;56;2;12m▤[0m[38;2;208;244;151m[48;2;53;8;246m▤[0m[38;2;192;219;160m[48;2;49;13;229m▤[0m[38;2;176;191;169m[48;2;44;17;214m▤[0m[38;2;163;164;178m[48;2;38;21;201m▤[0m[38;2;153;142;182m[48;2;31;27;188m▤[0m[38;2;148;129;181m[48;2;25;35;174m▤[0m[38;2;148;127;175m[48;2;20;46;163m▤[0m[38;2;153;134;164m[48;2;18;58;153m▤[0m[38;2;162;153;148m[48;2;18;70;146m▤[0m[38;2;176;180;125m[48;2;18;81;146m▤[0m[38;2;192;213;98m[48;2;17;89;154m▤[0m[38;2;209;247;67m[48;2;14;90;170m▤[0m[38;2;227;23;34m[48;2;8;85;194m▤[0m[38;2;242;51;0m[48;2;254;71;222m▤[0m
[38;2;252;69;221m[48;2;240;48;254m▤[0m[38;2;5;81;192m[48;2;224;19;32m▤[0m[38;2;10;86;168m[48;2;206;243;65m▤[0m[38;2;13;84;152m[48;2;189;209;95m▤[0m[38;2;14;76;144m[48;2;172;176;122m▤[0m[38;2;13;66;144m[48;2;159;149;145m▤[0m[38;2;14;54;151m[48;2;150;132;161m▤[0m[38;2;16;41;161m[48;2;145;125;172m▤[0m[38;2;21;30;172m[48;2;145;127;177m▤[0m[38;2;28;23;185m[48;2;150;139;178m▤[0m[38;2;35;17;198m[48;2;159;161;174m▤[0m[38;2;41;13;211m[48;2;173;188;166m▤[0m[38;2;46;9;225m[48;2;189;216;157m▤[0m[38;2;50;4;242m[48;2;205;240;147m▤[0m[38;2;53;253;8m[48;2;222;5;136m▤[0m[38;2;56;249;33m[48;2;240;17;129m▤[0m[38;2;57;247;59m[48;2;5;21;124m▤[0m[38;2;57;249;85m[48;2;23;22;123m▤[0m[38;2;56;254;110m[48;2;39;19;126m▤[0m[38;2;52;11;132m[48;2;54;15;132m▤[0m[38;2;44;27;150m[48;2;67;14;142m▤[0m[38;2;30;46;162m[48;2;78;17;156m▤[0m[38;2;9;67;168m[48;2;84;22;174m▤[0m[38;2;239;86;169m[48;2;84;30;191m▤[0m[38;2;210;100;168m[48;2;78;40;208m▤[0m[38;2;175;106;166m[48;2;66;48;226m▤[0m[38;2;138;104;164m[48;2;49;54;241m▤[0m[38;2;99;96;162m[48;2;29;57;252m▤[0m[38;2;59;82;161m[48;2;7;54;4m▤[0m[38;2;20;65;160m[48;2;237;45;7m▤[0m[38;2;242;47;162m[48;2;215;30;7m▤[0m[38;2;214;33;167m[48;2;194;11;4m▤[0m[38;2;196;23;177m[48;2;174;244;2m▤[0m[38;2;188;15;191m[48;2;154;218;3m▤[0m[38;2;194;10;210m[48;2;133;194;6m▤[0m[38;2;213;7;231m[48;2;111;170;11m▤[0m[38;2;241;1;253m[48;2;88;152;18m▤[0m[38;2;23;246;22m[48;2;64;139;23m▤[0m[38;2;64;232;44m[48;2;42;135;25m▤[0m[38;2;106;214;63m[48;2;21;142;24m▤[0m[38;2;142;193;78m[48;2;3;158;20m▤[0m[38;2;170;172;86m[48;2;245;179;13m▤[0m[38;2;186;157;87m[48;2;238;201;4m▤[0m[38;2;189;149;82m[48;2;239;221;252m▤[0m[38;2;180;152;71m[48;2;249;236;248m▤[0m[38;2;160;164;55m[48;2;13;242;247m▤[0m[38;2;132;182;38m[48;2;38;237;252m▤[0m[38;2;101;203;21m[48;2;69;222;7m▤[0m[38;2;67;220;5m[48;2;100;201;19m▤[0m[38;2;35;234;250m[48;2;130;180;36m▤[0m[38;2;11;238;245m[48;2;157;161;52m▤[0m[38;2;248;232;246m[48;2;177;149;67m▤[0m[38;2;238;217;250m[48;2;185;147;78m▤[0m[38;2;238;197;1m[48;2;182;155;83m▤[0m[38;2;244;176;10m[48;2;166;170;82m▤[0m[38;2;1;155;17m[48;2;138;190;74m▤[0m[38;2;19;140;21m[48;2;102;211;59m▤[0m[38;2;40;133;22m[48;2;61;229;40m▤[0m[38;2;62;137;20m[48;2;20;242;18m▤[0m[38;2;85;150;15m[48;2;239;252;249m▤[0m[38;2;108;168;8m[48;2;211;3;227m▤[0m[38;2;130;191;3m[48;2;193;7;207m▤[0m[38;2;151;215;0m[48;2;188;12;189m▤[0m[38;2;171;241;0m[48;2;195;20;175m▤[0m[38;2;191;8;2m[48;2;213;30;165m▤[0m[38;2;212;26;4m[48;2;240;45;160m▤[0m[38;2;234;41;4m[48;2;18;62;158m▤[0m[38;2;4;50;0m[48;2;57;79;158m▤[0m[38;2;26;53;248m[48;2;96;93;159m▤[0m[38;2;46;50;237m[48;2;135;101;161m▤[0m[38;2;63;44;222m[48;2;172;102;163m▤[0m[38;2;74;36;205m[48;2;207;95;165m▤[0m[38;2;80;27;188m[48;2;236;82;166m▤[0m[38;2;80;19;171m[48;2;6;63;165m▤[0m[38;2;74;14;154m[48;2;26;43;159m▤[0m[38;2;63;11;140m[48;2;40;24;147m▤[0m[38;2;50;12;129m[48;2;48;8;129m▤[0m[38;2;36;16;123m[48;2;52;252;107m▤[0m[38;2;20;18;120m[48;2;54;247;82m▤[0m[38;2;2;17;121m[48;2;54;245;56m▤[0m[38;2;237;13;126m[48;2;52;246;31m▤[0m[38;2;219;1;135m[48;2;49;250;7m▤[0m[38;2;202;236;145m[48;2;46;1;241m▤[0m[38;2;186;212;154m[48;2;42;6;224m▤[0m[38;2;170;185;163m[48;2;37;10;209m▤[0m[38;2;157;158;171m[48;2;31;14;196m▤[0m[38;2;147;137;175m[48;2;24;20;183m▤[0m[38;2;142;125;174m[48;2;18;28;170m▤[0m[38;2;142;122;168m[48;2;13;39;159m▤[0m[38;2;147;130;157m[48;2;11;51;149m▤[0m[38;2;156;148;141m[48;2;11;63;142m▤[0m[38;2;170;174;118m[48;2;11;73;142m▤[0m[38;2;186;207;91m[48;2;10;80;150m▤[0m[38;2;203;240;61m[48;2;7;82;166m▤[0m[38;2;220;16;28m[48;2;1;76;190m▤[0m[38;2;235;43;250m[48;2;247;63;218m▤[0m
[38;2;245;61;216m[48;2;233;40;249m▤[0m[38;2;253;73;188m[48;2;217;12;26m▤[0m[38;2;3;78;164m[48;2;200;236;59m▤[0m[38;2;6;76;148m[48;2;183;203;89m▤[0m[38;2;7;68;140m[48;2;166;171;115m▤[0m[38;2;6;58;140m[48;2;153;144;138m▤[0m[38;2;7;47;147m[48;2;144;127;154m▤[0m[38;2;9;34;157m[48;2;139;120;165m▤[0m[38;2;14;24;168m[48;2;139;122;170m▤[0m[38;2;21;16;180m[48;2;144;134;171m▤[0m[38;2;28;10;193m[48;2;154;156;167m▤[0m[38;2;34;6;206m[48;2;167;182;159m▤[0m[38;2;39;2;220m[48;2;183;209;151m▤[0m[38;2;43;252;238m[48;2;199;233;141m▤[0m[38;2;46;246;4m[48;2;216;252;131m▤[0m[38;2;49;242;28m[48;2;234;9;123m▤[0m[38;2;50;241;53m[48;2;253;13;118m▤[0m[38;2;50;243;79m[48;2;16;14;117m▤[0m[38;2;48;248;104m[48;2;32;12;120m▤[0m[38;2;44;5;125m[48;2;47;8;126m▤[0m[38;2;36;21;143m[48;2;59;8;136m▤[0m[38;2;22;39;155m[48;2;70;10;150m▤[0m[38;2;2;59;161m[48;2;76;15;168m▤[0m[38;2;232;78;162m[48;2;76;23;185m▤[0m[38;2;203;91;161m[48;2;70;33;202m▤[0m[38;2;168;97;160m[48;2;58;41;219m▤[0m[38;2;132;96;158m[48;2;41;46;234m▤[0m[38;2;93;88;156m[48;2;22;49;245m▤[0m[38;2;54;74;155m[48;2;0;46;252m▤[0m[38;2;15;58;154m[48;2;231;37;0m▤[0m[38;2;238;41;156m[48;2;209;22;0m▤[0m[38;2;211;27;161m[48;2;188;4;252m▤[0m[38;2;193;16;171m[48;2;168;237;251m▤[0m[38;2;185;8;185m[48;2;148;212;252m▤[0m[38;2;191;3;204m[48;2;127;188;0m▤[0m[38;2;209;0;224m[48;2;105;165;4m▤[0m[38;2;237;249;246m[48;2;82;147;11m▤[0m[38;2;18;239;15m[48;2;59;134;16m▤[0m[38;2;59;225;36m[48;2;37;131;18m▤[0m[38;2;99;207;55m[48;2;16;137;17m▤[0m[38;2;135;186;70m[48;2;253;153;13m▤[0m[38;2;162;166;78m[48;2;241;173;6m▤[0m[38;2;178;152;79m[48;2;234;194;252m▤[0m[38;2;181;144;74m[48;2;235;214;246m▤[0m[38;2;172;147;63m[48;2;245;228;242m▤[0m[38;2;153;159;48m[48;2;9;234;241m▤[0m[38;2;126;176;31m[48;2;33;229;246m▤[0m[38;2;95;196;14m[48;2;63;215;1m▤[0m[38;2;61;213;254m[48;2;94;194;13m▤[0m[38;2;31;226;244m[48;2;123;174;29m▤[0m[38;2;7;230;239m[48;2;150;156;45m▤[0m[38;2;244;224;240m[48;2;169;144;59m▤[0m[38;2;234;210;243m[48;2;177;142;70m▤[0m[38;2;234;190;249m[48;2;174;150;75m▤[0m[38;2;240;170;3m[48;2;158;164;74m▤[0m[38;2;252;150;10m[48;2;131;184;66m▤[0m[38;2;14;135;14m[48;2;95;204;51m▤[0m[38;2;35;129;15m[48;2;55;222;32m▤[0m[38;2;57;132;13m[48;2;15;235;11m▤[0m[38;2;79;145;8m[48;2;235;245;242m▤[0m[38;2;102;162;1m[48;2;207;251;221m▤[0m[38;2;124;185;251m[48;2;190;0;201m▤[0m[38;2;145;209;249m[48;2;185;5;183m▤[0m[38;2;165;234;248m[48;2;192;13;169m▤[0m[38;2;185;1;250m[48;2;209;24;159m▤[0m[38;2;206;19;252m[48;2;236;38;154m▤[0m[38;2;228;33;252m[48;2;13;55;152m▤[0m[38;2;252;42;248m[48;2;51;71;152m▤[0m[38;2;19;45;241m[48;2;90;85;153m▤[0m[38;2;38;42;230m[48;2;129;92;155m▤[0m[38;2;55;37;215m[48;2;165;93;157m▤[0m[38;2;66;29;198m[48;2;200;87;159m▤[0m[38;2;72;20;182m[48;2;229;74;159m▤[0m[38;2;72;12;165m[48;2;253;55;158m▤[0m[38;2;66;7;148m[48;2;18;36;152m▤[0m[38;2;55;5;134m[48;2;32;17;140m▤[0m[38;2;43;5;124m[48;2;40;2;122m▤[0m[38;2;29;9;117m[48;2;44;246;101m▤[0m[38;2;13;11;114m[48;2;46;241;76m▤[0m[38;2;250;10;115m[48;2;46;239;50m▤[0m[38;2;231;5;120m[48;2;45;240;26m▤[0m[38;2;213;248;129m[48;2;42;243;2m▤[0m[38;2;196;229;139m[48;2;39;249;236m▤[0m[38;2;180;205;148m[48;2;35;254;219m▤[0m[38;2;164;179;157m[48;2;30;3;204m▤[0m[38;2;151;153;164m[48;2;24;7;191m▤[0m[38;2;141;132;168m[48;2;17;13;178m▤[0m[38;2;136;120;167m[48;2;11;21;165m▤[0m[38;2;136;118;161m[48;2;6;32;154m▤[0m[38;2;141;125;150m[48;2;4;44;145m▤[0m[38;2;150;143;134m[48;2;4;55;138m▤[0m[38;2;164;169;111m[48;2;4;65;139m▤[0m[38;2;180;201;85m[48;2;3;72;147m▤[0m[38;2;197;233;55m[48;2;0;74;163m▤[0m[38;2;213;8;23m[48;2;249;68;186m▤[0m[38;2;228;35;245m[48;2;240;55;214m▤[0m
[38;2;238;53;212m[48;2;226;32;244m▤[0m[38;2;246;65;184m[48;2;210;4;21m▤[0m[38;2;251;70;161m[48;2;193;229;53m▤[0m[38;2;254;68;145m[48;2;177;197;83m▤[0m[38;2;0;60;137m[48;2;160;165;109m▤[0m[38;2;0;51;137m[48;2;147;139;131m▤[0m[38;2;0;40;143m[48;2;138;122;147m▤[0m[38;2;3;28;152m[48;2;134;115;158m▤[0m[38;2;7;17;163m[48;2;134;117;163m▤[0m[38;2;14;9;175m[48;2;139;129;164m▤[0m[38;2;21;3;188m[48;2;148;150;160m▤[0m[38;2;27;254;201m[48;2;161;176;153m▤[0m[38;2;32;250;216m[48;2;177;202;145m▤[0m[38;2;36;245;233m[48;2;193;226;135m▤[0m[38;2;39;239;254m[48;2;210;244;125m▤[0m[38;2;42;236;23m[48;2;228;1;117m▤[0m[38;2;43;235;48m[48;2;246;6;112m▤[0m[38;2;43;237;73m[48;2;9;7;111m▤[0m[38;2;41;242;98m[48;2;25;5;114m▤[0m[38;2;36;254;119m[48;2;39;2;121m▤[0m[38;2;28;14;136m[48;2;52;2;131m▤[0m[38;2;14;32;148m[48;2;62;4;145m▤[0m[38;2;249;52;154m[48;2;68;9;162m▤[0m[38;2;225;70;155m[48;2;68;16;179m▤[0m[38;2;196;83;155m[48;2;62;26;195m▤[0m[38;2;161;89;154m[48;2;50;33;212m▤[0m[38;2;125;88;152m[48;2;34;38;227m▤[0m[38;2;87;80;150m[48;2;15;41;238m▤[0m[38;2;48;66;149m[48;2;248;38;245m▤[0m[38;2;10;51;148m[48;2;225;29;248m▤[0m[38;2;234;34;150m[48;2;203;15;248m▤[0m[38;2;207;20;156m[48;2;182;252;246m▤[0m[38;2;190;9;165m[48;2;162;230;245m▤[0m[38;2;182;2;179m[48;2;142;206;246m▤[0m[38;2;188;252;198m[48;2;121;182;248m▤[0m[38;2;206;248;218m[48;2;99;159;253m▤[0m[38;2;233;242;239m[48;2;76;142;4m▤[0m[38;2;13;232;8m[48;2;54;129;9m▤[0m[38;2;53;218;29m[48;2;32;126;11m▤[0m[38;2;92;200;47m[48;2;11;132;10m▤[0m[38;2;128;180;62m[48;2;249;147;6m▤[0m[38;2;154;161;70m[48;2;237;167;254m▤[0m[38;2;170;147;71m[48;2;230;187;246m▤[0m[38;2;173;139;66m[48;2;231;207;240m▤[0m[38;2;164;142;55m[48;2;241;220;236m▤[0m[38;2;146;154;41m[48;2;5;226;235m▤[0m[38;2;119;170;24m[48;2;29;221;240m▤[0m[38;2;89;189;8m[48;2;58;208;250m▤[0m[38;2;56;206;248m[48;2;88;187;6m▤[0m[38;2;26;218;238m[48;2;117;168;22m▤[0m[38;2;3;222;233m[48;2;143;151;38m▤[0m[38;2;240;216;234m[48;2;161;139;51m▤[0m[38;2;230;203;237m[48;2;169;137;62m▤[0m[38;2;230;184;243m[48;2;166;145;67m▤[0m[38;2;236;164;251m[48;2;150;159;66m▤[0m[38;2;247;144;3m[48;2;124;178;58m▤[0m[38;2;9;130;7m[48;2;88;197;43m▤[0m[38;2;30;124;8m[48;2;49;215;25m▤[0m[38;2;51;127;6m[48;2;10;228;4m▤[0m[38;2;73;139;1m[48;2;231;238;236m▤[0m[38;2;96;157;249m[48;2;204;244;215m▤[0m[38;2;118;179;245m[48;2;187;248;195m▤[0m[38;2;139;203;242m[48;2;182;254;177m▤[0m[38;2;159;227;242m[48;2;189;6;163m▤[0m[38;2;179;249;243m[48;2;206;17;153m▤[0m[38;2;200;11;245m[48;2;232;31;148m▤[0m[38;2;222;25;245m[48;2;9;48;146m▤[0m[38;2;245;34;241m[48;2;46;63;146m▤[0m[38;2;12;37;234m[48;2;84;77;147m▤[0m[38;2;31;34;223m[48;2;122;84;149m▤[0m[38;2;47;29;208m[48;2;158;85;151m▤[0m[38;2;58;22;192m[48;2;193;79;152m▤[0m[38;2;64;13;176m[48;2;222;66;152m▤[0m[38;2;64;5;159m[48;2;246;48;151m▤[0m[38;2;58;1;142m[48;2;10;29;145m▤[0m[38;2;48;254;128m[48;2;24;11;133m▤[0m[38;2;36;254;118m[48;2;32;251;115m▤[0m[38;2;22;2;111m[48;2;37;240;94m▤[0m[38;2;6;4;109m[48;2;39;235;70m▤[0m[38;2;243;3;110m[48;2;39;233;45m▤[0m[38;2;224;252;115m[48;2;38;234;21m▤[0m[38;2;207;240;123m[48;2;35;237;252m▤[0m[38;2;190;222;133m[48;2;32;242;231m▤[0m[38;2;174;198;142m[48;2;28;247;214m▤[0m[38;2;158;173;150m[48;2;23;251;199m▤[0m[38;2;145;147;157m[48;2;17;0;186m▤[0m[38;2;136;127;161m[48;2;10;6;173m▤[0m[38;2;131;115;160m[48;2;4;14;161m▤[0m[38;2;131;113;154m[48;2;0;25;150m▤[0m[38;2;135;120;143m[48;2;252;37;141m▤[0m[38;2;144;138;127m[48;2;252;48;135m▤[0m[38;2;158;163;105m[48;2;252;57;136m▤[0m[38;2;174;194;79m[48;2;251;64;144m▤[0m[38;2;190;226;49m[48;2;248;66;159m▤[0m[38;2;206;1;17m[48;2;242;60;182m▤[0m[38;2;221;27;240m[48;2;233;47;209m▤[0m
[38;2;231;45;208m[48;2;219;24;239m▤[0m[38;2;239;57;180m[48;2;203;252;15m▤[0m[38;2;244;62;157m[48;2;187;222;47m▤[0m[38;2;247;60;142m[48;2;171;190;77m▤[0m[38;2;248;53;134m[48;2;154;159;102m▤[0m[38;2;248;44;133m[48;2;141;134;124m▤[0m[38;2;249;33;139m[48;2;133;117;140m▤[0m[38;2;251;21;148m[48;2;129;110;151m▤[0m[38;2;1;10;159m[48;2;129;112;156m▤[0m[38;2;7;2;170m[48;2;134;124;157m▤[0m[38;2;14;251;183m[48;2;142;145;153m▤[0m[38;2;20;247;196m[48;2;155;170;147m▤[0m[38;2;25;243;211m[48;2;171;195;139m▤[0m[38;2;29;238;228m[48;2;187;218;129m▤[0m[38;2;32;233;249m[48;2;204;236;119m▤[0m[38;2;35;230;18m[48;2;221;248;111m▤[0m[38;2;36;229;42m[48;2;239;254;107m▤[0m[38;2;36;231;67m[48;2;2;0;106m▤[0m[38;2;33;236;91m[48;2;18;253;109m▤[0m[38;2;28;248;112m[48;2;32;251;115m▤[0m[38;2;20;8;129m[48;2;44;251;125m▤[0m[38;2;6;25;141m[48;2;54;253;139m▤[0m[38;2;242;45;147m[48;2;60;2;156m▤[0m[38;2;218;62;149m[48;2;60;9;173m▤[0m[38;2;189;75;149m[48;2;54;19;189m▤[0m[38;2;155;81;148m[48;2;42;26;205m▤[0m[38;2;119;80;146m[48;2;27;31;220m▤[0m[38;2;81;72;144m[48;2;8;33;231m▤[0m[38;2;43;59;143m[48;2;241;30;238m▤[0m[38;2;6;44;142m[48;2;218;21;241m▤[0m[38;2;230;27;144m[48;2;197;7;241m▤[0m[38;2;204;13;150m[48;2;176;245;239m▤[0m[38;2;187;3;159m[48;2;156;223;238m▤[0m[38;2;179;251;173m[48;2;136;199;239m▤[0m[38;2;185;245;192m[48;2;115;176;242m▤[0m[38;2;202;241;212m[48;2;93;154;246m▤[0m[38;2;229;235;233m[48;2;70;136;252m▤[0m[38;2;8;225;1m[48;2;48;124;2m▤[0m[38;2;47;211;22m[48;2;27;121;4m▤[0m[38;2;86;193;39m[48;2;6;127;3m▤[0m[38;2;121;174;54m[48;2;244;142;254m▤[0m[38;2;146;156;62m[48;2;233;161;247m▤[0m[38;2;162;142;63m[48;2;226;181;239m▤[0m[38;2;165;134;58m[48;2;227;200;234m▤[0m[38;2;156;137;47m[48;2;237;212;230m▤[0m[38;2;138;148;33m[48;2;1;218;229m▤[0m[38;2;112;164;17m[48;2;24;213;234m▤[0m[38;2;83;183;1m[48;2;53;200;244m▤[0m[38;2;51;199;242m[48;2;82;181;0m▤[0m[38;2;22;210;232m[48;2;110;162;15m▤[0m[38;2;254;214;227m[48;2;135;145;30m▤[0m[38;2;236;208;228m[48;2;153;134;43m▤[0m[38;2;226;196;231m[48;2;161;132;54m▤[0m[38;2;226;177;236m[48;2;158;140;59m▤[0m[38;2;232;158;244m[48;2;142;154;58m▤[0m[38;2;243;139;251m[48;2;116;172;50m▤[0m[38;2;4;125;0m[48;2;82;190;35m▤[0m[38;2;25;119;1m[48;2;43;208;18m▤[0m[38;2;46;122;254m[48;2;5;221;252m▤[0m[38;2;67;134;249m[48;2;227;231;230m▤[0m[38;2;90;151;243m[48;2;200;237;209m▤[0m[38;2;112;173;238m[48;2;184;241;189m▤[0m[38;2;133;196;236m[48;2;179;247;171m▤[0m[38;2;153;220;235m[48;2;186;0;157m▤[0m[38;2;173;241;236m[48;2;202;10;147m▤[0m[38;2;194;4;238m[48;2;228;24;142m▤[0m[38;2;215;17;238m[48;2;4;41;140m▤[0m[38;2;238;26;234m[48;2;41;56;140m▤[0m[38;2;5;29;227m[48;2;78;69;141m▤[0m[38;2;24;27;216m[48;2;116;76;143m▤[0m[38;2;39;22;201m[48;2;152;77;145m▤[0m[38;2;50;15;185m[48;2;186;71;146m▤[0m[38;2;56;6;169m[48;2;215;58;146m▤[0m[38;2;56;254;153m[48;2;238;41;144m▤[0m[38;2;50;250;136m[48;2;2;22;138m▤[0m[38;2;40;248;122m[48;2;16;4;126m▤[0m[38;2;29;248;112m[48;2;24;245;109m▤[0m[38;2;15;250;106m[48;2;29;234;88m▤[0m[38;2;254;252;104m[48;2;32;229;64m▤[0m[38;2;236;250;105m[48;2;32;227;39m▤[0m[38;2;218;244;109m[48;2;31;228;15m▤[0m[38;2;201;232;117m[48;2;28;231;247m▤[0m[38;2;184;214;127m[48;2;25;235;226m▤[0m[38;2;168;191;136m[48;2;21;240;209m▤[0m[38;2;152;166;144m[48;2;16;244;194m▤[0m[38;2;139;142;150m[48;2;10;248;181m▤[0m[38;2;131;122;154m[48;2;3;254;168m▤[0m[38;2;126;110;153m[48;2;252;7;156m▤[0m[38;2;126;108;147m[48;2;248;18;146m▤[0m[38;2;130;115;136m[48;2;246;30;137m▤[0m[38;2;139;133;120m[48;2;245;41;131m▤[0m[38;2;152;158;98m[48;2;245;50;132m▤[0m[38;2;168;188;73m[48;2;244;56;140m▤[0m[38;2;184;219;43m[48;2;241;58;155m▤[0m[38;2;199;249;12m[48;2;235;52;178m▤[0m[38;2;214;19;235m[48;2;226;39;205m▤[0m
[38;2;224;37;203m[48;2;212;16;234m▤[0m[38;2;232;49;176m[48;2;196;245;10m▤[0m[38;2;237;54;153m[48;2;181;215;41m▤[0m[38;2;240;52;138m[48;2;165;184;70m▤[0m[38;2;241;46;130m[48;2;148;154;95m▤[0m[38;2;241;37;129m[48;2;136;129;117m▤[0m[38;2;242;26;135m[48;2;128;112;133m▤[0m[38;2;245;14;144m[48;2;124;105;144m▤[0m[38;2;249;4;154m[48;2;124;108;149m▤[0m[38;2;0;251;165m[48;2;128;119;150m▤[0m[38;2;7;245;178m[48;2;136;139;146m▤[0m[38;2;13;240;191m[48;2;149;164;140m▤[0m[38;2;18;236;206m[48;2;165;188;133m▤[0m[38;2;22;231;223m[48;2;181;211;123m▤[0m[38;2;25;227;244m[48;2;198;228;113m▤[0m[38;2;28;224;13m[48;2;215;240;106m▤[0m[38;2;29;223;37m[48;2;232;246;102m▤[0m[38;2;29;225;61m[48;2;250;248;101m▤[0m[38;2;26;230;85m[48;2;11;246;104m▤[0m[38;2;21;242;106m[48;2;25;244;110m▤[0m[38;2;12;1;122m[48;2;37;244;120m▤[0m[38;2;253;18;134m[48;2;46;246;133m▤[0m[38;2;234;37;140m[48;2;52;251;150m▤[0m[38;2;211;54;142m[48;2;52;3;166m▤[0m[38;2;182;67;143m[48;2;46;12;182m▤[0m[38;2;148;73;142m[48;2;34;19;198m▤[0m[38;2;113;72;140m[48;2;19;24;213m▤[0m[38;2;75;64;138m[48;2;1;25;224m▤[0m[38;2;38;52;137m[48;2;234;22;231m▤[0m[38;2;2;37;136m[48;2;212;13;234m▤[0m[38;2;226;20;138m[48;2;191;0;234m▤[0m[38;2;200;7;144m[48;2;170;237;232m▤[0m[38;2;184;252;154m[48;2;150;216;232m▤[0m[38;2;176;244;168m[48;2;130;193;233m▤[0m[38;2;182;238;186m[48;2;109;170;235m▤[0m[38;2;199;234;206m[48;2;87;148;239m▤[0m[38;2;225;228;227m[48;2;64;131;245m▤[0m[38;2;3;218;249m[48;2;43;119;250m▤[0m[38;2;41;204;14m[48;2;22;116;252m▤[0m[38;2;80;186;31m[48;2;1;122;251m▤[0m[38;2;113;168;46m[48;2;240;136;247m▤[0m[38;2;138;150;54m[48;2;229;155;240m▤[0m[38;2;154;137;55m[48;2;222;174;233m▤[0m[38;2;157;130;50m[48;2;223;192;228m▤[0m[38;2;148;132;39m[48;2;233;204;224m▤[0m[38;2;131;143;26m[48;2;251;210;223m▤[0m[38;2;106;158;10m[48;2;19;205;228m▤[0m[38;2;77;176;250m[48;2;48;193;238m▤[0m[38;2;46;191;236m[48;2;76;174;249m▤[0m[38;2;17;202;226m[48;2;104;156;8m▤[0m[38;2;249;206;221m[48;2;128;140;23m▤[0m[38;2;232;200;222m[48;2;145;129;36m▤[0m[38;2;222;188;225m[48;2;153;127;46m▤[0m[38;2;222;170;230m[48;2;150;135;51m▤[0m[38;2;228;152;237m[48;2;134;148;50m▤[0m[38;2;239;134;244m[48;2;109;166;42m▤[0m[38;2;254;120;248m[48;2;76;184;28m▤[0m[38;2;20;114;249m[48;2;38;201;10m▤[0m[38;2;40;117;247m[48;2;0;214;245m▤[0m[38;2;61;129;242m[48;2;223;224;223m▤[0m[38;2;84;146;236m[48;2;197;230;203m▤[0m[38;2;106;167;232m[48;2;181;234;183m▤[0m[38;2;127;190;230m[48;2;176;240;165m▤[0m[38;2;147;213;229m[48;2;183;248;151m▤[0m[38;2;167;234;229m[48;2;199;4;141m▤[0m[38;2;188;251;231m[48;2;224;17;136m▤[0m[38;2;209;9;231m[48;2;0;34;134m▤[0m[38;2;231;18;227m[48;2;36;49;134m▤[0m[38;2;253;21;220m[48;2;72;61;135m▤[0m[38;2;16;20;209m[48;2;110;68;137m▤[0m[38;2;31;15;194m[48;2;145;69;139m▤[0m[38;2;42;8;179m[48;2;179;63;140m▤[0m[38;2;48;254;163m[48;2;208;50;139m▤[0m[38;2;48;248;147m[48;2;231;33;137m▤[0m[38;2;42;243;130m[48;2;249;15;131m▤[0m[38;2;33;241;117m[48;2;8;253;119m▤[0m[38;2;22;241;107m[48;2;17;239;102m▤[0m[38;2;8;243;101m[48;2;22;228;82m▤[0m[38;2;247;245;99m[48;2;25;223;58m▤[0m[38;2;229;243;100m[48;2;25;221;34m▤[0m[38;2;211;236;104m[48;2;24;222;10m▤[0m[38;2;194;224;111m[48;2;21;224;242m▤[0m[38;2;178;207;121m[48;2;18;228;221m▤[0m[38;2;162;184;130m[48;2;14;233;204m▤[0m[38;2;146;160;137m[48;2;9;237;189m▤[0m[38;2;134;136;143m[48;2;3;241;176m▤[0m[38;2;125;117;147m[48;2;251;247;163m▤[0m[38;2;121;106;146m[48;2;245;1;152m▤[0m[38;2;121;103;140m[48;2;241;11;142m▤[0m[38;2;125;110;129m[48;2;239;23;133m▤[0m[38;2;134;128;113m[48;2;238;34;127m▤[0m[38;2;146;152;92m[48;2;238;42;128m▤[0m[38;2;162;182;67m[48;2;237;48;136m▤[0m[38;2;178;212;37m[48;2;234;50;151m▤[0m[38;2;193;241;7m[48;2;228;44;174m▤[0m[38;2;207;11;230m[48;2;219;31;200m▤[0m
[38;2;217;29;199m[48;2;205;8;229m▤[0m[38;2;225;41;172m[48;2;190;237;5m▤[0m[38;2;230;46;149m[48;2;175;208;35m▤[0m[38;2;233;44;134m[48;2;159;178;64m▤[0m[38;2;234;38;126m[48;2;143;149;89m▤[0m[38;2;234;30;125m[48;2;131;124;110m▤[0m[38;2;235;19;131m[48;2;123;108;126m▤[0m[38;2;238;7;140m[48;2;119;101;137m▤[0m[38;2;242;252;150m[48;2;119;103;142m▤[0m[38;2;248;244;161m[48;2;123;114;143m▤[0m[38;2;0;238;173m[48;2;131;134;139m▤[0m[38;2;6;233;186m[48;2;143;158;134m▤[0m[38;2;11;229;201m[48;2;159;181;127m▤[0m[38;2;15;224;218m[48;2;175;204;117m▤[0m[38;2;18;220;239m[48;2;191;221;108m▤[0m[38;2;21;218;8m[48;2;208;232;101m▤[0m[38;2;22;217;32m[48;2;225;239;97m▤[0m[38;2;22;219;55m[48;2;243;241;96m▤[0m[38;2;19;224;79m[48;2;4;239;99m▤[0m[38;2;13;236;99m[48;2;18;237;105m▤[0m[38;2;4;250;115m[48;2;29;237;114m▤[0m[38;2;245;11;127m[48;2;38;240;127m▤[0m[38;2;227;30;133m[48;2;44;245;144m▤[0m[38;2;204;46;136m[48;2;44;251;160m▤[0m[38;2;175;59;137m[48;2;38;5;176m▤[0m[38;2;142;65;136m[48;2;27;12;191m▤[0m[38;2;107;64;134m[48;2;12;16;206m▤[0m[38;2;69;56;132m[48;2;249;17;217m▤[0m[38;2;33;44;131m[48;2;227;14;224m▤[0m[38;2;252;30;130m[48;2;206;5;227m▤[0m[38;2;222;14;133m[48;2;185;247;227m▤[0m[38;2;197;1;138m[48;2;164;230;226m▤[0m[38;2;181;245;148m[48;2;144;209;226m▤[0m[38;2;173;237;162m[48;2;124;186;227m▤[0m[38;2;179;231;180m[48;2;103;164;229m▤[0m[38;2;195;227;200m[48;2;81;143;233m▤[0m[38;2;221;221;220m[48;2;59;126;238m▤[0m[38;2;253;211;242m[48;2;37;114;243m▤[0m[38;2;36;197;7m[48;2;17;111;245m▤[0m[38;2;73;180;24m[48;2;251;117;244m▤[0m[38;2;106;162;38m[48;2;236;131;240m▤[0m[38;2;131;145;46m[48;2;225;149;233m▤[0m[38;2;146;132;47m[48;2;218;167;227m▤[0m[38;2;149;125;42m[48;2;219;185;222m▤[0m[38;2;141;127;32m[48;2;229;197;218m▤[0m[38;2;124;137;19m[48;2;247;202;217m▤[0m[38;2;100;152;3m[48;2;15;197;222m▤[0m[38;2;71;169;244m[48;2;43;186;232m▤[0m[38;2;41;184;230m[48;2;70;167;242m▤[0m[38;2;12;194;220m[48;2;97;150;1m▤[0m[38;2;245;198;215m[48;2;121;134;16m▤[0m[38;2;228;193;216m[48;2;137;124;29m▤[0m[38;2;218;181;219m[48;2;145;122;38m▤[0m[38;2;218;164;224m[48;2;142;130;43m▤[0m[38;2;224;146;230m[48;2;127;143;42m▤[0m[38;2;234;128;237m[48;2;102;160;34m▤[0m[38;2;249;115;241m[48;2;69;177;20m▤[0m[38;2;14;109;242m[48;2;32;194;3m▤[0m[38;2;34;112;240m[48;2;250;207;238m▤[0m[38;2;56;124;235m[48;2;219;217;217m▤[0m[38;2;78;140;230m[48;2;193;223;197m▤[0m[38;2;100;161;226m[48;2;178;228;177m▤[0m[38;2;121;184;224m[48;2;173;234;159m▤[0m[38;2;141;206;223m[48;2;180;242;145m▤[0m[38;2;161;227;223m[48;2;195;253;135m▤[0m[38;2;182;244;224m[48;2;220;11;130m▤[0m[38;2;203;2;224m[48;2;250;27;128m▤[0m[38;2;224;10;220m[48;2;31;41;128m▤[0m[38;2;246;13;213m[48;2;67;53;129m▤[0m[38;2;9;12;202m[48;2;104;60;131m▤[0m[38;2;23;8;187m[48;2;139;61;133m▤[0m[38;2;34;1;172m[48;2;172;55;134m▤[0m[38;2;40;248;157m[48;2;201;42;133m▤[0m[38;2;40;241;141m[48;2;224;26;130m▤[0m[38;2;34;237;124m[48;2;242;8;124m▤[0m[38;2;26;234;111m[48;2;0;247;112m▤[0m[38;2;15;234;102m[48;2;9;233;96m▤[0m[38;2;1;236;96m[48;2;15;222;76m▤[0m[38;2;240;238;94m[48;2;18;217;52m▤[0m[38;2;222;235;95m[48;2;18;215;29m▤[0m[38;2;205;228;99m[48;2;17;215;5m▤[0m[38;2;188;217;106m[48;2;14;217;237m▤[0m[38;2;172;200;115m[48;2;11;221;216m▤[0m[38;2;156;177;124m[48;2;7;226;199m▤[0m[38;2;140;154;131m[48;2;2;230;184m▤[0m[38;2;128;131;136m[48;2;251;234;171m▤[0m[38;2;120;112;140m[48;2;244;241;159m▤[0m[38;2;116;101;139m[48;2;238;249;148m▤[0m[38;2;116;99;133m[48;2;234;4;138m▤[0m[38;2;120;106;122m[48;2;232;16;129m▤[0m[38;2;128;123;106m[48;2;231;27;123m▤[0m[38;2;140;147;85m[48;2;231;35;124m▤[0m[38;2;156;176;60m[48;2;230;40;132m▤[0m[38;2;172;205;31m[48;2;227;42;147m▤[0m[38;2;186;234;1m[48;2;221;36;170m▤[0m[38;2;200;3;225m[48;2;212;23;196m▤[0m
[38;2;210;21;194m[48;2;198;0;224m▤[0m[38;2;218;33;168m[48;2;183;230;254m▤[0m[38;2;223;38;145m[48;2;168;201;29m▤[0m[38;2;226;36;130m[48;2;153;172;58m▤[0m[38;2;227;31;122m[48;2;137;143;83m▤[0m[38;2;227;23;121m[48;2;125;119;103m▤[0m[38;2;229;12;127m[48;2;117;103;119m▤[0m[38;2;231;0;136m[48;2;113;96;130m▤[0m[38;2;235;245;146m[48;2;113;98;135m▤[0m[38;2;241;237;157m[48;2;117;109;136m▤[0m[38;2;248;231;168m[48;2;125;129;133m▤[0m[38;2;254;226;181m[48;2;137;152;128m▤[0m[38;2;4;222;196m[48;2;153;175;121m▤[0m[38;2;8;217;214m[48;2;169;197;111m▤[0m[38;2;11;214;234m[48;2;185;213;102m▤[0m[38;2;14;212;3m[48;2;202;225;96m▤[0m[38;2;15;211;26m[48;2;219;232;92m▤[0m[38;2;15;213;49m[48;2;236;234;91m▤[0m[38;2;12;218;73m[48;2;252;232;94m▤[0m[38;2;6;230;93m[48;2;11;231;100m▤[0m[38;2;251;244;109m[48;2;22;231;109m▤[0m[38;2;238;5;120m[48;2;30;234;122m▤[0m[38;2;220;23;126m[48;2;36;238;138m▤[0m[38;2;197;38;130m[48;2;36;245;154m▤[0m[38;2;168;51;131m[48;2;30;253;169m▤[0m[38;2;135;57;130m[48;2;19;5;184m▤[0m[38;2;101;56;128m[48;2;5;9;199m▤[0m[38;2;64;48;126m[48;2;242;9;210m▤[0m[38;2;28;37;125m[48;2;220;6;217m▤[0m[38;2;248;23;125m[48;2;199;253;220m▤[0m[38;2;218;7;127m[48;2;179;240;220m▤[0m[38;2;193;249;133m[48;2;158;223;219m▤[0m[38;2;177;239;142m[48;2;138;202;219m▤[0m[38;2;170;231;156m[48;2;118;180;220m▤[0m[38;2;176;225;174m[48;2;97;158;223m▤[0m[38;2;192;220;194m[48;2;75;137;227m▤[0m[38;2;217;214;214m[48;2;53;121;231m▤[0m[38;2;249;204;235m[48;2;32;109;236m▤[0m[38;2;30;190;0m[48;2;11;106;238m▤[0m[38;2;67;173;17m[48;2;246;112;237m▤[0m[38;2;99;156;30m[48;2;231;126;233m▤[0m[38;2;123;139;38m[48;2;221;143;226m▤[0m[38;2;138;127;39m[48;2;214;161;220m▤[0m[38;2;141;120;34m[48;2;215;178;215m▤[0m[38;2;133;122;25m[48;2;225;189;212m▤[0m[38;2;117;132;12m[48;2;243;194;211m▤[0m[38;2;93;146;252m[48;2;10;190;216m▤[0m[38;2;65;163;237m[48;2;37;179;226m▤[0m[38;2;35;177;224m[48;2;64;161;236m▤[0m[38;2;8;187;214m[48;2;91;144;249m▤[0m[38;2;241;190;209m[48;2;114;129;9m▤[0m[38;2;224;185;210m[48;2;130;119;21m▤[0m[38;2;214;174;213m[48;2;137;117;30m▤[0m[38;2;214;158;217m[48;2;134;125;35m▤[0m[38;2;219;140;223m[48;2;119;137;34m▤[0m[38;2;229;123;230m[48;2;95;154;26m▤[0m[38;2;244;110;234m[48;2;63;171;13m▤[0m[38;2;9;104;235m[48;2;27;187;251m▤[0m[38;2;29;107;233m[48;2;246;200;231m▤[0m[38;2;50;119;228m[48;2;215;210;210m▤[0m[38;2;72;135;223m[48;2;190;216;190m▤[0m[38;2;94;155;220m[48;2;175;221;171m▤[0m[38;2;115;177;217m[48;2;170;228;153m▤[0m[38;2;135;199;216m[48;2;176;236;139m▤[0m[38;2;155;220;216m[48;2;191;246;130m▤[0m[38;2;176;237;217m[48;2;216;4;124m▤[0m[38;2;196;249;217m[48;2;246;20;122m▤[0m[38;2;217;2;213m[48;2;26;34;122m▤[0m[38;2;239;5;206m[48;2;61;45;123m▤[0m[38;2;2;5;195m[48;2;98;52;125m▤[0m[38;2;16;1;181m[48;2;133;53;127m▤[0m[38;2;26;249;166m[48;2;165;47;128m▤[0m[38;2;32;241;151m[48;2;194;34;127m▤[0m[38;2;32;235;135m[48;2;217;19;123m▤[0m[38;2;27;231;119m[48;2;234;1;117m▤[0m[38;2;19;228;106m[48;2;247;240;105m▤[0m[38;2;8;228;97m[48;2;2;227;89m▤[0m[38;2;249;229;91m[48;2;8;216;70m▤[0m[38;2;233;231;89m[48;2;11;211;46m▤[0m[38;2;215;228;90m[48;2;11;209;23m▤[0m[38;2;198;221;94m[48;2;10;209;0m▤[0m[38;2;182;209;100m[48;2;7;211;232m▤[0m[38;2;166;193;109m[48;2;4;214;212m▤[0m[38;2;150;171;118m[48;2;0;219;194m▤[0m[38;2;134;148;125m[48;2;250;223;179m▤[0m[38;2;122;126;130m[48;2;244;228;166m▤[0m[38;2;114;107;133m[48;2;237;234;154m▤[0m[38;2;110;96;132m[48;2;232;242;143m▤[0m[38;2;110;94;126m[48;2;228;252;134m▤[0m[38;2;114;101;115m[48;2;226;9;125m▤[0m[38;2;122;118;99m[48;2;224;20;119m▤[0m[38;2;134;141;79m[48;2;224;28;120m▤[0m[38;2;150;170;54m[48;2;223;32;128m▤[0m[38;2;165;198;25m[48;2;220;34;143m▤[0m[38;2;180;227;251m[48;2;214;28;166m▤[0m[38;2;193;250;220m[48;2;205;15;191m▤[0m
[38;2;203;13;190m[48;2;191;248;219m▤[0m[38;2;211;25;164m[48;2;177;223;249m▤[0m[38;2;216;30;141m[48;2;162;194;23m▤[0m[38;2;219;28;126m[48;2;147;166;52m▤[0m[38;2;220;24;118m[48;2;131;138;76m▤[0m[38;2;221;16;117m[48;2;119;114;96m▤[0m[38;2;222;5;123m[48;2;111;98;112m▤[0m[38;2;225;248;132m[48;2;108;91;123m▤[0m[38;2;229;238;141m[48;2;108;93;128m▤[0m[38;2;234;231;152m[48;2;112;104;129m▤[0m[38;2;241;225;164m[48;2;120;123;127m▤[0m[38;2;247;220;177m[48;2;132;146;122m▤[0m[38;2;252;215;192m[48;2;147;168;115m▤[0m[38;2;1;211;209m[48;2;163;190;105m▤[0m[38;2;4;208;229m[48;2;179;206;97m▤[0m[38;2;7;206;253m[48;2;195;218;91m▤[0m[38;2;8;205;21m[48;2;212;225;87m▤[0m[38;2;8;207;44m[48;2;229;227;86m▤[0m[38;2;5;212;67m[48;2;245;225;89m▤[0m[38;2;254;224;86m[48;2;4;224;95m▤[0m[38;2;244;237;102m[48;2;15;225;104m▤[0m[38;2;231;253;113m[48;2;23;228;116m▤[0m[38;2;213;16;120m[48;2;28;232;132m▤[0m[38;2;190;31;124m[48;2;28;238;148m▤[0m[38;2;161;43;125m[48;2;22;246;163m▤[0m[38;2;129;49;124m[48;2;12;253;178m▤[0m[38;2;95;48;122m[48;2;253;2;192m▤[0m[38;2;58;40;120m[48;2;235;2;203m▤[0m[38;2;23;29;119m[48;2;213;253;210m▤[0m[38;2;243;16;119m[48;2;193;245;213m▤[0m[38;2;214;1;121m[48;2;173;233;213m▤[0m[38;2;189;243;127m[48;2;152;216;212m▤[0m[38;2;174;233;136m[48;2;132;195;212m▤[0m[38;2;167;225;150m[48;2;112;174;214m▤[0m[38;2;173;218;168m[48;2;91;152;217m▤[0m[38;2;189;213;187m[48;2;69;132;220m▤[0m[38;2;213;207;207m[48;2;47;116;224m▤[0m[38;2;244;197;228m[48;2;26;104;229m▤[0m[38;2;25;183;248m[48;2;6;101;231m▤[0m[38;2;61;167;9m[48;2;241;107;230m▤[0m[38;2;92;150;22m[48;2;227;120;226m▤[0m[38;2;116;134;30m[48;2;216;137;219m▤[0m[38;2;130;122;31m[48;2;210;155;213m▤[0m[38;2;133;115;26m[48;2;211;171;209m▤[0m[38;2;126;117;17m[48;2;221;182;206m▤[0m[38;2;110;127;5m[48;2;239;186;205m▤[0m[38;2;87;140;245m[48;2;6;183;210m▤[0m[38;2;59;157;231m[48;2;32;172;220m▤[0m[38;2;30;170;218m[48;2;58;155;230m▤[0m[38;2;3;180;208m[48;2;84;138;242m▤[0m[38;2;237;182;203m[48;2;107;124;2m▤[0m[38;2;220;178;204m[48;2;123;114;14m▤[0m[38;2;210;167;207m[48;2;129;112;22m▤[0m[38;2;210;151;211m[48;2;126;120;27m▤[0m[38;2;215;134;216m[48;2;112;132;26m▤[0m[38;2;225;117;223m[48;2;88;148;18m▤[0m[38;2;239;105;227m[48;2;57;164;5m▤[0m[38;2;4;99;228m[48;2;22;180;244m▤[0m[38;2;24;102;226m[48;2;241;193;224m▤[0m[38;2;45;114;221m[48;2;211;203;204m▤[0m[38;2;66;130;217m[48;2;187;209;184m▤[0m[38;2;88;149;213m[48;2;172;215;165m▤[0m[38;2;109;171;211m[48;2;167;222;147m▤[0m[38;2;129;192;209m[48;2;173;230;134m▤[0m[38;2;149;213;209m[48;2;188;240;124m▤[0m[38;2;170;230;210m[48;2;212;253;118m▤[0m[38;2;190;242;210m[48;2;241;13;116m▤[0m[38;2;210;249;206m[48;2;21;26;116m▤[0m[38;2;232;253;199m[48;2;56;37;117m▤[0m[38;2;250;253;188m[48;2;92;44;119m▤[0m[38;2;8;249;174m[48;2;126;45;121m▤[0m[38;2;18;242;160m[48;2;158;39;122m▤[0m[38;2;24;234;145m[48;2;187;27;121m▤[0m[38;2;24;229;129m[48;2;209;12;117m▤[0m[38;2;19;225;113m[48;2;227;249;110m▤[0m[38;2;11;222;101m[48;2;240;234;98m▤[0m[38;2;1;221;92m[48;2;250;221;83m▤[0m[38;2;242;222;86m[48;2;1;210;64m▤[0m[38;2;226;224;84m[48;2;4;205;41m▤[0m[38;2;209;221;85m[48;2;4;203;18m▤[0m[38;2;192;214;88m[48;2;3;203;250m▤[0m[38;2;176;202;94m[48;2;0;205;227m▤[0m[38;2;160;186;103m[48;2;252;208;207m▤[0m[38;2;144;164;112m[48;2;248;212;189m▤[0m[38;2;129;142;119m[48;2;243;216;174m▤[0m[38;2;117;120;124m[48;2;237;221;161m▤[0m[38;2;109;102;126m[48;2;231;228;149m▤[0m[38;2;105;91;125m[48;2;226;235;139m▤[0m[38;2;105;89;119m[48;2;222;245;130m▤[0m[38;2;109;96;108m[48;2;219;2;121m▤[0m[38;2;117;113;92m[48;2;218;13;115m▤[0m[38;2;129;136;72m[48;2;217;20;116m▤[0m[38;2;144;164;48m[48;2;216;25;124m▤[0m[38;2;159;192;20m[48;2;213;26;139m▤[0m[38;2;173;220;246m[48;2;207;20;162m▤[0m[38;2;186;243;215m[48;2;198;7;187m▤[0m
[38;2;196;5;186m[48;2;184;240;214m▤[0m[38;2;204;17;160m[48;2;170;216;244m▤[0m[38;2;209;22;138m[48;2;156;188;18m▤[0m[38;2;212;21;123m[48;2;141;160;46m▤[0m[38;2;213;16;115m[48;2;126;133;70m▤[0m[38;2;214;9;114m[48;2;114;109;89m▤[0m[38;2;216;253;119m[48;2;106;93;105m▤[0m[38;2;219;241;128m[48;2;103;86;116m▤[0m[38;2;223;232;137m[48;2;103;88;121m▤[0m[38;2;228;225;147m[48;2;107;99;122m▤[0m[38;2;234;218;159m[48;2;115;118;120m▤[0m[38;2;240;213;172m[48;2;126;140;116m▤[0m[38;2;245;209;187m[48;2;141;162;109m▤[0m[38;2;249;205;204m[48;2;157;183;99m▤[0m[38;2;252;202;224m[48;2;173;199;91m▤[0m[38;2;0;200;248m[48;2;189;211;85m▤[0m[38;2;1;199;16m[48;2;206;218;82m▤[0m[38;2;1;201;38m[48;2;222;220;81m▤[0m[38;2;253;207;61m[48;2;238;218;84m▤[0m[38;2;247;218;80m[48;2;252;218;90m▤[0m[38;2;237;231;95m[48;2;8;219;99m▤[0m[38;2;224;246;106m[48;2;16;222;111m▤[0m[38;2;206;9;113m[48;2;20;226;126m▤[0m[38;2;183;24;117m[48;2;20;232;142m▤[0m[38;2;154;35;119m[48;2;14;239;157m▤[0m[38;2;123;41;118m[48;2;4;246;171m▤[0m[38;2;89;40;116m[48;2;246;250;185m▤[0m[38;2;53;32;114m[48;2;228;250;196m▤[0m[38;2;18;22;113m[48;2;207;246;203m▤[0m[38;2;239;9;113m[48;2;187;238;206m▤[0m[38;2;210;249;115m[48;2;167;226;206m▤[0m[38;2;186;237;121m[48;2;146;209;206m▤[0m[38;2;171;227;131m[48;2;126;188;206m▤[0m[38;2;164;219;144m[48;2;106;167;208m▤[0m[38;2;170;212;162m[48;2;85;146;210m▤[0m[38;2;185;206;181m[48;2;63;127;213m▤[0m[38;2;209;200;201m[48;2;42;111;217m▤[0m[38;2;239;190;221m[48;2;21;99;222m▤[0m[38;2;20;176;241m[48;2;1;96;224m▤[0m[38;2;55;160;2m[48;2;237;102;223m▤[0m[38;2;85;144;14m[48;2;222;115;219m▤[0m[38;2;109;129;22m[48;2;212;131;212m▤[0m[38;2;122;117;23m[48;2;206;148;207m▤[0m[38;2;125;110;18m[48;2;207;164;203m▤[0m[38;2;119;112;10m[48;2;217;175;200m▤[0m[38;2;103;121;253m[48;2;235;179;199m▤[0m[38;2;80;134;238m[48;2;1;176;204m▤[0m[38;2;53;150;225m[48;2;27;165;214m▤[0m[38;2;25;163;212m[48;2;52;148;223m▤[0m[38;2;254;172;202m[48;2;78;132;235m▤[0m[38;2;233;175;197m[48;2;100;118;250m▤[0m[38;2;216;171;198m[48;2;115;109;6m▤[0m[38;2;206;160;201m[48;2;121;108;14m▤[0m[38;2;206;145;205m[48;2;118;115;19m▤[0m[38;2;211;128;210m[48;2;105;127;18m▤[0m[38;2;220;112;216m[48;2;81;142;10m▤[0m[38;2;235;100;220m[48;2;51;158;253m▤[0m[38;2;254;94;221m[48;2;16;173;237m▤[0m[38;2;19;97;219m[48;2;237;186;217m▤[0m[38;2;39;109;214m[48;2;207;196;197m▤[0m[38;2;60;124;210m[48;2;183;202;178m▤[0m[38;2;82;143;207m[48;2;169;209;159m▤[0m[38;2;103;164;205m[48;2;164;216;141m▤[0m[38;2;123;185;203m[48;2;170;224;128m▤[0m[38;2;143;206;203m[48;2;185;234;118m▤[0m[38;2;164;223;203m[48;2;208;246;112m▤[0m[38;2;184;234;203m[48;2;237;6;110m▤[0m[38;2;204;242;199m[48;2;16;19;110m▤[0m[38;2;225;246;192m[48;2;51;29;111m▤[0m[38;2;242;246;181m[48;2;86;36;113m▤[0m[38;2;1;242;168m[48;2;120;37;115m▤[0m[38;2;10;235;154m[48;2;151;31;116m▤[0m[38;2;16;228;139m[48;2;180;20;114m▤[0m[38;2;16;223;123m[48;2;202;5;110m▤[0m[38;2;12;219;108m[48;2;220;243;103m▤[0m[38;2;4;216;96m[48;2;233;228;92m▤[0m[38;2;249;215;87m[48;2;243;215;77m▤[0m[38;2;235;215;81m[48;2;249;204;58m▤[0m[38;2;219;217;79m[48;2;252;199;35m▤[0m[38;2;202;214;80m[48;2;252;197;13m▤[0m[38;2;186;207;83m[48;2;251;197;245m▤[0m[38;2;170;195;89m[48;2;248;199;222m▤[0m[38;2;154;179;97m[48;2;245;202;202m▤[0m[38;2;138;158;106m[48;2;241;206;185m▤[0m[38;2;123;136;113m[48;2;236;210;170m▤[0m[38;2;112;115;117m[48;2;230;215;157m▤[0m[38;2;104;97;119m[48;2;224;221;145m▤[0m[38;2;100;86;118m[48;2;219;229;135m▤[0m[38;2;100;84;112m[48;2;215;238;126m▤[0m[38;2;104;91;101m[48;2;213;250;117m▤[0m[38;2;112;108;85m[48;2;211;5;112m▤[0m[38;2;123;131;66m[48;2;210;13;113m▤[0m[38;2;138;158;42m[48;2;209;17;121m▤[0m[38;2;153;185;14m[48;2;206;18;136m▤[0m[38;2;167;213;240m[48;2;200;12;158m▤[0m[38;2;179;235;210m[48;2;191;254;183m▤[0m
[38;2;189;252;181m[48;2;177;233;209m▤[0m[38;2;197;9;156m[48;2;164;209;239m▤[0m[38;2;202;14;134m[48;2;150;182;12m▤[0m[38;2;205;13;119m[48;2;135;154;40m▤[0m[38;2;206;9;112m[48;2;120;127;63m▤[0m[38;2;208;2;111m[48;2;109;104;83m▤[0m[38;2;210;246;115m[48;2;101;88;98m▤[0m[38;2;212;235;124m[48;2;98;82;109m▤[0m[38;2;216;226;133m[48;2;98;84;114m▤[0m[38;2;221;218;143m[48;2;102;94;115m▤[0m[38;2;227;212;155m[48;2;109;112;114m▤[0m[38;2;233;207;168m[48;2;120;134;110m▤[0m[38;2;238;203;183m[48;2;135;156;103m▤[0m[38;2;242;199;200m[48;2;151;176;93m▤[0m[38;2;245;196;220m[48;2;167;192;85m▤[0m[38;2;248;194;243m[48;2;183;204;80m▤[0m[38;2;249;193;10m[48;2;199;211;77m▤[0m[38;2;249;195;33m[48;2;215;213;76m▤[0m[38;2;246;201;55m[48;2;231;212;79m▤[0m[38;2;240;212;74m[48;2;245;212;85m▤[0m[38;2;230;225;89m[48;2;1;213;94m▤[0m[38;2;217;240;100m[48;2;8;216;106m▤[0m[38;2;199;2;107m[48;2;12;220;120m▤[0m[38;2;176;16;111m[48;2;12;225;136m▤[0m[38;2;147;27;113m[48;2;6;232;151m▤[0m[38;2;116;33;112m[48;2;252;239;165m▤[0m[38;2;83;32;110m[48;2;238;243;178m▤[0m[38;2;48;25;108m[48;2;221;243;189m▤[0m[38;2;13;15;107m[48;2;201;239;196m▤[0m[38;2;235;2;107m[48;2;181;231;199m▤[0m[38;2;206;243;109m[48;2;161;219;199m▤[0m[38;2;183;231;115m[48;2;140;202;199m▤[0m[38;2;168;221;125m[48;2;120;182;200m▤[0m[38;2;161;213;138m[48;2;100;161;202m▤[0m[38;2;167;206;156m[48;2;79;140;204m▤[0m[38;2;182;199;175m[48;2;57;121;207m▤[0m[38;2;205;193;194m[48;2;36;106;211m▤[0m[38;2;235;183;214m[48;2;16;94;215m▤[0m[38;2;14;169;234m[48;2;251;91;217m▤[0m[38;2;49;154;250m[48;2;232;97;216m▤[0m[38;2;78;138;6m[48;2;218;109;212m▤[0m[38;2;101;123;14m[48;2;208;125;206m▤[0m[38;2;114;112;15m[48;2;202;142;201m▤[0m[38;2;117;105;10m[48;2;203;157;197m▤[0m[38;2;111;107;2m[48;2;213;168;194m▤[0m[38;2;96;116;246m[48;2;230;172;193m▤[0m[38;2;74;129;232m[48;2;251;168;198m▤[0m[38;2;47;144;219m[48;2;22;158;208m▤[0m[38;2;20;156;206m[48;2;46;142;217m▤[0m[38;2;249;165;196m[48;2;72;126;229m▤[0m[38;2;228;168;191m[48;2;93;113;243m▤[0m[38;2;212;164;192m[48;2;108;104;254m▤[0m[38;2;202;153;195m[48;2;114;103;7m▤[0m[38;2;202;138;199m[48;2;110;110;11m▤[0m[38;2;207;122;204m[48;2;97;121;10m▤[0m[38;2;216;107;209m[48;2;74;136;2m▤[0m[38;2;230;95;213m[48;2;45;152;246m▤[0m[38;2;249;89;214m[48;2;11;166;230m▤[0m[38;2;14;92;212m[48;2;232;179;210m▤[0m[38;2;34;104;208m[48;2;203;189;191m▤[0m[38;2;55;119;204m[48;2;180;196;172m▤[0m[38;2;76;137;201m[48;2;166;203;153m▤[0m[38;2;97;158;199m[48;2;161;210;135m▤[0m[38;2;117;179;197m[48;2;167;218;122m▤[0m[38;2;137;199;196m[48;2;181;228;112m▤[0m[38;2;158;215;196m[48;2;204;240;107m▤[0m[38;2;178;227;196m[48;2;233;254;104m▤[0m[38;2;198;235;192m[48;2;11;12;104m▤[0m[38;2;218;239;185m[48;2;45;22;105m▤[0m[38;2;235;239;174m[48;2;80;28;107m▤[0m[38;2;248;235;161m[48;2;113;29;109m▤[0m[38;2;3;228;148m[48;2;144;23;110m▤[0m[38;2;8;222;133m[48;2;173;12;108m▤[0m[38;2;8;217;117m[48;2;195;253;104m▤[0m[38;2;4;213;103m[48;2;213;236;97m▤[0m[38;2;252;210;91m[48;2;226;222;86m▤[0m[38;2;242;209;82m[48;2;236;209;71m▤[0m[38;2;228;209;76m[48;2;242;198;52m▤[0m[38;2;212;210;74m[48;2;245;193;30m▤[0m[38;2;196;207;75m[48;2;245;191;8m▤[0m[38;2;180;200;78m[48;2;244;191;240m▤[0m[38;2;164;188;83m[48;2;241;193;217m▤[0m[38;2;148;172;91m[48;2;238;196;197m▤[0m[38;2;132;152;100m[48;2;234;200;180m▤[0m[38;2;117;130;107m[48;2;229;204;165m▤[0m[38;2;106;109;111m[48;2;223;209;152m▤[0m[38;2;99;92;112m[48;2;217;215;141m▤[0m[38;2;95;82;111m[48;2;212;223;131m▤[0m[38;2;95;80;105m[48;2;209;232;122m▤[0m[38;2;99;87;94m[48;2;207;243;113m▤[0m[38;2;107;103;79m[48;2;205;253;109m▤[0m[38;2;118;125;60m[48;2;203;5;110m▤[0m[38;2;132;152;36m[48;2;202;9;118m▤[0m[38;2;147;179;9m[48;2;199;10;133m▤[0m[38;2;160;206;235m[48;2;193;4;154m▤[0m[38;2;172;228;205m[48;2;184;246;178m▤[0m
[38;2;182;244;177m[48;2;170;226;204m▤[0m[38;2;190;1;152m[48;2;157;202;233m▤[0m[38;2;195;6;131m[48;2;144;175;7m▤[0m[38;2;198;5;116m[48;2;129;148;34m▤[0m[38;2;200;2;109m[48;2;115;122;57m▤[0m[38;2;202;250;107m[48;2;104;99;76m▤[0m[38;2;204;239;111m[48;2;96;84;91m▤[0m[38;2;206;229;120m[48;2;93;78;102m▤[0m[38;2;209;220;129m[48;2;93;80;107m▤[0m[38;2;214;212;139m[48;2;97;89;109m▤[0m[38;2;220;206;150m[48;2;104;107;108m▤[0m[38;2;226;201;163m[48;2;115;128;104m▤[0m[38;2;231;197;178m[48;2;129;149;97m▤[0m[38;2;235;193;195m[48;2;145;169;87m▤[0m[38;2;238;190;215m[48;2;161;185;80m▤[0m[38;2;241;188;238m[48;2;177;197;75m▤[0m[38;2;242;187;5m[48;2;193;204;72m▤[0m[38;2;242;189;27m[48;2;209;206;71m▤[0m[38;2;239;195;49m[48;2;224;206;74m▤[0m[38;2;233;206;68m[48;2;238;206;80m▤[0m[38;2;223;219;83m[48;2;249;207;89m▤[0m[38;2;210;234;94m[48;2;1;210;100m▤[0m[38;2;192;250;101m[48;2;4;214;114m▤[0m[38;2;169;9;105m[48;2;4;219;130m▤[0m[38;2;140;19;107m[48;2;254;225;145m▤[0m[38;2;110;25;106m[48;2;244;232;159m▤[0m[38;2;77;24;104m[48;2;231;236;171m▤[0m[38;2;42;18;102m[48;2;214;236;182m▤[0m[38;2;8;8;101m[48;2;194;232;189m▤[0m[38;2;230;250;101m[48;2;175;224;192m▤[0m[38;2;202;236;104m[48;2;155;212;192m▤[0m[38;2;179;225;110m[48;2;134;195;193m▤[0m[38;2;164;215;119m[48;2;114;175;194m▤[0m[38;2;158;207;133m[48;2;94;155;196m▤[0m[38;2;164;200;150m[48;2;73;134;198m▤[0m[38;2;178;193;169m[48;2;52;116;201m▤[0m[38;2;201;186;188m[48;2;31;101;205m▤[0m[38;2;230;176;207m[48;2;11;89;208m▤[0m[38;2;9;162;227m[48;2;246;86;210m▤[0m[38;2;43;148;242m[48;2;228;92;209m▤[0m[38;2;71;132;254m[48;2;214;104;205m▤[0m[38;2;94;118;6m[48;2;204;119;200m▤[0m[38;2;107;107;7m[48;2;198;135;195m▤[0m[38;2;110;100;3m[48;2;199;150;191m▤[0m[38;2;104;102;250m[48;2;209;161;188m▤[0m[38;2;89;111;239m[48;2;226;164;187m▤[0m[38;2;68;123;225m[48;2;247;161;192m▤[0m[38;2;42;138;212m[48;2;17;151;202m▤[0m[38;2;15;149;200m[48;2;41;136;211m▤[0m[38;2;244;158;190m[48;2;66;120;223m▤[0m[38;2;224;161;185m[48;2;86;108;236m▤[0m[38;2;208;157;186m[48;2;101;99;247m▤[0m[38;2;198;146;189m[48;2;107;98;0m▤[0m[38;2;198;132;193m[48;2;103;105;3m▤[0m[38;2;203;116;197m[48;2;90;116;2m▤[0m[38;2;212;101;202m[48;2;67;130;250m▤[0m[38;2;226;90;206m[48;2;39;145;238m▤[0m[38;2;244;84;207m[48;2;6;159;223m▤[0m[38;2;9;87;205m[48;2;228;172;204m▤[0m[38;2;29;99;201m[48;2;199;182;185m▤[0m[38;2;49;113;198m[48;2;176;189;166m▤[0m[38;2;70;131;195m[48;2;163;196;147m▤[0m[38;2;91;152;193m[48;2;158;204;130m▤[0m[38;2;111;172;191m[48;2;163;212;116m▤[0m[38;2;131;192;190m[48;2;177;222;107m▤[0m[38;2;152;208;189m[48;2;200;234;101m▤[0m[38;2;172;220;189m[48;2;228;247;98m▤[0m[38;2;191;228;185m[48;2;6;5;98m▤[0m[38;2;211;232;178m[48;2;40;14;99m▤[0m[38;2;228;232;167m[48;2;74;20;101m▤[0m[38;2;241;228;155m[48;2;107;21;103m▤[0m[38;2;250;221;142m[48;2;137;15;104m▤[0m[38;2;0;215;127m[48;2;166;5;102m▤[0m[38;2;0;210;111m[48;2;188;246;98m▤[0m[38;2;252;207;97m[48;2;206;230;91m▤[0m[38;2;245;204;86m[48;2;219;216;80m▤[0m[38;2;235;203;77m[48;2;229;203;65m▤[0m[38;2;221;203;71m[48;2;235;192;46m▤[0m[38;2;205;203;69m[48;2;238;187;24m▤[0m[38;2;189;200;70m[48;2;238;185;2m▤[0m[38;2;174;193;73m[48;2;237;185;235m▤[0m[38;2;158;181;78m[48;2;234;187;212m▤[0m[38;2;142;165;85m[48;2;231;190;192m▤[0m[38;2;126;145;94m[48;2;227;194;175m▤[0m[38;2;112;124;101m[48;2;222;198;161m▤[0m[38;2;101;104;105m[48;2;216;203;148m▤[0m[38;2;94;87;106m[48;2;210;209;137m▤[0m[38;2;90;77;104m[48;2;206;217;127m▤[0m[38;2;90;76;98m[48;2;203;226;118m▤[0m[38;2;94;83;87m[48;2;201;236;109m▤[0m[38;2;102;98;73m[48;2;199;246;105m▤[0m[38;2;112;120;54m[48;2;197;253;107m▤[0m[38;2;126;146;30m[48;2;195;2;115m▤[0m[38;2;141;173;3m[48;2;192;2;129m▤[0m[38;2;154;199;230m[48;2;186;251;150m▤[0m[38;2;166;221;200m[48;2;177;238;174m▤[0m
[38;2;175;236;172m[48;2;164;218;199m▤[0m[38;2;183;248;148m[48;2;151;195;228m▤[0m[38;2;188;253;127m[48;2;138;169;1m▤[0m[38;2;191;253;113m[48;2;123;142;28m▤[0m[38;2;193;250;105m[48;2;109;116;51m▤[0m[38;2;195;243;103m[48;2;99;94;70m▤[0m[38;2;197;232;107m[48;2;91;80;84m▤[0m[38;2;200;222;116m[48;2;88;74;95m▤[0m[38;2;203;213;125m[48;2;88;75;101m▤[0m[38;2;208;206;135m[48;2;92;84;103m▤[0m[38;2;213;200;146m[48;2;99;102;102m▤[0m[38;2;219;195;159m[48;2;109;122;98m▤[0m[38;2;224;191;173m[48;2;123;143;91m▤[0m[38;2;228;187;190m[48;2;139;162;82m▤[0m[38;2;231;184;210m[48;2;155;178;75m▤[0m[38;2;234;182;233m[48;2;171;190;70m▤[0m[38;2;235;181;0m[48;2;186;197;67m▤[0m[38;2;235;183;22m[48;2;202;199;66m▤[0m[38;2;232;189;43m[48;2;217;199;69m▤[0m[38;2;226;200;62m[48;2;231;200;75m▤[0m[38;2;216;213;77m[48;2;242;201;84m▤[0m[38;2;203;227;88m[48;2;249;204;95m▤[0m[38;2;185;243;95m[48;2;252;208;108m▤[0m[38;2;162;2;99m[48;2;251;212;124m▤[0m[38;2;134;11;101m[48;2;246;218;139m▤[0m[38;2;104;17;100m[48;2;237;225;152m▤[0m[38;2;71;16;98m[48;2;224;229;164m▤[0m[38;2;37;10;96m[48;2;207;229;175m▤[0m[38;2;3;1;95m[48;2;188;225;182m▤[0m[38;2;226;243;95m[48;2;169;217;185m▤[0m[38;2;198;230;98m[48;2;149;205;186m▤[0m[38;2;175;219;104m[48;2;128;188;187m▤[0m[38;2;161;209;114m[48;2;108;169;188m▤[0m[38;2;155;201;127m[48;2;88;149;190m▤[0m[38;2;161;193;144m[48;2;67;128;192m▤[0m[38;2;175;186;163m[48;2;46;110;195m▤[0m[38;2;197;179;182m[48;2;26;96;198m▤[0m[38;2;226;169;201m[48;2;6;84;201m▤[0m[38;2;4;156;220m[48;2;241;82;203m▤[0m[38;2;37;142;235m[48;2;223;87;202m▤[0m[38;2;64;126;246m[48;2;210;99;198m▤[0m[38;2;87;112;253m[48;2;200;113;193m▤[0m[38;2;100;102;254m[48;2;194;129;189m▤[0m[38;2;103;95;251m[48;2;195;143;185m▤[0m[38;2;97;97;243m[48;2;205;154;182m▤[0m[38;2;82;106;232m[48;2;222;157;182m▤[0m[38;2;62;117;219m[48;2;242;154;186m▤[0m[38;2;36;132;206m[48;2;12;144;196m▤[0m[38;2;10;142;194m[48;2;35;130;205m▤[0m[38;2;240;151;184m[48;2;59;114;216m▤[0m[38;2;220;154;179m[48;2;79;103;229m▤[0m[38;2;204;150;180m[48;2;94;94;240m▤[0m[38;2;194;139;183m[48;2;100;93;247m▤[0m[38;2;194;126;186m[48;2;96;100;250m▤[0m[38;2;199;110;190m[48;2;83;110;249m▤[0m[38;2;208;96;195m[48;2;60;124;242m▤[0m[38;2;221;85;199m[48;2;33;139;231m▤[0m[38;2;239;80;200m[48;2;1;153;216m▤[0m[38;2;4;83;198m[48;2;223;165;197m▤[0m[38;2;24;94;195m[48;2;195;175;179m▤[0m[38;2;44;108;192m[48;2;173;183;160m▤[0m[38;2;64;125;189m[48;2;160;190;141m▤[0m[38;2;85;146;187m[48;2;155;198;124m▤[0m[38;2;105;166;185m[48;2;160;206;111m▤[0m[38;2;125;185;184m[48;2;174;216;102m▤[0m[38;2;146;201;183m[48;2;196;227;96m▤[0m[38;2;166;213;182m[48;2;224;240;93m▤[0m[38;2;185;221;178m[48;2;1;253;92m▤[0m[38;2;204;225;171m[48;2;34;7;93m▤[0m[38;2;221;225;160m[48;2;68;12;95m▤[0m[38;2;234;221;149m[48;2;101;13;97m▤[0m[38;2;243;214;136m[48;2;131;7;98m▤[0m[38;2;247;209;121m[48;2;159;253;96m▤[0m[38;2;248;204;105m[48;2;181;239;92m▤[0m[38;2;245;201;92m[48;2;199;224;85m▤[0m[38;2;238;198;81m[48;2;212;210;74m▤[0m[38;2;228;197;72m[48;2;222;197;59m▤[0m[38;2;214;196;66m[48;2;228;186;40m▤[0m[38;2;198;196;64m[48;2;231;181;19m▤[0m[38;2;183;193;65m[48;2;231;179;252m▤[0m[38;2;168;186;68m[48;2;230;179;230m▤[0m[38;2;152;174;73m[48;2;227;181;207m▤[0m[38;2;136;158;80m[48;2;224;184;188m▤[0m[38;2;120;139;88m[48;2;220;188;171m▤[0m[38;2;106;118;95m[48;2;215;192;157m▤[0m[38;2;96;99;99m[48;2;209;197;144m▤[0m[38;2;89;82;100m[48;2;204;203;133m▤[0m[38;2;85;73;98m[48;2;200;210;123m▤[0m[38;2;85;72;91m[48;2;197;219;114m▤[0m[38;2;89;78;81m[48;2;194;229;105m▤[0m[38;2;96;93;67m[48;2;192;239;101m▤[0m[38;2;107;114;48m[48;2;190;246;103m▤[0m[38;2;120;140;24m[48;2;188;250;111m▤[0m[38;2;135;166;253m[48;2;185;249;125m▤[0m[38;2;148;192;225m[48;2;179;243;146m▤[0m[38;2;159;213;195m[48;2;170;230;169m▤[0m
[38;2;168;228;168m[48;2;157;211;194m▤[0m[38;2;176;240;144m[48;2;145;188;223m▤[0m[38;2;181;245;123m[48;2;132;162;251m▤[0m[38;2;184;246;109m[48;2;117;136;22m▤[0m[38;2;186;243;101m[48;2;104;111;45m▤[0m[38;2;188;236;99m[48;2;93;89;64m▤[0m[38;2;191;225;103m[48;2;86;75;78m▤[0m[38;2;194;215;112m[48;2;83;69;88m▤[0m[38;2;197;207;121m[48;2;83;70;94m▤[0m[38;2;201;200;131m[48;2;87;80;97m▤[0m[38;2;206;194;142m[48;2;94;97;96m▤[0m[38;2;212;189;155m[48;2;104;116;92m▤[0m[38;2;217;185;169m[48;2;117;136;85m▤[0m[38;2;221;181;186m[48;2;133;155;77m▤[0m[38;2;224;178;205m[48;2;149;171;70m▤[0m[38;2;227;176;228m[48;2;165;183;65m▤[0m[38;2;228;175;250m[48;2;180;190;62m▤[0m[38;2;228;177;16m[48;2;195;192;61m▤[0m[38;2;225;183;37m[48;2;210;193;64m▤[0m[38;2;219;194;56m[48;2;224;194;70m▤[0m[38;2;209;207;71m[48;2;235;195;79m▤[0m[38;2;196;221;82m[48;2;242;198;89m▤[0m[38;2;178;236;89m[48;2;245;201;102m▤[0m[38;2;155;249;93m[48;2;244;206;118m▤[0m[38;2;128;4;95m[48;2;239;211;133m▤[0m[38;2;98;9;94m[48;2;230;218;146m▤[0m[38;2;65;8;92m[48;2;217;222;158m▤[0m[38;2;31;3;90m[48;2;200;222;168m▤[0m[38;2;253;249;89m[48;2;182;218;175m▤[0m[38;2;221;236;90m[48;2;163;210;178m▤[0m[38;2;194;224;93m[48;2;143;198;180m▤[0m[38;2;172;213;99m[48;2;122;181;181m▤[0m[38;2;158;203;109m[48;2;102;162;182m▤[0m[38;2;152;195;122m[48;2;82;143;184m▤[0m[38;2;158;187;138m[48;2;61;122;186m▤[0m[38;2;171;180;157m[48;2;41;105;189m▤[0m[38;2;193;172;176m[48;2;21;91;192m▤[0m[38;2;221;162;194m[48;2;1;80;194m▤[0m[38;2;254;150;213m[48;2;236;77;196m▤[0m[38;2;31;136;228m[48;2;219;82;195m▤[0m[38;2;58;120;239m[48;2;206;93;191m▤[0m[38;2;80;107;245m[48;2;196;107;187m▤[0m[38;2;93;97;246m[48;2;190;123;183m▤[0m[38;2;96;90;243m[48;2;191;136;179m▤[0m[38;2;90;92;236m[48;2;201;147;176m▤[0m[38;2;75;100;225m[48;2;217;150;176m▤[0m[38;2;55;111;212m[48;2;238;147;181m▤[0m[38;2;31;125;200m[48;2;7;137;190m▤[0m[38;2;5;135;188m[48;2;30;123;199m▤[0m[38;2;236;144;178m[48;2;53;109;210m▤[0m[38;2;215;147;173m[48;2;72;97;222m▤[0m[38;2;200;143;174m[48;2;87;89;233m▤[0m[38;2;190;133;177m[48;2;93;88;240m▤[0m[38;2;190;120;180m[48;2;89;95;243m▤[0m[38;2;195;104;184m[48;2;76;105;241m▤[0m[38;2;204;90;188m[48;2;54;118;235m▤[0m[38;2;217;80;192m[48;2;27;133;224m▤[0m[38;2;234;75;193m[48;2;251;147;209m▤[0m[38;2;254;78;191m[48;2;219;159;191m▤[0m[38;2;19;89;188m[48;2;191;168;173m▤[0m[38;2;38;103;185m[48;2;169;176;154m▤[0m[38;2;58;120;183m[48;2;156;184;135m▤[0m[38;2;79;140;181m[48;2;152;192;119m▤[0m[38;2;99;159;179m[48;2;157;200;106m▤[0m[38;2;119;178;178m[48;2;170;210;97m▤[0m[38;2;140;194;177m[48;2;192;221;91m▤[0m[38;2;160;206;175m[48;2;219;233;87m▤[0m[38;2;179;214;171m[48;2;251;246;86m▤[0m[38;2;197;218;164m[48;2;29;0;87m▤[0m[38;2;214;218;154m[48;2;62;4;89m▤[0m[38;2;227;214;143m[48;2;95;5;91m▤[0m[38;2;235;208;130m[48;2;125;0;92m▤[0m[38;2;240;203;115m[48;2;152;245;90m▤[0m[38;2;241;198;99m[48;2;174;232;86m▤[0m[38;2;238;195;86m[48;2;192;217;79m▤[0m[38;2;231;192;76m[48;2;205;204;68m▤[0m[38;2;221;191;67m[48;2;215;191;53m▤[0m[38;2;207;190;61m[48;2;221;180;34m▤[0m[38;2;192;189;59m[48;2;224;175;13m▤[0m[38;2;177;186;60m[48;2;224;173;247m▤[0m[38;2;162;179;63m[48;2;223;173;225m▤[0m[38;2;146;167;68m[48;2;220;175;203m▤[0m[38;2;130;151;74m[48;2;217;178;184m▤[0m[38;2;114;133;82m[48;2;213;182;167m▤[0m[38;2;101;112;89m[48;2;208;186;153m▤[0m[38;2;91;93;93m[48;2;203;191;140m▤[0m[38;2;84;77;94m[48;2;198;197;129m▤[0m[38;2;80;68;91m[48;2;194;204;119m▤[0m[38;2;80;67;85m[48;2;191;212;110m▤[0m[38;2;84;73;75m[48;2;188;222;101m▤[0m[38;2;91;88;61m[48;2;185;232;97m▤[0m[38;2;101;109;42m[48;2;183;239;99m▤[0m[38;2;114;134;18m[48;2;181;242;107m▤[0m[38;2;129;160;247m[48;2;178;241;121m▤[0m[38;2;142;185;220m[48;2;172;235;142m▤[0m[38;2;153;206;191m[48;2;163;223;165m▤[0m
[38;2;161;221;164m[48;2;151;204;190m▤[0m[38;2;169;232;140m[48;2;139;181;218m▤[0m[38;2;174;237;119m[48;2;126;156;245m▤[0m[38;2;177;238;105m[48;2;111;130;16m▤[0m[38;2;180;235;97m[48;2;98;106;39m▤[0m[38;2;182;229;95m[48;2;88;84;58m▤[0m[38;2;185;218;99m[48;2;81;70;72m▤[0m[38;2;188;209;108m[48;2;78;64;82m▤[0m[38;2;191;201;117m[48;2;78;66;88m▤[0m[38;2;195;194;127m[48;2;82;75;91m▤[0m[38;2;200;188;138m[48;2;89;91;90m▤[0m[38;2;205;183;151m[48;2;99;110;86m▤[0m[38;2;210;179;165m[48;2;111;130;79m▤[0m[38;2;214;175;182m[48;2;127;148;71m▤[0m[38;2;217;172;201m[48;2;143;164;65m▤[0m[38;2;220;170;223m[48;2;159;176;60m▤[0m[38;2;221;169;245m[48;2;174;183;57m▤[0m[38;2;221;171;11m[48;2;189;185;56m▤[0m[38;2;218;177;31m[48;2;203;186;59m▤[0m[38;2;212;188;50m[48;2;217;187;65m▤[0m[38;2;202;201;65m[48;2;228;189;73m▤[0m[38;2;189;214;76m[48;2;235;192;84m▤[0m[38;2;171;229;83m[48;2;238;195;97m▤[0m[38;2;148;242;87m[48;2;237;200;112m▤[0m[38;2;121;251;89m[48;2;232;205;127m▤[0m[38;2;92;1;88m[48;2;223;211;140m▤[0m[38;2;59;0;86m[48;2;210;215;151m▤[0m[38;2;26;251;84m[48;2;193;215;161m▤[0m[38;2;248;242;83m[48;2;175;211;168m▤[0m[38;2;217;229;84m[48;2;157;203;171m▤[0m[38;2;190;217;88m[48;2;137;191;173m▤[0m[38;2;168;207;94m[48;2;116;174;175m▤[0m[38;2;155;197;104m[48;2;96;156;176m▤[0m[38;2;149;189;116m[48;2;76;137;178m▤[0m[38;2;154;181;132m[48;2;55;117;180m▤[0m[38;2;167;173;151m[48;2;35;100;183m▤[0m[38;2;189;165;170m[48;2;16;86;185m▤[0m[38;2;217;155;188m[48;2;251;75;187m▤[0m[38;2;249;143;206m[48;2;231;72;189m▤[0m[38;2;25;130;221m[48;2;214;77;188m▤[0m[38;2;52;114;232m[48;2;201;88;184m▤[0m[38;2;73;102;237m[48;2;192;101;181m▤[0m[38;2;86;92;239m[48;2;186;117;177m▤[0m[38;2;89;85;236m[48;2;188;130;173m▤[0m[38;2;83;87;229m[48;2;197;140;170m▤[0m[38;2;68;95;218m[48;2;213;143;170m▤[0m[38;2;49;106;206m[48;2;233;140;175m▤[0m[38;2;25;119;194m[48;2;2;130;184m▤[0m[38;2;0;129;182m[48;2;24;117;193m▤[0m[38;2;231;137;172m[48;2;47;103;204m▤[0m[38;2;211;140;167m[48;2;66;92;215m▤[0m[38;2;196;136;168m[48;2;80;84;226m▤[0m[38;2;187;126;171m[48;2;86;83;233m▤[0m[38;2;186;113;174m[48;2;82;90;235m▤[0m[38;2;191;98;178m[48;2;69;100;234m▤[0m[38;2;200;85;182m[48;2;48;112;228m▤[0m[38;2;213;75;185m[48;2;21;127;217m▤[0m[38;2;229;70;186m[48;2;246;140;202m▤[0m[38;2;249;73;184m[48;2;214;152;184m▤[0m[38;2;13;84;182m[48;2;187;161;166m▤[0m[38;2;33;98;179m[48;2;165;170;148m▤[0m[38;2;53;114;177m[48;2;153;178;129m▤[0m[38;2;73;134;175m[48;2;149;186;113m▤[0m[38;2;93;153;173m[48;2;154;194;101m▤[0m[38;2;113;171;172m[48;2;167;204;92m▤[0m[38;2;134;187;170m[48;2;188;214;85m▤[0m[38;2;154;199;168m[48;2;215;226;82m▤[0m[38;2;172;207;164m[48;2;246;239;81m▤[0m[38;2;190;211;157m[48;2;24;247;81m▤[0m[38;2;207;211;148m[48;2;56;252;83m▤[0m[38;2;220;207;137m[48;2;89;252;85m▤[0m[38;2;228;202;124m[48;2;118;247;86m▤[0m[38;2;233;197;109m[48;2;145;238;84m▤[0m[38;2;234;192;94m[48;2;167;225;80m▤[0m[38;2;231;189;81m[48;2;185;211;73m▤[0m[38;2;224;186;70m[48;2;198;198;62m▤[0m[38;2;214;184;62m[48;2;208;185;47m▤[0m[38;2;200;183;56m[48;2;214;174;28m▤[0m[38;2;185;182;54m[48;2;217;169;8m▤[0m[38;2;171;179;55m[48;2;217;167;242m▤[0m[38;2;156;172;58m[48;2;216;167;220m▤[0m[38;2;140;160;62m[48;2;213;169;198m▤[0m[38;2;124;144;68m[48;2;210;172;179m▤[0m[38;2;108;126;76m[48;2;206;176;163m▤[0m[38;2;96;106;83m[48;2;201;180;149m▤[0m[38;2;86;88;87m[48;2;196;185;136m▤[0m[38;2;79;72;88m[48;2;192;191;125m▤[0m[38;2;75;63;85m[48;2;188;198;115m▤[0m[38;2;75;62;79m[48;2;185;206;106m▤[0m[38;2;79;68;69m[48;2;182;215;97m▤[0m[38;2;86;83;55m[48;2;179;225;93m▤[0m[38;2;96;104;36m[48;2;177;232;95m▤[0m[38;2;108;128;12m[48;2;174;235;103m▤[0m[38;2;123;154;242m[48;2;171;234;117m▤[0m[38;2;136;178;215m[48;2;165;228;138m▤[0m[38;2;147;199;187m[48;2;156;216;161m▤[0m
[38;2;155;214;160m[48;2;145;197;186m▤[0m[38;2;162;224;136m[48;2;133;174;213m▤[0m[38;2;167;230;115m[48;2;120;150;240m▤[0m[38;2;171;231;101m[48;2;105;124;10m▤[0m[38;2;174;228;93m[48;2;93;100;33m▤[0m[38;2;176;222;91m[48;2;83;79;52m▤[0m[38;2;179;212;95m[48;2;76;65;66m▤[0m[38;2;182;203;104m[48;2;73;59;76m▤[0m[38;2;185;195;113m[48;2;73;61;82m▤[0m[38;2;189;188;123m[48;2;77;70;85m▤[0m[38;2;193;182;134m[48;2;84;86;84m▤[0m[38;2;198;177;147m[48;2;93;104;80m▤[0m[38;2;203;173;161m[48;2;106;124;73m▤[0m[38;2;207;169;177m[48;2;121;141;65m▤[0m[38;2;210;166;196m[48;2;137;157;59m▤[0m[38;2;213;164;218m[48;2;153;169;55m▤[0m[38;2;214;163;240m[48;2;168;176;52m▤[0m[38;2;214;165;6m[48;2;182;178;51m▤[0m[38;2;211;171;25m[48;2;196;180;54m▤[0m[38;2;205;182;44m[48;2;210;181;60m▤[0m[38;2;195;195;59m[48;2;221;183;68m▤[0m[38;2;182;208;70m[48;2;228;186;79m▤[0m[38;2;164;222;77m[48;2;231;189;91m▤[0m[38;2;141;235;81m[48;2;230;194;106m▤[0m[38;2;115;244;83m[48;2;225;199;121m▤[0m[38;2;86;248;82m[48;2;216;204;134m▤[0m[38;2;53;248;80m[48;2;203;208;145m▤[0m[38;2;21;243;78m[48;2;186;208;154m▤[0m[38;2;243;235;78m[48;2;169;204;161m▤[0m[38;2;213;222;79m[48;2;151;196;164m▤[0m[38;2;186;211;83m[48;2;131;184;167m▤[0m[38;2;165;201;89m[48;2;110;167;169m▤[0m[38;2;152;191;98m[48;2;90;150;170m▤[0m[38;2;146;183;110m[48;2;70;131;172m▤[0m[38;2;151;175;126m[48;2;50;111;174m▤[0m[38;2;164;167;145m[48;2;30;95;176m▤[0m[38;2;185;158;163m[48;2;10;81;179m▤[0m[38;2;213;148;181m[48;2;246;70;181m▤[0m[38;2;244;137;199m[48;2;226;67;182m▤[0m[38;2;19;124;214m[48;2;210;72;181m▤[0m[38;2;45;109;224m[48;2;197;83;178m▤[0m[38;2;66;97;230m[48;2;188;96;175m▤[0m[38;2;79;87;232m[48;2;183;111;171m▤[0m[38;2;82;81;229m[48;2;184;123;167m▤[0m[38;2;76;82;222m[48;2;193;133;164m▤[0m[38;2;62;90;211m[48;2;209;136;164m▤[0m[38;2;43;100;200m[48;2;229;133;169m▤[0m[38;2;20;113;188m[48;2;252;124;178m▤[0m[38;2;250;122;176m[48;2;19;111;187m▤[0m[38;2;226;130;166m[48;2;41;97;197m▤[0m[38;2;207;133;161m[48;2;59;87;208m▤[0m[38;2;192;129;162m[48;2;73;79;219m▤[0m[38;2;183;119;165m[48;2;79;78;226m▤[0m[38;2;182;107;168m[48;2;75;85;228m▤[0m[38;2;187;92;172m[48;2;62;94;227m▤[0m[38;2;196;80;175m[48;2;41;106;221m▤[0m[38;2;208;70;178m[48;2;15;121;210m▤[0m[38;2;224;65;179m[48;2;240;134;195m▤[0m[38;2;244;68;178m[48;2;210;145;178m▤[0m[38;2;8;79;176m[48;2;183;155;160m▤[0m[38;2;28;92;173m[48;2;162;164;142m▤[0m[38;2;47;109;171m[48;2;150;172;123m▤[0m[38;2;67;128;169m[48;2;146;180;108m▤[0m[38;2;87;147;167m[48;2;151;188;96m▤[0m[38;2;107;164;166m[48;2;164;198;86m▤[0m[38;2;128;180;164m[48;2;184;208;80m▤[0m[38;2;148;192;161m[48;2;211;219;77m▤[0m[38;2;166;200;157m[48;2;241;232;75m▤[0m[38;2;183;204;150m[48;2;18;240;75m▤[0m[38;2;200;204;141m[48;2;50;244;77m▤[0m[38;2;213;200;131m[48;2;83;244;79m▤[0m[38;2;221;195;118m[48;2;112;240;80m▤[0m[38;2;226;190;103m[48;2;138;231;78m▤[0m[38;2;227;186;88m[48;2;160;218;74m▤[0m[38;2;224;183;76m[48;2;178;205;67m▤[0m[38;2;217;180;65m[48;2;191;192;56m▤[0m[38;2;207;178;57m[48;2;201;179;41m▤[0m[38;2;193;177;51m[48;2;207;168;22m▤[0m[38;2;179;175;49m[48;2;210;163;3m▤[0m[38;2;165;172;50m[48;2;210;161;237m▤[0m[38;2;150;165;53m[48;2;209;161;215m▤[0m[38;2;134;153;57m[48;2;206;163;193m▤[0m[38;2;118;137;63m[48;2;203;166;175m▤[0m[38;2;103;120;70m[48;2;199;170;159m▤[0m[38;2;90;100;77m[48;2;194;174;145m▤[0m[38;2;81;83;81m[48;2;190;179;132m▤[0m[38;2;74;67;82m[48;2;186;185;121m▤[0m[38;2;70;59;79m[48;2;182;192;111m▤[0m[38;2;70;57;73m[48;2;179;200;102m▤[0m[38;2;74;63;63m[48;2;176;209;93m▤[0m[38;2;81;78;49m[48;2;173;218;89m▤[0m[38;2;90;98;30m[48;2;171;225;91m▤[0m[38;2;102;122;7m[48;2;168;228;99m▤[0m[38;2;117;147;237m[48;2;164;227;114m▤[0m[38;2;130;171;210m[48;2;158;220;134m▤[0m[38;2;141;192;182m[48;2;150;209;157m▤[0m
[38;2;148;207;156m[48;2;139;190;181m▤[0m[38;2;155;217;132m[48;2;127;167;208m▤[0m[38;2;160;223;112m[48;2;114;143;235m▤[0m[38;2;164;224;98m[48;2;99;118;4m▤[0m[38;2;167;221;90m[48;2;87;95;27m▤[0m[38;2;170;215;88m[48;2;78;74;46m▤[0m[38;2;173;206;91m[48;2;71;60;60m▤[0m[38;2;176;197;100m[48;2;68;55;70m▤[0m[38;2;179;189;109m[48;2;68;57;76m▤[0m[38;2;183;182;119m[48;2;72;65;79m▤[0m[38;2;187;176;130m[48;2;79;81;78m▤[0m[38;2;191;171;143m[48;2;88;98;74m▤[0m[38;2;196;167;157m[48;2;100;117;67m▤[0m[38;2;200;163;173m[48;2;115;134;60m▤[0m[38;2;203;160;191m[48;2;131;150;54m▤[0m[38;2;206;158;213m[48;2;147;162;50m▤[0m[38;2;207;157;235m[48;2;162;169;47m▤[0m[38;2;207;159;0m[48;2;176;172;46m▤[0m[38;2;204;165;19m[48;2;190;174;49m▤[0m[38;2;198;176;38m[48;2;203;175;55m▤[0m[38;2;188;189;53m[48;2;214;177;63m▤[0m[38;2;175;202;64m[48;2;221;180;73m▤[0m[38;2;157;215;71m[48;2;224;183;85m▤[0m[38;2;134;228;75m[48;2;223;187;100m▤[0m[38;2;109;236;77m[48;2;218;192;115m▤[0m[38;2;80;240;76m[48;2;209;197;128m▤[0m[38;2;47;240;74m[48;2;196;201;138m▤[0m[38;2;15;236;72m[48;2;180;201;147m▤[0m[38;2;238;228;72m[48;2;163;197;154m▤[0m[38;2;208;216;74m[48;2;145;189;158m▤[0m[38;2;182;205;78m[48;2;125;177;161m▤[0m[38;2;162;195;84m[48;2;104;161;163m▤[0m[38;2;149;185;93m[48;2;84;144;164m▤[0m[38;2;143;177;105m[48;2;64;125;166m▤[0m[38;2;148;169;120m[48;2;44;106;168m▤[0m[38;2;161;161;139m[48;2;25;89;170m▤[0m[38;2;181;152;157m[48;2;5;76;173m▤[0m[38;2;208;142;175m[48;2;241;65;175m▤[0m[38;2;239;131;192m[48;2;221;62;175m▤[0m[38;2;13;118;207m[48;2;205;67;174m▤[0m[38;2;39;103;217m[48;2;193;78;172m▤[0m[38;2;59;91;223m[48;2;184;90;169m▤[0m[38;2;72;82;225m[48;2;179;105;165m▤[0m[38;2;75;76;222m[48;2;180;117;161m▤[0m[38;2;69;77;215m[48;2;189;126;158m▤[0m[38;2;56;84;204m[48;2;205;129;158m▤[0m[38;2;37;94;193m[48;2;224;126;163m▤[0m[38;2;14;107;182m[48;2;247;117;172m▤[0m[38;2;245;116;170m[48;2;13;105;181m▤[0m[38;2;222;123;160m[48;2;35;92;191m▤[0m[38;2;203;126;156m[48;2;53;82;201m▤[0m[38;2;188;122;156m[48;2;66;74;212m▤[0m[38;2;179;113;159m[48;2;72;73;219m▤[0m[38;2;178;101;162m[48;2;68;80;221m▤[0m[38;2;183;87;166m[48;2;55;89;220m▤[0m[38;2;191;75;169m[48;2;35;101;214m▤[0m[38;2;203;65;171m[48;2;9;115;203m▤[0m[38;2;219;60;172m[48;2;235;128;188m▤[0m[38;2;239;63;171m[48;2;205;139;171m▤[0m[38;2;3;74;169m[48;2;179;149;154m▤[0m[38;2;22;87;167m[48;2;159;158;136m▤[0m[38;2;41;103;165m[48;2;147;166;117m▤[0m[38;2;61;122;163m[48;2;143;174;102m▤[0m[38;2;81;141;161m[48;2;148;182;90m▤[0m[38;2;101;158;160m[48;2;160;192;81m▤[0m[38;2;122;173;158m[48;2;180;202;75m▤[0m[38;2;142;185;155m[48;2;206;213;71m▤[0m[38;2;160;193;150m[48;2;236;225;69m▤[0m[38;2;177;197;143m[48;2;13;233;69m▤[0m[38;2;193;197;135m[48;2;45;237;71m▤[0m[38;2;206;193;125m[48;2;77;237;73m▤[0m[38;2;214;188;112m[48;2;106;233;74m▤[0m[38;2;219;184;97m[48;2;131;224;72m▤[0m[38;2;220;180;83m[48;2;153;211;68m▤[0m[38;2;217;177;70m[48;2;171;198;61m▤[0m[38;2;210;174;60m[48;2;184;185;50m▤[0m[38;2;200;172;52m[48;2;194;173;35m▤[0m[38;2;186;171;46m[48;2;200;162;16m▤[0m[38;2;173;169;44m[48;2;203;157;252m▤[0m[38;2;159;165;45m[48;2;203;155;232m▤[0m[38;2;144;158;48m[48;2;202;155;210m▤[0m[38;2;128;146;52m[48;2;199;157;189m▤[0m[38;2;112;131;58m[48;2;196;160;171m▤[0m[38;2;97;114;64m[48;2;192;164;155m▤[0m[38;2;85;95;71m[48;2;188;168;141m▤[0m[38;2;76;78;75m[48;2;184;173;128m▤[0m[38;2;69;62;76m[48;2;180;179;117m▤[0m[38;2;65;54;73m[48;2;176;186;107m▤[0m[38;2;65;53;67m[48;2;173;194;98m▤[0m[38;2;69;59;57m[48;2;170;203;89m▤[0m[38;2;76;73;43m[48;2;167;211;86m▤[0m[38;2;85;93;24m[48;2;164;218;88m▤[0m[38;2;97;116;1m[48;2;161;221;96m▤[0m[38;2;111;141;232m[48;2;157;219;110m▤[0m[38;2;124;164;205m[48;2;151;213;130m▤[0m[38;2;134;185;178m[48;2;143;202;153m▤[0m
[38;2;141;200;152m[48;2;132;183;177m▤[0m[38;2;148;210;128m[48;2;121;160;203m▤[0m[38;2;154;216;108m[48;2;108;137;229m▤[0m[38;2;158;217;94m[48;2;94;112;253m▤[0m[38;2;161;214;87m[48;2;82;89;21m▤[0m[38;2;164;208;85m[48;2;73;69;40m▤[0m[38;2;167;199;88m[48;2;66;56;54m▤[0m[38;2;170;191;96m[48;2;63;51;64m▤[0m[38;2;173;183;105m[48;2;63;52;70m▤[0m[38;2;177;176;115m[48;2;67;60;73m▤[0m[38;2;181;170;126m[48;2;74;75;72m▤[0m[38;2;185;165;139m[48;2;83;92;68m▤[0m[38;2;189;161;153m[48;2;95;111;61m▤[0m[38;2;193;157;169m[48;2;109;128;55m▤[0m[38;2;196;154;187m[48;2;125;143;49m▤[0m[38;2;199;152;208m[48;2;141;155;45m▤[0m[38;2;200;151;230m[48;2;156;162;42m▤[0m[38;2;200;153;250m[48;2;170;165;41m▤[0m[38;2;197;159;14m[48;2;183;167;44m▤[0m[38;2;191;170;32m[48;2;196;169;50m▤[0m[38;2;181;183;47m[48;2;207;171;58m▤[0m[38;2;168;195;58m[48;2;214;174;68m▤[0m[38;2;150;208;65m[48;2;217;177;80m▤[0m[38;2;128;221;69m[48;2;216;181;94m▤[0m[38;2;103;229;71m[48;2;211;185;109m▤[0m[38;2;74;233;70m[48;2;202;190;122m▤[0m[38;2;42;233;68m[48;2;189;194;132m▤[0m[38;2;10;229;66m[48;2;173;194;140m▤[0m[38;2;233;221;66m[48;2;157;190;147m▤[0m[38;2;204;209;68m[48;2;139;182;152m▤[0m[38;2;178;199;72m[48;2;119;170;155m▤[0m[38;2;158;189;79m[48;2;98;155;157m▤[0m[38;2;145;179;88m[48;2;78;138;158m▤[0m[38;2;140;171;100m[48;2;58;119;160m▤[0m[38;2;145;163;115m[48;2;38;100;162m▤[0m[38;2;157;155;133m[48;2;19;84;164m▤[0m[38;2;177;146;151m[48;2;0;71;166m▤[0m[38;2;204;136;168m[48;2;236;60;168m▤[0m[38;2;234;125;185m[48;2;216;58;168m▤[0m[38;2;7;112;200m[48;2;201;62;167m▤[0m[38;2;33;98;210m[48;2;189;72;165m▤[0m[38;2;52;86;216m[48;2;180;84;162m▤[0m[38;2;65;77;218m[48;2;175;99;159m▤[0m[38;2;68;71;215m[48;2;176;110;155m▤[0m[38;2;62;72;208m[48;2;185;119;152m▤[0m[38;2;49;79;197m[48;2;201;122;153m▤[0m[38;2;31;89;187m[48;2;220;119;157m▤[0m[38;2;9;101;176m[48;2;242;111;166m▤[0m[38;2;240;109;164m[48;2;8;99;175m▤[0m[38;2;217;116;155m[48;2;29;86;184m▤[0m[38;2;199;119;150m[48;2;47;76;194m▤[0m[38;2;184;115;150m[48;2;59;69;205m▤[0m[38;2;175;107;153m[48;2;65;68;212m▤[0m[38;2;174;95;156m[48;2;61;75;214m▤[0m[38;2;179;81;159m[48;2;48;84;213m▤[0m[38;2;187;69;162m[48;2;29;95;207m▤[0m[38;2;199;60;164m[48;2;3;109;196m▤[0m[38;2;214;56;165m[48;2;230;122;181m▤[0m[38;2;234;59;164m[48;2;201;133;165m▤[0m[38;2;253;69;163m[48;2;175;143;148m▤[0m[38;2;17;82;161m[48;2;155;152;130m▤[0m[38;2;36;98;159m[48;2;143;160;112m▤[0m[38;2;55;116;157m[48;2;139;168;97m▤[0m[38;2;75;135;155m[48;2;144;176;85m▤[0m[38;2;95;152;154m[48;2;156;186;76m▤[0m[38;2;116;166;152m[48;2;176;196;70m▤[0m[38;2;136;178;149m[48;2;202;207;66m▤[0m[38;2;154;186;144m[48;2;231;218;64m▤[0m[38;2;170;190;137m[48;2;8;226;64m▤[0m[38;2;186;190;129m[48;2;39;230;65m▤[0m[38;2;199;186;119m[48;2;71;230;67m▤[0m[38;2;207;182;106m[48;2;100;226;68m▤[0m[38;2;212;178;91m[48;2;125;217;66m▤[0m[38;2;213;174;77m[48;2;146;204;62m▤[0m[38;2;210;171;65m[48;2;164;191;55m▤[0m[38;2;203;168;55m[48;2;177;179;44m▤[0m[38;2;193;166;47m[48;2;187;167;29m▤[0m[38;2;180;164;41m[48;2;193;157;11m▤[0m[38;2;167;162;39m[48;2;196;151;247m▤[0m[38;2;153;158;40m[48;2;196;149;227m▤[0m[38;2;138;151;43m[48;2;195;149;205m▤[0m[38;2;122;139;47m[48;2;192;151;185m▤[0m[38;2;106;125;52m[48;2;189;154;167m▤[0m[38;2;92;108;58m[48;2;185;158;151m▤[0m[38;2;80;89;65m[48;2;182;162;137m▤[0m[38;2;71;72;69m[48;2;178;167;124m▤[0m[38;2;64;57;70m[48;2;174;173;113m▤[0m[38;2;60;49;67m[48;2;170;180;103m▤[0m[38;2;60;48;61m[48;2;167;188;94m▤[0m[38;2;64;54;51m[48;2;164;196;86m▤[0m[38;2;71;68;37m[48;2;161;204;83m▤[0m[38;2;80;87;18m[48;2;158;211;85m▤[0m[38;2;91;110;250m[48;2;155;214;93m▤[0m[38;2;105;134;226m[48;2;151;212;107m▤[0m[38;2;118;157;200m[48;2;145;206;126m▤[0m[38;2;128;178;173m[48;2;137;195;149m▤[0m
[38;2;135;193;147m[48;2;126;176;172m▤[0m[38;2;142;203;124m[48;2;115;154;198m▤[0m[38;2;148;209;105m[48;2;102;131;224m▤[0m[38;2;152;210;91m[48;2;88;106;248m▤[0m[38;2;155;207;84m[48;2;77;84;15m▤[0m[38;2;158;201;82m[48;2;68;64;34m▤[0m[38;2;161;193;85m[48;2;61;52;48m▤[0m[38;2;164;185;92m[48;2;58;46;58m▤[0m[38;2;167;177;101m[48;2;58;47;64m▤[0m[38;2;171;170;111m[48;2;62;55;67m▤[0m[38;2;175;164;122m[48;2;69;70;66m▤[0m[38;2;179;159;135m[48;2;78;86;62m▤[0m[38;2;183;155;149m[48;2;89;105;55m▤[0m[38;2;186;151;165m[48;2;103;122;49m▤[0m[38;2;189;148;183m[48;2;119;136;44m▤[0m[38;2;192;146;203m[48;2;135;148;40m▤[0m[38;2;193;145;225m[48;2;150;155;37m▤[0m[38;2;193;147;245m[48;2;164;159;36m▤[0m[38;2;190;154;9m[48;2;177;161;39m▤[0m[38;2;184;164;26m[48;2;189;163;45m▤[0m[38;2;174;176;41m[48;2;200;165;53m▤[0m[38;2;161;188;52m[48;2;207;168;63m▤[0m[38;2;143;201;59m[48;2;210;171;75m▤[0m[38;2;121;214;63m[48;2;209;175;88m▤[0m[38;2;96;222;65m[48;2;204;179;103m▤[0m[38;2;68;226;64m[48;2;195;183;116m▤[0m[38;2;36;226;62m[48;2;182;187;126m▤[0m[38;2;5;222;61m[48;2;167;187;134m▤[0m[38;2;228;214;61m[48;2;151;183;141m▤[0m[38;2;199;203;63m[48;2;133;175;146m▤[0m[38;2;174;193;67m[48;2;113;163;149m▤[0m[38;2;154;183;74m[48;2;92;148;151m▤[0m[38;2;142;173;83m[48;2;72;132;152m▤[0m[38;2;137;165;95m[48;2;52;113;154m▤[0m[38;2;141;157;109m[48;2;33;95;156m▤[0m[38;2;153;149;127m[48;2;14;79;158m▤[0m[38;2;173;140;145m[48;2;250;66;160m▤[0m[38;2;199;130;162m[48;2;231;56;161m▤[0m[38;2;228;119;178m[48;2;212;53;161m▤[0m[38;2;1;106;193m[48;2;197;57;160m▤[0m[38;2;26;92;203m[48;2;185;67;159m▤[0m[38;2;45;81;209m[48;2;176;79;156m▤[0m[38;2;58;72;211m[48;2;171;93;153m▤[0m[38;2;61;66;208m[48;2;172;104;149m▤[0m[38;2;55;67;201m[48;2;181;112;146m▤[0m[38;2;43;74;191m[48;2;197;115;147m▤[0m[38;2;25;84;181m[48;2;215;112;152m▤[0m[38;2;4;95;170m[48;2;237;105;160m▤[0m[38;2;235;103;158m[48;2;3;93;168m▤[0m[38;2;213;109;149m[48;2;23;81;178m▤[0m[38;2;195;112;144m[48;2;40;71;188m▤[0m[38;2;180;108;144m[48;2;52;64;198m▤[0m[38;2;171;100;147m[48;2;58;63;205m▤[0m[38;2;170;89;150m[48;2;54;70;207m▤[0m[38;2;175;76;153m[48;2;41;79;206m▤[0m[38;2;183;64;156m[48;2;22;90;200m▤[0m[38;2;195;55;158m[48;2;252;103;189m▤[0m[38;2;210;51;158m[48;2;225;116;174m▤[0m[38;2;229;54;158m[48;2;196;127;159m▤[0m[38;2;248;64;157m[48;2;171;137;142m▤[0m[38;2;12;77;155m[48;2;151;146;124m▤[0m[38;2;31;92;153m[48;2;139;154;106m▤[0m[38;2;50;110;151m[48;2;136;162;92m▤[0m[38;2;69;129;149m[48;2;140;170;80m▤[0m[38;2;89;145;148m[48;2;152;180;71m▤[0m[38;2;110;159;146m[48;2;172;190;65m▤[0m[38;2;130;171;143m[48;2;197;200;61m▤[0m[38;2;148;179;138m[48;2;226;211;59m▤[0m[38;2;164;183;131m[48;2;3;219;59m▤[0m[38;2;179;183;123m[48;2;34;223;59m▤[0m[38;2;192;180;113m[48;2;65;223;61m▤[0m[38;2;200;176;100m[48;2;93;219;62m▤[0m[38;2;205;172;85m[48;2;118;210;60m▤[0m[38;2;206;168;72m[48;2;139;197;56m▤[0m[38;2;203;165;60m[48;2;157;185;49m▤[0m[38;2;196;162;50m[48;2;170;173;38m▤[0m[38;2;186;160;42m[48;2;180;161;23m▤[0m[38;2;174;158;36m[48;2;186;151;6m▤[0m[38;2;161;156;34m[48;2;189;145;242m▤[0m[38;2;147;151;35m[48;2;189;143;222m▤[0m[38;2;132;144;38m[48;2;188;143;200m▤[0m[38;2;116;133;42m[48;2;185;145;180m▤[0m[38;2;100;119;47m[48;2;182;148;163m▤[0m[38;2;86;102;53m[48;2;179;152;147m▤[0m[38;2;75;83;59m[48;2;176;156;133m▤[0m[38;2;66;67;63m[48;2;172;161;120m▤[0m[38;2;59;52;64m[48;2;168;167;109m▤[0m[38;2;55;44;61m[48;2;164;174;99m▤[0m[38;2;55;43;55m[48;2;161;182;90m▤[0m[38;2;59;50;45m[48;2;158;190;83m▤[0m[38;2;66;63;31m[48;2;155;197;80m▤[0m[38;2;75;82;12m[48;2;152;204;82m▤[0m[38;2;86;104;245m[48;2;149;207;90m▤[0m[38;2;99;128;221m[48;2;145;205;103m▤[0m[38;2;112;151;195m[48;2;139;199;122m▤[0m[38;2;122;171;168m[48;2;131;188;144m▤[0m
[38;2;129;186;143m[48;2;120;169;167m▤[0m[38;2;136;196;120m[48;2;109;148;193m▤[0m[38;2;142;202;101m[48;2;96;125;219m▤[0m[38;2;146;203;88m[48;2;83;101;242m▤[0m[38;2;149;200;81m[48;2;72;79;9m▤[0m[38;2;152;194;79m[48;2;63;60;28m▤[0m[38;2;155;186;81m[48;2;56;47;42m▤[0m[38;2;158;179;88m[48;2;53;41;52m▤[0m[38;2;161;171;97m[48;2;53;42;58m▤[0m[38;2;165;164;107m[48;2;57;50;61m▤[0m[38;2;169;158;118m[48;2;64;64;60m▤[0m[38;2;173;153;131m[48;2;73;81;56m▤[0m[38;2;176;149;145m[48;2;84;99;50m▤[0m[38;2;179;145;161m[48;2;97;116;44m▤[0m[38;2;182;142;178m[48;2;113;130;39m▤[0m[38;2;185;140;198m[48;2;129;141;35m▤[0m[38;2;186;139;220m[48;2;144;148;32m▤[0m[38;2;186;142;240m[48;2;158;152;31m▤[0m[38;2;183;148;3m[48;2;171;155;34m▤[0m[38;2;177;158;20m[48;2;183;157;40m▤[0m[38;2;167;170;35m[48;2;193;159;48m▤[0m[38;2;154;182;46m[48;2;200;162;58m▤[0m[38;2;136;194;53m[48;2;203;165;69m▤[0m[38;2;114;207;57m[48;2;202;169;82m▤[0m[38;2;90;215;59m[48;2;197;173;97m▤[0m[38;2;62;219;58m[48;2;188;177;110m▤[0m[38;2;31;219;56m[48;2;175;180;120m▤[0m[38;2;0;215;56m[48;2;160;180;128m▤[0m[38;2;223;207;56m[48;2;144;176;135m▤[0m[38;2;195;197;58m[48;2;127;168;140m▤[0m[38;2;170;187;62m[48;2;107;156;143m▤[0m[38;2;150;177;69m[48;2;86;142;145m▤[0m[38;2;138;167;78m[48;2;66;126;146m▤[0m[38;2;134;159;89m[48;2;47;107;148m▤[0m[38;2;138;151;104m[48;2;28;89;150m▤[0m[38;2;150;143;121m[48;2;9;74;152m▤[0m[38;2;169;134;139m[48;2;245;61;154m▤[0m[38;2;194;124;156m[48;2;226;51;155m▤[0m[38;2;223;113;171m[48;2;208;48;155m▤[0m[38;2;250;100;186m[48;2;193;52;154m▤[0m[38;2;20;87;196m[48;2;181;62;153m▤[0m[38;2;38;76;202m[48;2;172;74;150m▤[0m[38;2;51;67;204m[48;2;167;87;147m▤[0m[38;2;54;61;201m[48;2;168;98;143m▤[0m[38;2;48;62;194m[48;2;177;105;140m▤[0m[38;2;36;69;184m[48;2;192;108;141m▤[0m[38;2;19;78;174m[48;2;211;105;146m▤[0m[38;2;253;89;164m[48;2;232;98;154m▤[0m[38;2;230;97;152m[48;2;252;87;162m▤[0m[38;2;209;103;143m[48;2;17;75;172m▤[0m[38;2;190;105;138m[48;2;34;66;182m▤[0m[38;2;176;101;138m[48;2;45;59;191m▤[0m[38;2;167;94;141m[48;2;51;59;198m▤[0m[38;2;166;83;144m[48;2;47;65;200m▤[0m[38;2;171;70;147m[48;2;34;74;199m▤[0m[38;2;179;59;150m[48;2;16;84;193m▤[0m[38;2;191;50;151m[48;2;246;97;182m▤[0m[38;2;206;46;152m[48;2;220;110;168m▤[0m[38;2;224;49;152m[48;2;192;121;153m▤[0m[38;2;243;59;151m[48;2;167;131;136m▤[0m[38;2;7;72;149m[48;2;148;140;118m▤[0m[38;2;26;87;147m[48;2;136;148;101m▤[0m[38;2;44;104;145m[48;2;133;156;86m▤[0m[38;2;63;123;143m[48;2;137;164;75m▤[0m[38;2;83;139;142m[48;2;149;174;66m▤[0m[38;2;104;153;140m[48;2;168;184;60m▤[0m[38;2;124;164;137m[48;2;193;194;56m▤[0m[38;2;141;172;132m[48;2;221;204;54m▤[0m[38;2;157;176;125m[48;2;253;212;53m▤[0m[38;2;172;176;117m[48;2;29;216;54m▤[0m[38;2;185;173;107m[48;2;59;216;55m▤[0m[38;2;193;170;94m[48;2;87;212;56m▤[0m[38;2;198;166;79m[48;2;111;203;54m▤[0m[38;2;199;162;66m[48;2;132;191;50m▤[0m[38;2;196;159;55m[48;2;150;179;43m▤[0m[38;2;189;156;45m[48;2;163;167;32m▤[0m[38;2;179;154;37m[48;2;173;155;17m▤[0m[38;2;167;152;31m[48;2;179;145;0m▤[0m[38;2;155;149;29m[48;2;182;139;237m▤[0m[38;2;141;144;30m[48;2;182;137;217m▤[0m[38;2;126;137;33m[48;2;181;137;195m▤[0m[38;2;110;126;37m[48;2;179;139;176m▤[0m[38;2;94;112;42m[48;2;176;142;159m▤[0m[38;2;81;96;47m[48;2;173;146;143m▤[0m[38;2;70;78;53m[48;2;170;150;129m▤[0m[38;2;61;61;57m[48;2;166;155;116m▤[0m[38;2;54;47;58m[48;2;162;161;105m▤[0m[38;2;50;39;55m[48;2;158;168;95m▤[0m[38;2;50;39;49m[48;2;155;176;86m▤[0m[38;2;54;45;39m[48;2;152;183;79m▤[0m[38;2;61;58;25m[48;2;149;190;77m▤[0m[38;2;70;77;6m[48;2;146;197;79m▤[0m[38;2;81;98;239m[48;2;143;200;87m▤[0m[38;2;93;122;216m[48;2;139;198;100m▤[0m[38;2;106;144;190m[48;2;133;192;118m▤[0m[38;2;116;164;164m[48;2;125;181;140m▤[0m
[38;2;123;179;139m[48;2;114;162;163m▤[0m[38;2;130;189;116m[48;2;103;141;188m▤[0m[38;2;136;195;98m[48;2;90;119;214m▤[0m[38;2;140;196;85m[48;2;78;95;237m▤[0m[38;2;143;193;78m[48;2;67;74;3m▤[0m[38;2;146;187;75m[48;2;58;55;22m▤[0m[38;2;149;180;77m[48;2;51;42;36m▤[0m[38;2;152;173;84m[48;2;48;36;46m▤[0m[38;2;155;165;93m[48;2;48;37;52m▤[0m[38;2;159;158;103m[48;2;52;45;55m▤[0m[38;2;163;152;114m[48;2;59;59;54m▤[0m[38;2;167;147;127m[48;2;68;75;50m▤[0m[38;2;170;143;141m[48;2;79;93;44m▤[0m[38;2;173;139;157m[48;2;92;109;39m▤[0m[38;2;176;136;174m[48;2;107;123;34m▤[0m[38;2;178;134;193m[48;2;123;134;30m▤[0m[38;2;179;134;215m[48;2;138;141;27m▤[0m[38;2;179;136;235m[48;2;152;146;26m▤[0m[38;2;176;142;253m[48;2;164;149;29m▤[0m[38;2;170;152;14m[48;2;176;151;35m▤[0m[38;2;160;164;29m[48;2;186;153;43m▤[0m[38;2;147;176;40m[48;2;193;156;53m▤[0m[38;2;129;188;47m[48;2;196;159;64m▤[0m[38;2;108;200;51m[48;2;195;163;77m▤[0m[38;2;84;208;53m[48;2;190;167;91m▤[0m[38;2;56;212;52m[48;2;181;170;104m▤[0m[38;2;26;212;51m[48;2;168;173;114m▤[0m[38;2;250;208;50m[48;2;154;173;122m▤[0m[38;2;218;200;51m[48;2;138;169;129m▤[0m[38;2;190;190;53m[48;2;121;161;134m▤[0m[38;2;166;181;57m[48;2;101;149;137m▤[0m[38;2;147;171;64m[48;2;80;135;139m▤[0m[38;2;135;161;73m[48;2;60;119;140m▤[0m[38;2;131;153;84m[48;2;41;101;142m▤[0m[38;2;135;145;98m[48;2;23;84;144m▤[0m[38;2;146;137;115m[48;2;4;69;146m▤[0m[38;2;165;128;133m[48;2;240;56;148m▤[0m[38;2;190;118;150m[48;2;221;46;149m▤[0m[38;2;218;107;165m[48;2;203;43;149m▤[0m[38;2;244;94;179m[48;2;189;47;148m▤[0m[38;2;13;81;189m[48;2;177;57;147m▤[0m[38;2;32;71;195m[48;2;168;68;144m▤[0m[38;2;44;62;197m[48;2;163;81;141m▤[0m[38;2;47;56;194m[48;2;164;91;137m▤[0m[38;2;41;57;187m[48;2;173;98;134m▤[0m[38;2;30;64;178m[48;2;188;101;135m▤[0m[38;2;13;73;168m[48;2;206;99;140m▤[0m[38;2;248;83;158m[48;2;227;92;148m▤[0m[38;2;225;91;146m[48;2;247;81;156m▤[0m[38;2;204;96;137m[48;2;11;70;166m▤[0m[38;2;186;98;133m[48;2;28;61;175m▤[0m[38;2;172;95;132m[48;2;39;54;184m▤[0m[38;2;163;88;135m[48;2;44;54;191m▤[0m[38;2;162;77;138m[48;2;40;60;193m▤[0m[38;2;167;65;141m[48;2;28;68;192m▤[0m[38;2;175;54;144m[48;2;10;79;186m▤[0m[38;2;187;45;145m[48;2;241;91;175m▤[0m[38;2;201;41;146m[48;2;215;104;161m▤[0m[38;2;219;44;146m[48;2;188;115;146m▤[0m[38;2;238;54;145m[48;2;163;125;130m▤[0m[38;2;2;67;143m[48;2;144;134;112m▤[0m[38;2;20;82;141m[48;2;133;142;95m▤[0m[38;2;38;98;139m[48;2;130;150;81m▤[0m[38;2;57;116;137m[48;2;134;158;70m▤[0m[38;2;77;132;136m[48;2;145;168;61m▤[0m[38;2;98;146;134m[48;2;164;178;55m▤[0m[38;2;118;157;131m[48;2;189;187;51m▤[0m[38;2;135;165;126m[48;2;216;197;49m▤[0m[38;2;151;169;119m[48;2;248;205;48m▤[0m[38;2;165;169;111m[48;2;23;209;48m▤[0m[38;2;178;167;101m[48;2;53;209;49m▤[0m[38;2;186;164;88m[48;2;81;205;50m▤[0m[38;2;191;160;74m[48;2;105;196;48m▤[0m[38;2;192;156;61m[48;2;126;184;44m▤[0m[38;2;189;153;50m[48;2;143;173;37m▤[0m[38;2;182;150;40m[48;2;156;161;26m▤[0m[38;2;172;148;32m[48;2;166;149;11m▤[0m[38;2;161;146;26m[48;2;172;139;250m▤[0m[38;2;149;143;24m[48;2;175;133;232m▤[0m[38;2;135;138;25m[48;2;175;131;212m▤[0m[38;2;120;130;28m[48;2;174;131;190m▤[0m[38;2;104;119;32m[48;2;172;133;171m▤[0m[38;2;89;106;36m[48;2;170;136;154m▤[0m[38;2;76;90;41m[48;2;167;140;139m▤[0m[38;2;65;72;47m[48;2;164;144;125m▤[0m[38;2;56;56;51m[48;2;160;149;112m▤[0m[38;2;49;42;52m[48;2;156;155;101m▤[0m[38;2;45;35;49m[48;2;152;162;91m▤[0m[38;2;45;34;43m[48;2;149;170;82m▤[0m[38;2;49;40;33m[48;2;146;177;75m▤[0m[38;2;56;53;19m[48;2;143;184;73m▤[0m[38;2;65;72;0m[48;2;140;190;76m▤[0m[38;2;75;93;234m[48;2;137;193;84m▤[0m[38;2;87;116;211m[48;2;133;191;96m▤[0m[38;2;100;138;185m[48;2;127;185;114m▤[0m[38;2;110;157;160m[48;2;119;174;136m▤[0m
[38;2;117;172;135m[48;2;108;155;159m▤[0m[38;2;124;182;112m[48;2;97;135;183m▤[0m[38;2;130;188;94m[48;2;84;113;209m▤[0m[38;2;134;189;82m[48;2;72;90;232m▤[0m[38;2;137;186;74m[48;2;62;69;252m▤[0m[38;2;140;180;71m[48;2;53;50;16m▤[0m[38;2;143;174;73m[48;2;46;37;30m▤[0m[38;2;146;167;80m[48;2;43;32;40m▤[0m[38;2;149;159;89m[48;2;43;33;46m▤[0m[38;2;153;152;99m[48;2;47;40;49m▤[0m[38;2;157;146;110m[48;2;54;54;48m▤[0m[38;2;161;141;123m[48;2;63;70;44m▤[0m[38;2;164;137;137m[48;2;74;87;38m▤[0m[38;2;167;133;152m[48;2;86;103;33m▤[0m[38;2;169;130;169m[48;2;101;116;29m▤[0m[38;2;171;128;188m[48;2;117;127;25m▤[0m[38;2;172;128;210m[48;2;132;134;22m▤[0m[38;2;172;130;230m[48;2;146;139;21m▤[0m[38;2;169;136;247m[48;2;158;143;24m▤[0m[38;2;163;146;8m[48;2;169;145;30m▤[0m[38;2;153;158;23m[48;2;179;147;38m▤[0m[38;2;140;170;34m[48;2;186;150;48m▤[0m[38;2;122;182;41m[48;2;189;153;59m▤[0m[38;2;102;193;45m[48;2;188;157;71m▤[0m[38;2;78;201;47m[48;2;183;161;85m▤[0m[38;2;50;205;46m[48;2;174;164;98m▤[0m[38;2;20;205;45m[48;2;161;166;108m▤[0m[38;2;245;201;45m[48;2;147;166;116m▤[0m[38;2;214;193;46m[48;2;132;162;123m▤[0m[38;2;186;184;48m[48;2;115;154;128m▤[0m[38;2;162;175;52m[48;2;95;142;131m▤[0m[38;2;143;165;59m[48;2;74;129;133m▤[0m[38;2;132;155;68m[48;2;54;113;134m▤[0m[38;2;128;147;79m[48;2;35;95;136m▤[0m[38;2;132;139;93m[48;2;17;79;138m▤[0m[38;2;143;131;109m[48;2;254;64;140m▤[0m[38;2;161;122;127m[48;2;235;51;142m▤[0m[38;2;186;112;143m[48;2;216;41;143m▤[0m[38;2;213;101;158m[48;2;199;38;143m▤[0m[38;2;239;88;172m[48;2;185;42;142m▤[0m[38;2;7;76;182m[48;2;173;52;141m▤[0m[38;2;25;65;188m[48;2;164;63;138m▤[0m[38;2;37;57;190m[48;2;159;75;135m▤[0m[38;2;40;51;187m[48;2;161;85;131m▤[0m[38;2;35;52;180m[48;2;169;92;129m▤[0m[38;2;24;59;171m[48;2;184;94;130m▤[0m[38;2;7;67;162m[48;2;202;92;134m▤[0m[38;2;242;77;152m[48;2;222;86;142m▤[0m[38;2;220;84;140m[48;2;241;75;150m▤[0m[38;2;199;89;132m[48;2;5;64;159m▤[0m[38;2;182;91;127m[48;2;22;56;168m▤[0m[38;2;168;88;126m[48;2;33;49;177m▤[0m[38;2;159;82;129m[48;2;37;49;184m▤[0m[38;2;158;71;132m[48;2;33;55;186m▤[0m[38;2;163;59;135m[48;2;22;63;185m▤[0m[38;2;171;49;138m[48;2;4;73;179m▤[0m[38;2;183;40;139m[48;2;236;85;168m▤[0m[38;2;197;36;140m[48;2;210;98;155m▤[0m[38;2;214;39;140m[48;2;183;109;140m▤[0m[38;2;233;49;139m[48;2;159;119;124m▤[0m[38;2;252;62;137m[48;2;141;128;106m▤[0m[38;2;15;76;135m[48;2;130;136;90m▤[0m[38;2;33;92;133m[48;2;127;144;76m▤[0m[38;2;52;110;131m[48;2;131;152;65m▤[0m[38;2;71;126;130m[48;2;142;162;56m▤[0m[38;2;92;139;128m[48;2;160;172;50m▤[0m[38;2;112;150;125m[48;2;184;181;46m▤[0m[38;2;129;158;120m[48;2;212;190;44m▤[0m[38;2;144;162;113m[48;2;243;198;43m▤[0m[38;2;158;162;105m[48;2;18;202;43m▤[0m[38;2;171;160;95m[48;2;47;202;43m▤[0m[38;2;179;158;82m[48;2;75;198;44m▤[0m[38;2;184;154;68m[48;2;99;189;42m▤[0m[38;2;185;150;56m[48;2;119;178;38m▤[0m[38;2;182;147;45m[48;2;136;167;31m▤[0m[38;2;175;144;35m[48;2;149;155;20m▤[0m[38;2;165;142;27m[48;2;159;143;5m▤[0m[38;2;155;140;21m[48;2;165;133;244m▤[0m[38;2;143;136;19m[48;2;168;127;227m▤[0m[38;2;129;131;20m[48;2;168;125;207m▤[0m[38;2;114;123;23m[48;2;167;125;186m▤[0m[38;2;98;113;27m[48;2;166;127;167m▤[0m[38;2;83;100;31m[48;2;164;130;150m▤[0m[38;2;71;84;36m[48;2;161;134;135m▤[0m[38;2;60;67;41m[48;2;158;138;121m▤[0m[38;2;51;51;45m[48;2;154;143;108m▤[0m[38;2;44;37;46m[48;2;150;149;97m▤[0m[38;2;40;30;43m[48;2;146;156;87m▤[0m[38;2;40;30;37m[48;2;143;164;78m▤[0m[38;2;44;35;27m[48;2;140;171;71m▤[0m[38;2;51;48;13m[48;2;137;177;69m▤[0m[38;2;59;67;249m[48;2;134;183;72m▤[0m[38;2;69;87;229m[48;2;131;186;80m▤[0m[38;2;81;110;206m[48;2;127;184;92m▤[0m[38;2;94;132;180m[48;2;121;178;110m▤[0m[38;2;104;150;155m[48;2;113;167;132m▤[0m
[38;2;111;165;131m[48;2;102;148;154m▤[0m[38;2;118;175;108m[48;2;91;129;178m▤[0m[38;2;124;181;90m[48;2;78;107;204m▤[0m[38;2;128;182;78m[48;2;66;84;226m▤[0m[38;2;131;179;70m[48;2;56;64;246m▤[0m[38;2;134;174;67m[48;2;48;45;10m▤[0m[38;2;137;168;69m[48;2;41;33;24m▤[0m[38;2;140;161;76m[48;2;38;28;34m▤[0m[38;2;143;153;85m[48;2;38;28;40m▤[0m[38;2;147;146;95m[48;2;42;35;43m▤[0m[38;2;151;140;106m[48;2;49;49;42m▤[0m[38;2;155;135;119m[48;2;58;64;38m▤[0m[38;2;158;131;133m[48;2;68;81;33m▤[0m[38;2;161;127;148m[48;2;81;97;28m▤[0m[38;2;163;124;165m[48;2;95;110;24m▤[0m[38;2;164;122;184m[48;2;111;120;20m▤[0m[38;2;165;122;205m[48;2;126;128;17m▤[0m[38;2;165;124;224m[48;2;140;133;16m▤[0m[38;2;162;130;241m[48;2;152;137;19m▤[0m[38;2;156;140;2m[48;2;162;139;25m▤[0m[38;2;146;152;17m[48;2;172;141;33m▤[0m[38;2;133;164;28m[48;2;179;144;43m▤[0m[38;2;116;175;35m[48;2;182;147;54m▤[0m[38;2;96;186;39m[48;2;181;151;66m▤[0m[38;2;72;194;41m[48;2;176;155;79m▤[0m[38;2;44;198;40m[48;2;167;158;92m▤[0m[38;2;15;198;40m[48;2;155;159;102m▤[0m[38;2;240;194;40m[48;2;141;159;110m▤[0m[38;2;209;186;41m[48;2;126;155;117m▤[0m[38;2;182;178;43m[48;2;109;147;122m▤[0m[38;2;158;169;47m[48;2;89;136;125m▤[0m[38;2;140;159;54m[48;2;68;123;127m▤[0m[38;2;129;149;63m[48;2;49;107;128m▤[0m[38;2;125;141;74m[48;2;30;89;130m▤[0m[38;2;129;133;87m[48;2;12;73;132m▤[0m[38;2;139;125;103m[48;2;249;59;134m▤[0m[38;2;157;116;121m[48;2;230;46;136m▤[0m[38;2;181;106;137m[48;2;211;36;137m▤[0m[38;2;208;95;152m[48;2;194;34;137m▤[0m[38;2;233;82;165m[48;2;180;37;136m▤[0m[38;2;1;70;175m[48;2;169;47;135m▤[0m[38;2;19;60;181m[48;2;160;57;132m▤[0m[38;2;30;52;183m[48;2;155;69;129m▤[0m[38;2;33;46;180m[48;2;157;79;125m▤[0m[38;2;29;47;173m[48;2;165;85;123m▤[0m[38;2;18;54;165m[48;2;180;87;124m▤[0m[38;2;1;62;156m[48;2;197;85;129m▤[0m[38;2;237;71;146m[48;2;217;80;136m▤[0m[38;2;215;78;134m[48;2;236;69;144m▤[0m[38;2;195;83;126m[48;2;254;59;153m▤[0m[38;2;178;84;121m[48;2;16;51;162m▤[0m[38;2;164;82;120m[48;2;26;44;170m▤[0m[38;2;155;76;123m[48;2;30;44;177m▤[0m[38;2;154;65;126m[48;2;26;50;179m▤[0m[38;2;159;54;129m[48;2;15;58;178m▤[0m[38;2;167;44;132m[48;2;253;68;172m▤[0m[38;2;178;35;133m[48;2;230;79;161m▤[0m[38;2;192;32;134m[48;2;205;92;148m▤[0m[38;2;209;34;134m[48;2;179;103;134m▤[0m[38;2;228;44;133m[48;2;155;113;118m▤[0m[38;2;247;57;131m[48;2;137;122;100m▤[0m[38;2;10;71;129m[48;2;127;130;84m▤[0m[38;2;28;86;127m[48;2;124;138;71m▤[0m[38;2;46;104;125m[48;2;128;146;60m▤[0m[38;2;65;120;124m[48;2;139;156;51m▤[0m[38;2;86;133;122m[48;2;156;166;45m▤[0m[38;2;106;143;119m[48;2;180;175;41m▤[0m[38;2;123;151;114m[48;2;207;183;39m▤[0m[38;2;138;155;107m[48;2;238;191;38m▤[0m[38;2;152;155;99m[48;2;12;195;37m▤[0m[38;2;164;154;89m[48;2;41;195;37m▤[0m[38;2;172;152;76m[48;2;69;191;38m▤[0m[38;2;177;148;63m[48;2;93;182;36m▤[0m[38;2;178;144;51m[48;2;113;172;32m▤[0m[38;2;175;141;40m[48;2;129;161;25m▤[0m[38;2;168;138;30m[48;2;142;149;14m▤[0m[38;2;159;136;22m[48;2;152;137;254m▤[0m[38;2;149;134;16m[48;2;158;127;239m▤[0m[38;2;137;130;14m[48;2;161;121;221m▤[0m[38;2;123;125;15m[48;2;161;119;202m▤[0m[38;2;108;117;18m[48;2;161;119;181m▤[0m[38;2;92;107;22m[48;2;160;121;163m▤[0m[38;2;78;94;26m[48;2;158;124;146m▤[0m[38;2;65;78;31m[48;2;155;128;131m▤[0m[38;2;55;61;35m[48;2;152;132;117m▤[0m[38;2;46;46;39m[48;2;148;137;104m▤[0m[38;2;39;33;40m[48;2;144;143;93m▤[0m[38;2;35;26;37m[48;2;140;150;83m▤[0m[38;2;35;25;31m[48;2;137;158;74m▤[0m[38;2;39;31;21m[48;2;134;165;67m▤[0m[38;2;46;43;7m[48;2;131;171;65m▤[0m[38;2;54;61;243m[48;2;128;176;68m▤[0m[38;2;64;82;223m[48;2;125;179;76m▤[0m[38;2;75;104;201m[48;2;121;177;89m▤[0m[38;2;88;125;175m[48;2;115;171;106m▤[0m[38;2;98;143;151m[48;2;107;160;128m▤[0m
[38;2;105;158;127m[48;2;96;141;150m▤[0m[38;2;112;168;104m[48;2;85;122;173m▤[0m[38;2;118;174;87m[48;2;72;101;198m▤[0m[38;2;122;175;74m[48;2;61;79;220m▤[0m[38;2;125;172;66m[48;2;51;59;240m▤[0m[38;2;128;167;64m[48;2;43;40;4m▤[0m[38;2;131;161;66m[48;2;36;29;18m▤[0m[38;2;134;155;72m[48;2;33;23;28m▤[0m[38;2;137;147;81m[48;2;33;24;34m▤[0m[38;2;141;140;91m[48;2;37;31;37m▤[0m[38;2;145;134;102m[48;2;44;44;36m▤[0m[38;2;149;129;115m[48;2;53;59;32m▤[0m[38;2;152;125;129m[48;2;63;75;28m▤[0m[38;2;155;121;144m[48;2;75;91;23m▤[0m[38;2;157;118;161m[48;2;89;104;19m▤[0m[38;2;158;116;179m[48;2;105;114;15m▤[0m[38;2;159;116;200m[48;2;120;122;12m▤[0m[38;2;158;118;219m[48;2;134;127;11m▤[0m[38;2;155;124;236m[48;2;146;131;14m▤[0m[38;2;149;134;252m[48;2;156;133;20m▤[0m[38;2;139;146;11m[48;2;165;135;28m▤[0m[38;2;126;158;22m[48;2;172;138;38m▤[0m[38;2;109;169;29m[48;2;175;141;49m▤[0m[38;2;89;179;33m[48;2;174;145;60m▤[0m[38;2;66;187;35m[48;2;169;149;73m▤[0m[38;2;38;191;34m[48;2;160;151;86m▤[0m[38;2;9;191;34m[48;2;148;152;96m▤[0m[38;2;235;187;35m[48;2;135;152;104m▤[0m[38;2;205;180;36m[48;2;120;148;111m▤[0m[38;2;178;172;38m[48;2;103;140;116m▤[0m[38;2;154;163;42m[48;2;83;130;119m▤[0m[38;2;137;153;49m[48;2;62;117;121m▤[0m[38;2;126;143;58m[48;2;43;101;122m▤[0m[38;2;122;135;69m[48;2;25;83;124m▤[0m[38;2;125;127;82m[48;2;7;68;126m▤[0m[38;2;136;119;97m[48;2;244;54;128m▤[0m[38;2;153;110;115m[48;2;225;41;130m▤[0m[38;2;177;100;131m[48;2;206;32;131m▤[0m[38;2;203;89;145m[48;2;189;29;131m▤[0m[38;2;228;76;158m[48;2;176;33;130m▤[0m[38;2;250;65;168m[48;2;165;42;129m▤[0m[38;2;12;55;174m[48;2;156;52;126m▤[0m[38;2;23;47;176m[48;2;151;63;123m▤[0m[38;2;26;41;173m[48;2;153;73;119m▤[0m[38;2;22;42;166m[48;2;161;79;117m▤[0m[38;2;12;49;159m[48;2;176;81;118m▤[0m[38;2;250;57;150m[48;2;193;79;123m▤[0m[38;2;232;65;140m[48;2;212;74;130m▤[0m[38;2;210;72;128m[48;2;231;63;138m▤[0m[38;2;190;77;120m[48;2;248;54;147m▤[0m[38;2;174;78;115m[48;2;9;46;156m▤[0m[38;2;160;76;114m[48;2;19;39;163m▤[0m[38;2;151;70;117m[48;2;23;39;170m▤[0m[38;2;150;59;120m[48;2;19;45;172m▤[0m[38;2;155;49;123m[48;2;9;53;171m▤[0m[38;2;163;39;126m[48;2;247;62;165m▤[0m[38;2;174;30;127m[48;2;225;73;154m▤[0m[38;2;188;27;128m[48;2;200;86;142m▤[0m[38;2;204;30;128m[48;2;174;97;128m▤[0m[38;2;223;39;127m[48;2;151;107;112m▤[0m[38;2;242;52;125m[48;2;134;116;94m▤[0m[38;2;5;65;123m[48;2;124;124;79m▤[0m[38;2;23;81;121m[48;2;121;132;66m▤[0m[38;2;41;98;119m[48;2;125;140;55m▤[0m[38;2;60;114;118m[48;2;135;150;46m▤[0m[38;2;80;127;116m[48;2;152;160;40m▤[0m[38;2;100;137;113m[48;2;176;169;36m▤[0m[38;2;117;144;108m[48;2;203;177;34m▤[0m[38;2;132;148;101m[48;2;233;184;33m▤[0m[38;2;145;149;93m[48;2;7;188;32m▤[0m[38;2;157;148;83m[48;2;35;188;32m▤[0m[38;2;165;146;70m[48;2;63;184;32m▤[0m[38;2;170;142;57m[48;2;86;175;30m▤[0m[38;2;171;138;46m[48;2;106;165;26m▤[0m[38;2;168;135;35m[48;2;122;155;19m▤[0m[38;2;161;132;25m[48;2;135;143;8m▤[0m[38;2;153;130;17m[48;2;145;131;249m▤[0m[38;2;143;128;11m[48;2;151;121;233m▤[0m[38;2;131;124;9m[48;2;154;115;216m▤[0m[38;2;117;119;10m[48;2;155;113;197m▤[0m[38;2;102;111;13m[48;2;155;113;177m▤[0m[38;2;86;101;17m[48;2;154;115;159m▤[0m[38;2;72;88;21m[48;2;152;118;142m▤[0m[38;2;60;72;25m[48;2;149;122;127m▤[0m[38;2;50;56;29m[48;2;146;126;113m▤[0m[38;2;41;41;33m[48;2;142;131;100m▤[0m[38;2;34;28;34m[48;2;138;137;89m▤[0m[38;2;30;21;31m[48;2;134;144;79m▤[0m[38;2;30;21;25m[48;2;131;152;70m▤[0m[38;2;34;27;15m[48;2;128;159;64m▤[0m[38;2;41;38;1m[48;2;125;164;62m▤[0m[38;2;49;56;238m[48;2;122;169;65m▤[0m[38;2;59;76;218m[48;2;119;172;73m▤[0m[38;2;70;98;195m[48;2;115;170;85m▤[0m[38;2;82;119;170m[48;2;109;164;102m▤[0m[38;2;92;137;146m[48;2;101;153;124m▤[0m
[38;2;99;151;122m[48;2;90;135;145m▤[0m[38;2;106;161;100m[48;2;79;116;168m▤[0m[38;2;112;167;83m[48;2;67;95;193m▤[0m[38;2;116;168;71m[48;2;56;73;215m▤[0m[38;2;119;165;63m[48;2;46;53;235m▤[0m[38;2;122;160;61m[48;2;38;35;253m▤[0m[38;2;125;155;63m[48;2;31;24;12m▤[0m[38;2;128;149;68m[48;2;28;19;22m▤[0m[38;2;131;141;77m[48;2;28;19;28m▤[0m[38;2;135;134;87m[48;2;32;26;31m▤[0m[38;2;139;128;98m[48;2;39;39;30m▤[0m[38;2;143;123;111m[48;2;48;54;26m▤[0m[38;2;146;119;125m[48;2;58;69;22m▤[0m[38;2;149;115;140m[48;2;70;85;18m▤[0m[38;2;151;112;157m[48;2;84;98;14m▤[0m[38;2;152;110;175m[48;2;99;108;10m▤[0m[38;2;152;110;195m[48;2;114;116;7m▤[0m[38;2;151;112;214m[48;2;128;121;6m▤[0m[38;2;148;118;231m[48;2;140;125;9m▤[0m[38;2;142;128;246m[48;2;150;127;15m▤[0m[38;2;132;140;5m[48;2;158;129;23m▤[0m[38;2;119;152;16m[48;2;165;132;33m▤[0m[38;2;103;162;23m[48;2;168;135;43m▤[0m[38;2;83;172;27m[48;2;167;139;55m▤[0m[38;2;60;180;29m[48;2;162;143;67m▤[0m[38;2;32;184;29m[48;2;153;145;80m▤[0m[38;2;4;184;29m[48;2;142;146;90m▤[0m[38;2;230;180;30m[48;2;129;145;98m▤[0m[38;2;200;173;31m[48;2;114;141;105m▤[0m[38;2;174;165;33m[48;2;97;134;110m▤[0m[38;2;150;157;37m[48;2;77;124;113m▤[0m[38;2;133;147;44m[48;2;57;111;115m▤[0m[38;2;123;137;53m[48;2;38;95;116m▤[0m[38;2;119;129;64m[48;2;20;78;118m▤[0m[38;2;122;121;77m[48;2;2;62;120m▤[0m[38;2;132;113;92m[48;2;239;49;122m▤[0m[38;2;149;104;109m[48;2;220;36;124m▤[0m[38;2;172;94;125m[48;2;201;27;125m▤[0m[38;2;198;83;139m[48;2;185;25;125m▤[0m[38;2;222;70;151m[48;2;172;28;124m▤[0m[38;2;244;59;161m[48;2;161;37;123m▤[0m[38;2;6;50;167m[48;2;152;47;120m▤[0m[38;2;16;42;169m[48;2;147;57;117m▤[0m[38;2;19;36;166m[48;2;149;67;113m▤[0m[38;2;16;37;160m[48;2;157;73;111m▤[0m[38;2;6;44;153m[48;2;172;75;112m▤[0m[38;2;245;51;144m[48;2;188;73;117m▤[0m[38;2;227;59;134m[48;2;207;68;124m▤[0m[38;2;205;66;122m[48;2;225;57;132m▤[0m[38;2;186;71;114m[48;2;242;48;141m▤[0m[38;2;170;72;109m[48;2;3;41;150m▤[0m[38;2;156;70;109m[48;2;13;34;157m▤[0m[38;2;147;64;111m[48;2;16;34;163m▤[0m[38;2;146;54;114m[48;2;13;40;165m▤[0m[38;2;151;44;117m[48;2;3;48;164m▤[0m[38;2;159;34;120m[48;2;241;57;158m▤[0m[38;2;170;25;121m[48;2;219;68;148m▤[0m[38;2;183;22;122m[48;2;195;80;136m▤[0m[38;2;199;25;122m[48;2;170;91;122m▤[0m[38;2;218;34;121m[48;2;147;101;106m▤[0m[38;2;237;46;119m[48;2;130;110;89m▤[0m[38;2;0;60;117m[48;2;120;118;74m▤[0m[38;2;18;75;115m[48;2;117;126;61m▤[0m[38;2;36;92;113m[48;2;121;134;50m▤[0m[38;2;55;108;112m[48;2;131;144;41m▤[0m[38;2;74;121;110m[48;2;148;154;35m▤[0m[38;2;94;131;107m[48;2;172;162;31m▤[0m[38;2;111;137;102m[48;2;198;170;29m▤[0m[38;2;126;141;95m[48;2;228;177;28m▤[0m[38;2;139;142;87m[48;2;2;181;27m▤[0m[38;2;150;142;77m[48;2;30;181;27m▤[0m[38;2;158;140;64m[48;2;57;177;26m▤[0m[38;2;163;136;52m[48;2;80;168;24m▤[0m[38;2;164;132;40m[48;2;100;159;20m▤[0m[38;2;161;129;30m[48;2;116;149;13m▤[0m[38;2;155;126;20m[48;2;129;137;2m▤[0m[38;2;147;124;12m[48;2;138;125;243m▤[0m[38;2;137;122;6m[48;2;144;115;228m▤[0m[38;2;125;118;4m[48;2;147;109;211m▤[0m[38;2;111;113;5m[48;2;149;107;192m▤[0m[38;2;96;105;8m[48;2;149;107;172m▤[0m[38;2;81;95;12m[48;2;148;109;154m▤[0m[38;2;67;82;16m[48;2;146;112;138m▤[0m[38;2;55;66;20m[48;2;143;116;123m▤[0m[38;2;45;51;24m[48;2;140;120;109m▤[0m[38;2;36;36;27m[48;2;136;125;96m▤[0m[38;2;29;23;28m[48;2;132;131;85m▤[0m[38;2;25;17;25m[48;2;128;138;75m▤[0m[38;2;25;17;19m[48;2;125;146;66m▤[0m[38;2;29;22;9m[48;2;122;152;61m▤[0m[38;2;36;33;250m[48;2;119;158;59m▤[0m[38;2;44;51;232m[48;2;116;162;62m▤[0m[38;2;54;71;212m[48;2;113;165;69m▤[0m[38;2;64;92;190m[48;2;109;163;81m▤[0m[38;2;76;113;165m[48;2;103;157;98m▤[0m[38;2;86;131;141m[48;2;95;146;119m▤[0m
[38;2;93;144;118m[48;2;84;129;140m▤[0m[38;2;100;154;96m[48;2;73;110;163m▤[0m[38;2;106;160;79m[48;2;61;89;188m▤[0m[38;2;110;161;67m[48;2;51;68;210m▤[0m[38;2;113;158;60m[48;2;41;48;230m▤[0m[38;2;116;154;58m[48;2;33;31;247m▤[0m[38;2;119;149;59m[48;2;26;20;6m▤[0m[38;2;122;143;64m[48;2;23;14;16m▤[0m[38;2;125;135;73m[48;2;23;15;22m▤[0m[38;2;129;128;83m[48;2;27;21;25m▤[0m[38;2;133;122;94m[48;2;34;34;24m▤[0m[38;2;137;117;107m[48;2;43;48;21m▤[0m[38;2;140;113;121m[48;2;53;63;17m▤[0m[38;2;143;109;136m[48;2;65;79;13m▤[0m[38;2;145;106;152m[48;2;78;92;9m▤[0m[38;2;146;104;170m[48;2;93;102;5m▤[0m[38;2;146;104;190m[48;2;108;110;2m▤[0m[38;2;144;107;209m[48;2;122;115;1m▤[0m[38;2;141;113;226m[48;2;134;119;4m▤[0m[38;2;135;122;241m[48;2;144;121;10m▤[0m[38;2;125;134;254m[48;2;152;123;18m▤[0m[38;2;112;146;10m[48;2;158;126;28m▤[0m[38;2;96;156;17m[48;2;161;129;38m▤[0m[38;2;77;165;21m[48;2;160;133;49m▤[0m[38;2;54;173;23m[48;2;155;137;61m▤[0m[38;2;27;177;24m[48;2;146;139;74m▤[0m[38;2;254;177;24m[48;2;135;139;84m▤[0m[38;2;225;173;25m[48;2;123;138;92m▤[0m[38;2;196;166;26m[48;2;108;134;99m▤[0m[38;2;170;159;28m[48;2;91;127;104m▤[0m[38;2;146;151;32m[48;2;71;117;107m▤[0m[38;2;129;141;39m[48;2;52;105;109m▤[0m[38;2;119;131;48m[48;2;33;89;110m▤[0m[38;2;115;123;59m[48;2;15;72;112m▤[0m[38;2;118;115;72m[48;2;252;57;114m▤[0m[38;2;128;107;86m[48;2;234;43;116m▤[0m[38;2;145;98;103m[48;2;215;31;118m▤[0m[38;2;168;88;119m[48;2;196;23;119m▤[0m[38;2;193;77;133m[48;2;181;20;119m▤[0m[38;2;217;65;145m[48;2;168;23;118m▤[0m[38;2;238;54;154m[48;2;157;32;117m▤[0m[38;2;0;45;160m[48;2;148;41;114m▤[0m[38;2;10;37;162m[48;2;143;51;111m▤[0m[38;2;13;32;159m[48;2;145;61;107m▤[0m[38;2;10;32;154m[48;2;153;67;106m▤[0m[38;2;0;38;147m[48;2;167;69;107m▤[0m[38;2;239;45;138m[48;2;184;67;111m▤[0m[38;2;221;53;128m[48;2;202;62;118m▤[0m[38;2;200;60;116m[48;2;220;51;126m▤[0m[38;2;182;65;108m[48;2;237;43;135m▤[0m[38;2;165;66;104m[48;2;252;35;144m▤[0m[38;2;152;64;103m[48;2;7;29;151m▤[0m[38;2;143;58;105m[48;2;10;29;156m▤[0m[38;2;142;48;108m[48;2;7;35;158m▤[0m[38;2;147;38;111m[48;2;252;43;157m▤[0m[38;2;155;29;114m[48;2;235;52;151m▤[0m[38;2;166;20;115m[48;2;214;62;141m▤[0m[38;2;179;17;116m[48;2;190;74;130m▤[0m[38;2;194;20;116m[48;2;165;85;116m▤[0m[38;2;213;29;115m[48;2;143;95;100m▤[0m[38;2;232;41;113m[48;2;126;104;83m▤[0m[38;2;250;55;111m[48;2;116;112;69m▤[0m[38;2;13;70;109m[48;2;114;120;56m▤[0m[38;2;31;86;107m[48;2;117;128;45m▤[0m[38;2;49;102;106m[48;2;127;138;36m▤[0m[38;2;68;114;104m[48;2;144;148;30m▤[0m[38;2;88;124;101m[48;2;168;156;26m▤[0m[38;2;105;131;96m[48;2;194;163;24m▤[0m[38;2;120;134;89m[48;2;223;170;23m▤[0m[38;2;133;136;81m[48;2;252;174;22m▤[0m[38;2;143;136;71m[48;2;24;174;21m▤[0m[38;2;151;134;58m[48;2;51;170;20m▤[0m[38;2;156;130;46m[48;2;74;162;18m▤[0m[38;2;157;126;35m[48;2;93;153;14m▤[0m[38;2;154;123;25m[48;2;109;143;7m▤[0m[38;2;148;120;15m[48;2;122;131;251m▤[0m[38;2;140;118;7m[48;2;131;119;238m▤[0m[38;2;131;116;1m[48;2;137;110;223m▤[0m[38;2;119;112;254m[48;2;141;104;206m▤[0m[38;2;105;107;0m[48;2;143;101;187m▤[0m[38;2;90;99;3m[48;2;143;101;167m▤[0m[38;2;75;89;7m[48;2;142;103;150m▤[0m[38;2;62;76;11m[48;2;140;106;134m▤[0m[38;2;50;60;15m[48;2;137;110;119m▤[0m[38;2;40;45;18m[48;2;134;114;105m▤[0m[38;2;31;31;21m[48;2;130;119;92m▤[0m[38;2;24;19;22m[48;2;126;125;81m▤[0m[38;2;20;13;19m[48;2;122;132;71m▤[0m[38;2;20;12;13m[48;2;119;140;62m▤[0m[38;2;24;17;3m[48;2;116;146;57m▤[0m[38;2;31;29;244m[48;2;113;151;56m▤[0m[38;2;39;46;227m[48;2;110;155;59m▤[0m[38;2;48;65;207m[48;2;107;158;66m▤[0m[38;2;59;86;185m[48;2;103;156;78m▤[0m[38;2;70;107;160m[48;2;97;150;94m▤[0m[38;2;80;124;137m[48;2;89;139;115m▤[0m
[38;2;87;137;114m[48;2;78;122;136m▤[0m[38;2;94;147;92m[48;2;67;104;159m▤[0m[38;2;100;153;76m[48;2;56;83;183m▤[0m[38;2;104;154;64m[48;2;45;62;205m▤[0m[38;2;107;152;57m[48;2;36;43;224m▤[0m[38;2;110;148;54m[48;2;28;26;241m▤[0m[38;2;113;143;55m[48;2;21;15;0m▤[0m[38;2;116;137;60m[48;2;18;10;10m▤[0m[38;2;119;129;69m[48;2;18;10;16m▤[0m[38;2;123;122;79m[48;2;22;17;19m▤[0m[38;2;127;116;90m[48;2;29;29;18m▤[0m[38;2;131;111;103m[48;2;38;43;15m▤[0m[38;2;134;107;117m[48;2;48;58;12m▤[0m[38;2;137;103;132m[48;2;59;73;8m▤[0m[38;2;139;100;148m[48;2;72;86;4m▤[0m[38;2;140;98;165m[48;2;87;96;0m▤[0m[38;2;140;98;185m[48;2;102;104;252m▤[0m[38;2;138;101;204m[48;2;116;109;251m▤[0m[38;2;134;107;221m[48;2;128;113;254m▤[0m[38;2;128;116;236m[48;2;137;115;5m▤[0m[38;2;118;128;248m[48;2;145;117;13m▤[0m[38;2;106;140;4m[48;2;151;120;23m▤[0m[38;2;90;150;11m[48;2;154;123;33m▤[0m[38;2;71;159;15m[48;2;153;127;44m▤[0m[38;2;48;166;17m[48;2;148;131;56m▤[0m[38;2;21;170;18m[48;2;139;133;68m▤[0m[38;2;249;170;19m[48;2;129;133;78m▤[0m[38;2;220;166;20m[48;2;117;131;86m▤[0m[38;2;191;160;21m[48;2;102;127;93m▤[0m[38;2;165;153;23m[48;2;85;120;98m▤[0m[38;2;142;145;27m[48;2;65;111;101m▤[0m[38;2;125;135;34m[48;2;46;99;103m▤[0m[38;2;115;125;43m[48;2;28;83;104m▤[0m[38;2;112;117;54m[48;2;10;67;106m▤[0m[38;2;115;109;66m[48;2;247;52;108m▤[0m[38;2;125;101;81m[48;2;229;38;110m▤[0m[38;2;141;92;97m[48;2;210;26;112m▤[0m[38;2;164;82;113m[48;2;192;18;113m▤[0m[38;2;188;71;127m[48;2;177;15;113m▤[0m[38;2;212;59;138m[48;2;164;18;112m▤[0m[38;2;232;49;147m[48;2;153;27;111m▤[0m[38;2;249;40;153m[48;2;144;36;108m▤[0m[38;2;4;32;155m[48;2;139;45;105m▤[0m[38;2;7;27;152m[48;2;141;55;102m▤[0m[38;2;4;27;147m[48;2;149;61;100m▤[0m[38;2;249;33;140m[48;2;163;63;101m▤[0m[38;2;234;40;132m[48;2;179;61;105m▤[0m[38;2;216;47;122m[48;2;197;56;112m▤[0m[38;2;195;54;110m[48;2;215;46;120m▤[0m[38;2;177;59;103m[48;2;232;37;129m▤[0m[38;2;161;60;99m[48;2;246;30;137m▤[0m[38;2;148;58;98m[48;2;1;24;144m▤[0m[38;2;139;52;99m[48;2;4;24;149m▤[0m[38;2;138;42;102m[48;2;1;30;151m▤[0m[38;2;143;33;105m[48;2;246;38;150m▤[0m[38;2;151;24;108m[48;2;229;47;144m▤[0m[38;2;162;15;109m[48;2;209;57;135m▤[0m[38;2;175;12;110m[48;2;185;68;124m▤[0m[38;2;190;15;110m[48;2;161;79;110m▤[0m[38;2;208;24;109m[48;2;139;89;94m▤[0m[38;2;227;36;107m[48;2;123;98;78m▤[0m[38;2;245;50;105m[48;2;113;106;63m▤[0m[38;2;8;64;103m[48;2;110;114;51m▤[0m[38;2;26;80;101m[48;2;114;122;40m▤[0m[38;2;44;96;100m[48;2;124;132;31m▤[0m[38;2;62;108;98m[48;2;140;142;25m▤[0m[38;2;82;117;95m[48;2;164;150;21m▤[0m[38;2;99;124;90m[48;2;189;157;19m▤[0m[38;2;114;128;83m[48;2;218;163;18m▤[0m[38;2;126;130;75m[48;2;246;167;17m▤[0m[38;2;136;130;65m[48;2;18;167;16m▤[0m[38;2;144;128;53m[48;2;45;163;14m▤[0m[38;2;149;124;41m[48;2;68;156;12m▤[0m[38;2;150;120;30m[48;2;87;147;8m▤[0m[38;2;147;117;20m[48;2;103;137;1m▤[0m[38;2;141;114;10m[48;2;115;125;245m▤[0m[38;2;134;112;2m[48;2;124;113;233m▤[0m[38;2;125;110;251m[48;2;131;104;218m▤[0m[38;2;113;106;249m[48;2;135;98;201m▤[0m[38;2;99;101;250m[48;2;137;95;182m▤[0m[38;2;84;93;253m[48;2;137;95;163m▤[0m[38;2;69;83;2m[48;2;136;97;146m▤[0m[38;2;56;70;6m[48;2;134;100;130m▤[0m[38;2;45;55;9m[48;2;131;104;115m▤[0m[38;2;35;40;12m[48;2;128;108;101m▤[0m[38;2;26;26;15m[48;2;124;113;88m▤[0m[38;2;19;14;16m[48;2;120;119;77m▤[0m[38;2;15;8;13m[48;2;116;126;67m▤[0m[38;2;15;8;7m[48;2;113;134;58m▤[0m[38;2;19;13;252m[48;2;110;140;53m▤[0m[38;2;26;24;238m[48;2;107;145;52m▤[0m[38;2;34;41;221m[48;2;104;149;55m▤[0m[38;2;43;60;202m[48;2;101;151;63m▤[0m[38;2;53;80;180m[48;2;97;149;74m▤[0m[38;2;64;101;156m[48;2;91;143;90m▤[0m[38;2;74;118;133m[48;2;83;132;111m▤[0m
[38;2;81;130;110m[48;2;72;116;132m▤[0m[38;2;88;140;89m[48;2;61;98;154m▤[0m[38;2;94;146;72m[48;2;50;77;178m▤[0m[38;2;98;147;61m[48;2;40;57;200m▤[0m[38;2;101;145;54m[48;2;31;38;219m▤[0m[38;2;104;142;51m[48;2;23;21;235m▤[0m[38;2;107;137;52m[48;2;16;10;249m▤[0m[38;2;110;131;57m[48;2;13;5;4m▤[0m[38;2;113;123;65m[48;2;13;6;10m▤[0m[38;2;117;116;75m[48;2;17;12;13m▤[0m[38;2;121;110;86m[48;2;24;24;12m▤[0m[38;2;125;105;99m[48;2;33;38;9m▤[0m[38;2;128;101;113m[48;2;43;52;6m▤[0m[38;2;131;97;128m[48;2;54;67;3m▤[0m[38;2;133;94;144m[48;2;67;80;254m▤[0m[38;2;134;92;161m[48;2;81;90;250m▤[0m[38;2;134;92;180m[48;2;96;98;247m▤[0m[38;2;132;95;199m[48;2;110;103;246m▤[0m[38;2;128;101;216m[48;2;122;107;249m▤[0m[38;2;121;110;230m[48;2;131;109;0m▤[0m[38;2;112;122;242m[48;2;138;111;8m▤[0m[38;2;100;134;253m[48;2;144;114;18m▤[0m[38;2;84;144;5m[48;2;147;117;28m▤[0m[38;2;65;153;9m[48;2;146;121;39m▤[0m[38;2;42;159;11m[48;2;141;125;50m▤[0m[38;2;15;163;13m[48;2;133;127;62m▤[0m[38;2;243;163;14m[48;2;123;127;72m▤[0m[38;2;215;159;15m[48;2;111;125;80m▤[0m[38;2;187;154;16m[48;2;96;121;87m▤[0m[38;2;161;147;18m[48;2;79;114;92m▤[0m[38;2;138;139;22m[48;2;59;105;95m▤[0m[38;2;122;129;29m[48;2;41;93;97m▤[0m[38;2;112;119;38m[48;2;23;77;98m▤[0m[38;2;109;111;49m[48;2;5;61;100m▤[0m[38;2;112;103;61m[48;2;242;47;102m▤[0m[38;2;121;95;75m[48;2;224;33;104m▤[0m[38;2;137;86;91m[48;2;205;21;106m▤[0m[38;2;159;76;107m[48;2;188;13;107m▤[0m[38;2;183;65;121m[48;2;173;10;107m▤[0m[38;2;206;54;132m[48;2;160;13;106m▤[0m[38;2;226;44;140m[48;2;149;22;105m▤[0m[38;2;243;35;146m[48;2;140;31;102m▤[0m[38;2;253;27;148m[48;2;136;40;99m▤[0m[38;2;1;22;145m[48;2;137;49;96m▤[0m[38;2;253;22;140m[48;2;145;55;95m▤[0m[38;2;243;28;134m[48;2;159;57;96m▤[0m[38;2;228;34;126m[48;2;175;55;100m▤[0m[38;2;211;42;116m[48;2;192;50;106m▤[0m[38;2;190;48;105m[48;2;210;40;114m▤[0m[38;2;172;53;98m[48;2;226;32;123m▤[0m[38;2;157;54;94m[48;2;240;25;131m▤[0m[38;2;144;52;92m[48;2;250;19;137m▤[0m[38;2;136;46;93m[48;2;253;19;142m▤[0m[38;2;134;37;96m[48;2;250;25;144m▤[0m[38;2;139;28;99m[48;2;240;33;143m▤[0m[38;2;147;19;102m[48;2;223;42;137m▤[0m[38;2;158;10;103m[48;2;203;52;129m▤[0m[38;2;171;8;104m[48;2;180;62;118m▤[0m[38;2;186;11;104m[48;2;157;73;104m▤[0m[38;2;203;19;103m[48;2;135;83;88m▤[0m[38;2;222;31;101m[48;2;119;92;72m▤[0m[38;2;240;44;99m[48;2;110;100;58m▤[0m[38;2;3;59;97m[48;2;107;108;46m▤[0m[38;2;21;74;95m[48;2;111;116;35m▤[0m[38;2;38;90;94m[48;2;120;126;26m▤[0m[38;2;57;102;92m[48;2;137;136;20m▤[0m[38;2;76;111;89m[48;2;160;144;16m▤[0m[38;2;93;118;84m[48;2;185;151;14m▤[0m[38;2;108;122;77m[48;2;213;156;13m▤[0m[38;2;120;124;69m[48;2;241;160;12m▤[0m[38;2;130;124;59m[48;2;13;160;10m▤[0m[38;2;137;122;47m[48;2;39;156;9m▤[0m[38;2;142;118;36m[48;2;62;149;6m▤[0m[38;2;143;114;25m[48;2;81;141;2m▤[0m[38;2;140;111;15m[48;2;97;131;250m▤[0m[38;2;135;108;5m[48;2;109;119;239m▤[0m[38;2;128;106;252m[48;2;118;107;227m▤[0m[38;2;119;104;246m[48;2;125;98;213m▤[0m[38;2;107;100;244m[48;2;129;92;196m▤[0m[38;2;93;95;245m[48;2;131;89;177m▤[0m[38;2;78;87;248m[48;2;131;89;159m▤[0m[38;2;64;77;252m[48;2;130;91;142m▤[0m[38;2;51;64;1m[48;2;128;94;126m▤[0m[38;2;40;49;4m[48;2;125;98;111m▤[0m[38;2;30;35;7m[48;2;122;102;97m▤[0m[38;2;21;21;9m[48;2;118;107;84m▤[0m[38;2;14;9;10m[48;2;114;113;73m▤[0m[38;2;10;4;7m[48;2;110;120;63m▤[0m[38;2;10;3;1m[48;2;107;128;55m▤[0m[38;2;14;8;246m[48;2;104;134;50m▤[0m[38;2;21;19;232m[48;2;101;139;49m▤[0m[38;2;29;36;216m[48;2;98;142;52m▤[0m[38;2;38;55;197m[48;2;95;144;59m▤[0m[38;2;48;74;175m[48;2;91;142;70m▤[0m[38;2;58;95;151m[48;2;85;136;87m▤[0m[38;2;68;111;129m[48;2;77;125;107m▤[0m
[38;2;75;123;106m[48;2;66;109;128m▤[0m[38;2;82;133;85m[48;2;55;92;150m▤[0m[38;2;88;139;69m[48;2;45;71;173m▤[0m[38;2;92;140;58m[48;2;35;52;195m▤[0m[38;2;95;139;51m[48;2;26;33;214m▤[0m[38;2;98;136;48m[48;2;18;16;230m▤[0m[38;2;101;131;49m[48;2;11;6;243m▤[0m[38;2;104;125;53m[48;2;8;1;253m▤[0m[38;2;107;117;61m[48;2;8;2;4m▤[0m[38;2;111;110;71m[48;2;12;8;7m▤[0m[38;2;115;104;82m[48;2;19;19;6m▤[0m[38;2;119;99;95m[48;2;28;33;4m▤[0m[38;2;122;95;109m[48;2;38;47;1m▤[0m[38;2;125;91;124m[48;2;49;61;253m▤[0m[38;2;127;88;140m[48;2;61;74;249m▤[0m[38;2;128;86;157m[48;2;75;84;245m▤[0m[38;2;128;86;175m[48;2;90;92;242m▤[0m[38;2;126;89;194m[48;2;104;97;241m▤[0m[38;2;122;95;211m[48;2;116;101;244m▤[0m[38;2;115;104;225m[48;2;125;103;250m▤[0m[38;2;106;116;237m[48;2;132;105;3m▤[0m[38;2;94;128;247m[48;2;137;108;13m▤[0m[38;2;78;138;254m[48;2;140;111;23m▤[0m[38;2;59;146;3m[48;2;139;115;34m▤[0m[38;2;36;152;6m[48;2;134;119;45m▤[0m[38;2;10;156;8m[48;2;127;121;56m▤[0m[38;2;238;156;9m[48;2;117;121;66m▤[0m[38;2;210;153;10m[48;2;105;119;74m▤[0m[38;2;182;148;11m[48;2;90;115;81m▤[0m[38;2;157;141;13m[48;2;73;108;86m▤[0m[38;2;135;133;17m[48;2;54;99;89m▤[0m[38;2;118;123;24m[48;2;35;87;91m▤[0m[38;2;109;113;33m[48;2;18;71;92m▤[0m[38;2;106;105;44m[48;2;0;56;94m▤[0m[38;2;109;97;56m[48;2;237;41;96m▤[0m[38;2;118;89;70m[48;2;219;28;98m▤[0m[38;2;133;80;85m[48;2;200;16;100m▤[0m[38;2;155;70;101m[48;2;183;8;101m▤[0m[38;2;178;59;115m[48;2;168;6;101m▤[0m[38;2;201;49;126m[48;2;156;9;100m▤[0m[38;2;220;39;134m[48;2;145;17;99m▤[0m[38;2;237;30;139m[48;2;136;26;96m▤[0m[38;2;247;22;141m[48;2;132;34;93m▤[0m[38;2;250;17;138m[48;2;134;43;90m▤[0m[38;2;247;17;134m[48;2;141;49;89m▤[0m[38;2;237;23;128m[48;2;155;51;91m▤[0m[38;2;223;29;120m[48;2;170;49;95m▤[0m[38;2;206;36;110m[48;2;187;44;101m▤[0m[38;2;185;42;99m[48;2;205;34;108m▤[0m[38;2;168;47;92m[48;2;221;27;117m▤[0m[38;2;153;48;88m[48;2;234;20;125m▤[0m[38;2;140;46;86m[48;2;244;14;131m▤[0m[38;2;132;40;87m[48;2;247;14;135m▤[0m[38;2;130;31;90m[48;2;244;20;137m▤[0m[38;2;135;23;93m[48;2;234;28;136m▤[0m[38;2;143;14;96m[48;2;217;37;131m▤[0m[38;2;154;6;97m[48;2;198;46;123m▤[0m[38;2;166;4;98m[48;2;175;56;112m▤[0m[38;2;181;6;98m[48;2;152;67;98m▤[0m[38;2;198;14;97m[48;2;131;77;82m▤[0m[38;2;217;26;95m[48;2;116;86;67m▤[0m[38;2;235;39;93m[48;2;107;94;53m▤[0m[38;2;253;53;91m[48;2;104;102;41m▤[0m[38;2;15;68;89m[48;2;107;110;30m▤[0m[38;2;33;84;88m[48;2;117;120;21m▤[0m[38;2;51;96;86m[48;2;133;130;15m▤[0m[38;2;70;105;83m[48;2;156;138;11m▤[0m[38;2;87;112;78m[48;2;181;145;9m▤[0m[38;2;102;116;71m[48;2;208;150;8m▤[0m[38;2;114;118;63m[48;2;236;153;7m▤[0m[38;2;124;118;53m[48;2;8;153;5m▤[0m[38;2;131;116;42m[48;2;33;149;3m▤[0m[38;2;135;112;31m[48;2;56;143;0m▤[0m[38;2;136;108;20m[48;2;75;135;251m▤[0m[38;2;134;105;10m[48;2;91;125;244m▤[0m[38;2;129;102;0m[48;2;103;113;234m▤[0m[38;2;122;100;247m[48;2;112;101;222m▤[0m[38;2;113;98;241m[48;2;119;92;208m▤[0m[38;2;101;94;239m[48;2;123;86;191m▤[0m[38;2;87;89;240m[48;2;125;84;172m▤[0m[38;2;72;81;243m[48;2;125;84;154m▤[0m[38;2;58;71;247m[48;2;124;85;138m▤[0m[38;2;46;58;251m[48;2;122;88;122m▤[0m[38;2;35;44;254m[48;2;119;92;107m▤[0m[38;2;25;30;2m[48;2;116;96;93m▤[0m[38;2;16;16;4m[48;2;112;101;80m▤[0m[38;2;9;5;4m[48;2;108;107;69m▤[0m[38;2;5;254;1m[48;2;104;114;59m▤[0m[38;2;5;254;250m[48;2;101;122;51m▤[0m[38;2;9;4;240m[48;2;98;128;47m▤[0m[38;2;16;14;227m[48;2;95;133;46m▤[0m[38;2;24;31;211m[48;2;92;136;49m▤[0m[38;2;33;49;192m[48;2;89;137;56m▤[0m[38;2;42;68;170m[48;2;85;135;67m▤[0m[38;2;52;88;147m[48;2;79;129;83m▤[0m[38;2;62;105;125m[48;2;71;118;103m▤[0m
[38;2;69;116;102m[48;2;60;103;124m▤[0m[38;2;76;126;81m[48;2;49;85;145m▤[0m[38;2;82;132;65m[48;2;39;65;168m▤[0m[38;2;86;134;54m[48;2;30;46;190m▤[0m[38;2;89;133;47m[48;2;21;28;209m▤[0m[38;2;92;130;44m[48;2;13;12;224m▤[0m[38;2;95;125;45m[48;2;6;2;237m▤[0m[38;2;98;119;49m[48;2;3;252;247m▤[0m[38;2;101;111;57m[48;2;3;252;253m▤[0m[38;2;105;104;67m[48;2;7;3;1m▤[0m[38;2;109;98;78m[48;2;14;14;1m▤[0m[38;2;113;93;91m[48;2;23;28;254m▤[0m[38;2;116;89;105m[48;2;33;41;251m▤[0m[38;2;119;85;120m[48;2;44;55;248m▤[0m[38;2;121;82;136m[48;2;56;68;244m▤[0m[38;2;122;81;152m[48;2;69;78;240m▤[0m[38;2;122;81;170m[48;2;84;86;237m▤[0m[38;2;120;84;189m[48;2;98;91;236m▤[0m[38;2;116;90;206m[48;2;110;95;239m▤[0m[38;2;109;99;220m[48;2;119;97;245m▤[0m[38;2;100;110;232m[48;2;126;99;253m▤[0m[38;2;88;122;241m[48;2;131;102;8m▤[0m[38;2;72;132;248m[48;2;133;105;18m▤[0m[38;2;53;140;252m[48;2;132;109;29m▤[0m[38;2;30;146;0m[48;2;128;113;39m▤[0m[38;2;5;149;2m[48;2;121;115;50m▤[0m[38;2;233;149;4m[48;2;111;115;60m▤[0m[38;2;205;146;5m[48;2;99;113;68m▤[0m[38;2;178;141;6m[48;2;84;109;75m▤[0m[38;2;153;135;8m[48;2;67;102;80m▤[0m[38;2;131;127;12m[48;2;48;93;83m▤[0m[38;2;115;117;19m[48;2;30;81;85m▤[0m[38;2;106;107;28m[48;2;12;65;86m▤[0m[38;2;103;99;39m[48;2;250;50;88m▤[0m[38;2;106;91;51m[48;2;232;36;90m▤[0m[38;2;114;83;64m[48;2;214;23;92m▤[0m[38;2;129;74;79m[48;2;195;11;94m▤[0m[38;2;150;64;95m[48;2;178;4;95m▤[0m[38;2;173;53;109m[48;2;164;2;95m▤[0m[38;2;195;43;120m[48;2;152;4;94m▤[0m[38;2;214;34;128m[48;2;141;12;93m▤[0m[38;2;231;25;133m[48;2;132;20;90m▤[0m[38;2;241;17;134m[48;2;128;29;87m▤[0m[38;2;244;12;132m[48;2;130;37;84m▤[0m[38;2;241;12;128m[48;2;138;43;84m▤[0m[38;2;231;18;122m[48;2;151;45;85m▤[0m[38;2;217;24;114m[48;2;166;43;89m▤[0m[38;2;201;31;104m[48;2;182;38;95m▤[0m[38;2;181;36;93m[48;2;200;29;102m▤[0m[38;2;164;41;86m[48;2;215;22;111m▤[0m[38;2;149;42;82m[48;2;228;15;119m▤[0m[38;2;136;40;81m[48;2;238;9;125m▤[0m[38;2;128;34;82m[48;2;241;9;129m▤[0m[38;2;126;26;84m[48;2;238;15;131m▤[0m[38;2;131;17;87m[48;2;228;23;129m▤[0m[38;2;139;9;90m[48;2;212;32;124m▤[0m[38;2;150;2;91m[48;2;192;41;116m▤[0m[38;2;162;254;92m[48;2;170;51;106m▤[0m[38;2;176;2;92m[48;2;148;61;92m▤[0m[38;2;193;9;91m[48;2;127;71;76m▤[0m[38;2;212;21;89m[48;2;112;80;61m▤[0m[38;2;230;34;87m[48;2;104;88;48m▤[0m[38;2;248;48;85m[48;2;101;96;36m▤[0m[38;2;10;62;83m[48;2;104;104;25m▤[0m[38;2;28;78;82m[48;2;114;114;16m▤[0m[38;2;46;90;80m[48;2;130;124;10m▤[0m[38;2;64;99;77m[48;2;152;132;6m▤[0m[38;2;81;106;72m[48;2;176;138;4m▤[0m[38;2;96;110;65m[48;2;203;143;3m▤[0m[38;2;108;112;57m[48;2;231;146;2m▤[0m[38;2;118;112;47m[48;2;2;146;0m▤[0m[38;2;125;110;36m[48;2;27;142;253m▤[0m[38;2;129;106;26m[48;2;50;136;250m▤[0m[38;2;130;102;15m[48;2;69;129;245m▤[0m[38;2;128;99;5m[48;2;85;119;238m▤[0m[38;2;123;96;250m[48;2;97;107;229m▤[0m[38;2;116;94;242m[48;2;106;96;217m▤[0m[38;2;107;92;236m[48;2;113;87;203m▤[0m[38;2;95;88;234m[48;2;117;81;186m▤[0m[38;2;81;83;235m[48;2;119;79;167m▤[0m[38;2;66;75;238m[48;2;119;78;150m▤[0m[38;2;53;65;242m[48;2;118;79;134m▤[0m[38;2;41;52;246m[48;2;116;82;118m▤[0m[38;2;30;38;249m[48;2;113;86;103m▤[0m[38;2;20;25;252m[48;2;110;90;89m▤[0m[38;2;11;11;253m[48;2;106;95;76m▤[0m[38;2;4;0;253m[48;2;102;101;65m▤[0m[38;2;0;250;250m[48;2;98;108;55m▤[0m[38;2;0;250;244m[48;2;95;116;47m▤[0m[38;2;4;0;234m[48;2;92;122;43m▤[0m[38;2;11;10;221m[48;2;89;127;42m▤[0m[38;2;19;26;206m[48;2;86;130;45m▤[0m[38;2;28;44;187m[48;2;83;131;52m▤[0m[38;2;37;62;165m[48;2;79;128;64m▤[0m[38;2;46;82;142m[48;2;73;122;79m▤[0m[38;2;56;98;120m[48;2;65;111;99m▤[0m